名称,日期,开盘,收盘,最高,最低,成交量,成交额,振幅,涨跌幅,涨跌额,换手率
荣盛发展,2007-08-08,3.08,3.32,4.3,3.08,352419,1861702671.29,-99.19,369.92,4.55,62.93
荣盛发展,2007-08-09,3.1,2.75,3.21,2.75,121690,573117630.56,13.86,-17.17,-0.57,21.73
荣盛发展,2007-08-10,2.66,2.82,2.9,2.53,81821,377095890.3,13.45,2.55,0.07,14.61
荣盛发展,2007-08-13,2.68,2.37,2.68,2.36,67178,293704337.56,11.35,-15.96,-0.45,12.0
荣盛发展,2007-08-14,2.38,2.53,2.6,2.38,35929,158289095.66,9.28,6.75,0.16,6.42
荣盛发展,2007-08-15,2.55,2.4,2.61,2.32,44069,191212149.23,11.46,-5.14,-0.13,7.87
荣盛发展,2007-08-16,2.38,2.55,2.73,2.2,61704,270291153.06,22.08,6.25,0.15,11.02
荣盛发展,2007-08-17,2.55,2.24,2.55,2.24,37487,160562301.51,12.16,-12.16,-0.31,6.69
荣盛发展,2007-08-20,2.33,2.35,2.49,2.26,32293,138144246.11,10.27,4.91,0.11,5.77
荣盛发展,2007-08-21,2.32,2.27,2.34,2.22,38809,162818362.48,5.11,-3.4,-0.08,6.93
荣盛发展,2007-08-22,2.22,2.24,2.3,2.17,32065,133556139.55,5.73,-1.32,-0.03,5.73
荣盛发展,2007-08-23,2.24,2.3,2.43,2.24,31689,135248862.72,8.48,2.68,0.06,5.66
荣盛发展,2007-08-24,2.26,2.36,2.41,2.18,36197,152733444.66,10.0,2.61,0.06,6.46
荣盛发展,2007-08-27,2.36,2.32,2.36,2.26,21132,89145734.63,4.24,-1.69,-0.04,3.77
荣盛发展,2007-08-28,2.26,2.17,2.32,2.03,29885,122651059.82,12.5,-6.47,-0.15,5.34
荣盛发展,2007-08-29,2.08,2.06,2.26,2.03,22526,91628151.7,10.6,-5.07,-0.11,4.02
荣盛发展,2007-08-30,2.11,2.09,2.15,2.03,21209,85700614.14,5.83,1.46,0.03,3.79
荣盛发展,2007-08-31,2.06,2.12,2.2,2.06,14677,60123169.4,6.7,1.44,0.03,2.62
荣盛发展,2007-09-03,2.16,2.13,2.2,2.06,25120,102307210.79,6.6,0.47,0.01,4.49
荣盛发展,2007-09-05,2.12,1.9,2.13,1.89,36285,143235261.82,11.27,-10.8,-0.23,6.48
荣盛发展,2007-09-06,1.93,1.83,1.97,1.8,32146,123572978.86,8.95,-3.68,-0.07,5.74
荣盛发展,2007-09-07,1.79,1.61,1.82,1.6,30341,112771738.39,12.02,-12.02,-0.22,5.42
荣盛发展,2007-09-10,1.53,1.55,1.59,1.42,27784,98717286.53,10.56,-3.73,-0.06,4.96
荣盛发展,2007-09-11,1.53,1.13,1.54,1.13,31825,109941825.91,26.45,-27.1,-0.42,5.68
荣盛发展,2007-09-12,1.15,1.5,1.52,0.92,50904,168520592.12,53.1,32.74,0.37,9.09
荣盛发展,2007-09-13,1.4,1.44,1.53,1.36,26193,91680182.76,11.33,-4.0,-0.06,4.68
荣盛发展,2007-09-14,1.42,1.57,1.62,1.41,28725,103389545.48,14.58,9.03,0.13,5.13
荣盛发展,2007-09-17,1.56,1.64,1.69,1.49,26371,95959302.96,12.74,4.46,0.07,4.71
荣盛发展,2007-09-18,1.65,1.46,1.66,1.3,23555,84522207.64,21.95,-10.98,-0.18,4.21
荣盛发展,2007-09-19,1.46,1.25,1.46,1.24,16442,56229372.2,15.07,-14.38,-0.21,2.94
荣盛发展,2007-09-20,1.26,1.24,1.36,1.22,12387,41585201.05,11.2,-0.8,-0.01,2.21
荣盛发展,2007-09-21,1.25,1.12,1.29,1.05,11420,36991921.52,19.35,-9.68,-0.12,2.04
荣盛发展,2007-09-24,1.11,1.22,1.29,0.97,20717,67910165.6,28.57,8.93,0.1,3.7
荣盛发展,2007-09-25,1.21,1.19,1.29,1.13,8947,29797503.22,13.11,-2.46,-0.03,1.6
荣盛发展,2007-09-26,1.21,1.11,1.24,1.06,6937,22441226.91,15.13,-6.72,-0.08,1.24
荣盛发展,2007-09-27,1.07,1.15,1.18,1.01,7840,25377833.58,15.32,3.6,0.04,1.4
荣盛发展,2007-09-28,1.17,1.42,1.46,1.17,23858,81983186.84,25.22,23.48,0.27,4.26
荣盛发展,2007-10-08,1.53,1.55,1.7,1.43,25673,93294499.25,19.01,9.15,0.13,4.58
荣盛发展,2007-10-09,1.49,1.49,1.58,1.45,17270,61769029.01,8.39,-3.87,-0.06,3.08
荣盛发展,2007-10-10,1.48,1.54,1.66,1.45,15716,56517842.38,14.09,3.36,0.05,2.81
荣盛发展,2007-10-11,1.54,1.51,1.55,1.4,14906,52469987.56,9.74,-1.95,-0.03,2.66
荣盛发展,2007-10-12,1.5,1.3,1.5,1.13,13752,46492045.94,24.5,-13.91,-0.21,2.46
荣盛发展,2007-10-15,1.2,1.24,1.32,1.13,11464,38076748.41,14.62,-4.62,-0.06,2.05
荣盛发展,2007-10-16,1.25,1.27,1.41,1.24,9106,31038205.28,13.71,2.42,0.03,1.63
荣盛发展,2007-10-17,1.27,1.19,1.31,1.17,7119,23655749.98,11.02,-6.3,-0.08,1.27
荣盛发展,2007-10-18,1.17,1.24,1.24,1.08,11181,36513511.56,13.45,4.2,0.05,2.0
荣盛发展,2007-10-19,1.25,1.48,1.58,1.22,22298,77740274.88,29.03,19.35,0.24,3.98
荣盛发展,2007-10-22,1.38,1.4,1.6,1.34,14408,51082580.43,17.57,-5.41,-0.08,2.57
荣盛发展,2007-10-23,1.42,1.52,1.54,1.36,15064,53501535.64,12.86,8.57,0.12,2.69
荣盛发展,2007-10-24,1.56,1.47,1.63,1.44,21793,78496198.93,12.5,-3.29,-0.05,3.89
荣盛发展,2007-10-25,1.35,1.23,1.42,1.14,21637,72843987.09,19.05,-16.33,-0.24,3.86
荣盛发展,2007-10-26,1.19,1.22,1.33,1.19,16812,56740203.25,11.38,-0.81,-0.01,3.0
荣盛发展,2007-10-29,1.22,1.3,1.41,1.22,8576,29115186.75,15.57,6.56,0.08,1.53
荣盛发展,2007-10-30,1.38,1.23,1.38,1.19,7935,26601271.79,14.62,-5.38,-0.07,1.42
荣盛发展,2007-10-31,1.3,1.48,1.53,1.24,18583,64809648.95,23.58,20.33,0.25,3.32
荣盛发展,2007-11-01,1.49,1.72,1.85,1.4,48735,181567152.63,30.41,16.22,0.24,8.7
荣盛发展,2007-11-02,1.64,1.77,1.97,1.6,49509,190883796.68,21.51,2.91,0.05,8.84
荣盛发展,2007-11-05,1.78,1.89,1.96,1.69,29052,111692081.82,15.25,6.78,0.12,5.19
荣盛发展,2007-11-06,1.87,1.65,1.89,1.59,22115,82711129.81,15.87,-12.7,-0.24,3.95
荣盛发展,2007-11-07,1.66,1.78,1.78,1.55,20279,75366502.0,13.94,7.88,0.13,3.62
荣盛发展,2007-11-08,1.66,1.32,1.66,1.32,53399,187339072.76,19.1,-25.84,-0.46,7.63
荣盛发展,2007-11-09,1.18,0.99,1.2,0.92,50651,161351088.56,21.21,-25.0,-0.33,7.24
荣盛发展,2007-11-12,0.82,0.95,1.06,0.7,26394,80887797.5,36.36,-4.04,-0.04,3.77
荣盛发展,2007-11-13,1.0,0.94,1.05,0.87,21396,66554872.13,18.95,-1.05,-0.01,3.06
荣盛发展,2007-11-14,0.96,0.98,1.04,0.84,25198,78106370.78,21.28,4.26,0.04,3.6
荣盛发展,2007-11-15,0.98,1.17,1.17,0.95,24227,78043680.65,22.45,19.39,0.19,3.46
荣盛发展,2007-11-16,1.07,1.25,1.28,1.06,23972,78944756.73,18.8,6.84,0.08,3.42
荣盛发展,2007-11-19,1.44,1.38,1.54,1.36,38028,134416396.79,14.4,10.4,0.13,5.43
荣盛发展,2007-11-20,1.35,1.49,1.5,1.33,22042,77604663.38,12.32,7.97,0.11,3.15
荣盛发展,2007-11-21,1.52,1.66,1.78,1.42,39229,143526411.94,24.16,11.41,0.17,5.6
荣盛发展,2007-11-22,1.58,1.41,1.69,1.34,27395,99050437.57,21.08,-15.06,-0.25,3.91
荣盛发展,2007-11-23,1.36,1.42,1.48,1.27,14950,51825310.51,14.89,0.71,0.01,2.14
荣盛发展,2007-11-26,1.46,1.19,1.52,1.18,19469,66953713.43,23.94,-16.2,-0.23,2.78
荣盛发展,2007-11-27,1.17,0.94,1.25,0.94,22490,71832390.18,26.05,-21.01,-0.25,3.21
荣盛发展,2007-11-28,0.94,0.94,1.04,0.87,8811,27335813.32,18.09,0.0,0.0,1.26
荣盛发展,2007-11-29,0.97,1.07,1.11,0.94,11963,37931732.38,18.09,13.83,0.13,1.71
荣盛发展,2007-11-30,1.03,1.02,1.08,0.98,10932,34551931.84,9.35,-4.67,-0.05,1.56
荣盛发展,2007-12-03,1.04,1.12,1.13,0.96,9753,31322672.62,16.67,9.8,0.1,1.39
荣盛发展,2007-12-04,1.16,1.19,1.38,1.16,27307,92112973.01,19.64,6.25,0.07,3.9
荣盛发展,2007-12-05,1.18,1.28,1.34,1.14,11758,39625394.0,16.81,7.56,0.09,1.68
荣盛发展,2007-12-06,1.27,1.23,1.35,1.17,12490,41892838.94,14.06,-3.91,-0.05,1.78
荣盛发展,2007-12-07,1.23,1.28,1.28,1.13,17220,56991123.5,12.2,4.07,0.05,2.46
荣盛发展,2007-12-10,1.23,1.45,1.5,1.19,26011,89477772.83,24.22,13.28,0.17,3.72
荣盛发展,2007-12-11,1.46,1.4,1.47,1.34,18113,63241348.53,8.97,-3.45,-0.05,2.59
荣盛发展,2007-12-12,1.37,1.18,1.38,1.17,24196,80991055.25,15.0,-15.71,-0.22,3.46
荣盛发展,2007-12-13,1.17,1.18,1.27,1.1,18889,62380530.33,14.41,0.0,0.0,2.7
荣盛发展,2007-12-14,1.11,1.2,1.22,1.07,12404,40627706.51,12.71,1.69,0.02,1.77
荣盛发展,2007-12-17,1.18,1.01,1.18,0.92,24267,76503901.33,21.67,-15.83,-0.19,3.47
荣盛发展,2007-12-18,0.95,1.0,1.04,0.94,8602,26975244.87,9.9,-0.99,-0.01,1.23
荣盛发展,2007-12-19,1.05,1.08,1.1,1.0,9052,28970101.77,10.0,8.0,0.08,1.29
荣盛发展,2007-12-20,1.07,1.1,1.12,0.95,13248,42437973.12,15.74,1.85,0.02,1.89
荣盛发展,2007-12-21,1.04,1.11,1.13,1.04,13539,43592325.76,8.18,0.91,0.01,1.93
荣盛发展,2007-12-24,1.15,1.24,1.28,1.13,23902,79575105.89,13.51,11.71,0.13,3.41
荣盛发展,2007-12-25,1.22,1.36,1.38,1.15,36805,124865589.87,18.55,9.68,0.12,5.26
荣盛发展,2007-12-26,1.33,1.49,1.5,1.32,32442,114178949.63,13.24,9.56,0.13,4.63
荣盛发展,2007-12-27,1.5,1.62,1.71,1.46,55344,203682467.75,16.78,8.72,0.13,7.91
荣盛发展,2007-12-28,1.6,1.57,1.78,1.46,50195,184845371.1,19.75,-3.09,-0.05,7.17
荣盛发展,2008-01-02,1.57,1.71,1.76,1.56,24222,90392317.98,12.74,8.92,0.14,3.46
荣盛发展,2008-01-03,1.66,1.64,1.77,1.6,18289,67675113.55,9.94,-4.09,-0.07,2.61
荣盛发展,2008-01-04,1.64,1.57,1.7,1.55,21473,78276982.34,9.15,-4.27,-0.07,3.07
荣盛发展,2008-01-07,1.53,1.69,1.76,1.53,23198,86551590.64,14.65,7.64,0.12,3.31
荣盛发展,2008-01-08,1.68,1.75,1.84,1.66,35643,134567164.09,10.65,3.55,0.06,5.09
荣盛发展,2008-01-09,1.72,2.11,2.17,1.7,51328,204369026.55,26.86,20.57,0.36,7.33
荣盛发展,2008-01-10,2.08,2.11,2.2,2.04,28297,115774251.97,7.58,0.0,0.0,4.04
荣盛发展,2008-01-11,2.1,2.13,2.14,1.94,23033,92128465.37,9.48,0.95,0.02,3.29
荣盛发展,2008-01-14,2.12,2.25,2.34,2.05,23843,99699596.15,13.62,5.63,0.12,3.41
荣盛发展,2008-01-15,2.24,2.07,2.3,2.02,25747,105512758.11,12.44,-8.0,-0.18,3.68
荣盛发展,2008-01-16,2.04,1.86,2.04,1.83,28399,111058734.88,10.14,-10.14,-0.21,4.06
荣盛发展,2008-01-17,1.83,1.74,1.9,1.52,30520,114771176.43,20.43,-6.45,-0.12,4.36
荣盛发展,2008-01-18,1.76,1.83,1.88,1.64,19196,72916443.24,13.79,5.17,0.09,2.74
荣盛发展,2008-01-21,1.81,1.47,1.82,1.44,21759,79348759.17,20.77,-19.67,-0.36,3.11
荣盛发展,2008-01-22,1.41,1.09,1.43,1.05,25037,83403046.46,25.85,-25.85,-0.38,3.58
荣盛发展,2008-01-23,1.18,1.24,1.38,1.13,29893,100012632.76,22.94,13.76,0.15,4.27
荣盛发展,2008-01-24,1.3,1.46,1.54,1.24,30444,106901395.47,24.19,17.74,0.22,4.35
荣盛发展,2008-01-25,1.46,1.57,1.66,1.42,26132,94701722.11,16.44,7.53,0.11,3.73
荣盛发展,2008-01-28,1.53,1.17,1.53,1.14,18720,63138881.33,24.84,-25.48,-0.4,2.67
荣盛发展,2008-01-29,1.21,1.3,1.35,1.21,12142,41178609.93,11.97,11.11,0.13,1.73
荣盛发展,2008-01-30,1.34,1.4,1.48,1.28,16084,55603309.1,15.38,7.69,0.1,2.3
荣盛发展,2008-01-31,1.33,1.29,1.48,1.29,9046,31300896.45,13.57,-7.86,-0.11,1.29
荣盛发展,2008-02-01,1.28,1.12,1.31,1.01,13321,43654806.94,23.26,-13.18,-0.17,1.9
荣盛发展,2008-02-04,1.22,1.48,1.48,1.22,16263,56386666.64,23.21,32.14,0.36,2.32
荣盛发展,2008-02-05,1.47,1.41,1.52,1.35,12111,42360162.49,11.49,-4.73,-0.07,1.73
荣盛发展,2008-02-13,1.42,1.45,1.48,1.33,14796,51877159.52,10.64,2.84,0.04,2.11
荣盛发展,2008-02-14,1.48,1.51,1.56,1.42,18675,66548407.26,9.66,4.14,0.06,2.67
荣盛发展,2008-02-15,1.49,1.44,1.51,1.39,11360,39835922.98,7.95,-4.64,-0.07,1.62
荣盛发展,2008-02-18,1.53,1.72,1.77,1.48,25904,96210341.01,20.14,19.44,0.28,3.7
荣盛发展,2008-02-19,1.72,1.83,2.01,1.72,46022,178878132.93,16.86,6.4,0.11,6.57
荣盛发展,2008-02-20,1.86,1.73,1.92,1.71,27872,106053532.66,11.48,-5.46,-0.1,3.98
荣盛发展,2008-02-21,1.73,1.99,2.01,1.73,33009,128975293.69,16.18,15.03,0.26,4.72
荣盛发展,2008-02-22,1.98,1.99,2.0,1.75,26458,102589350.36,12.56,0.0,0.0,3.78
荣盛发展,2008-02-25,1.99,1.71,2.08,1.65,34946,135970335.46,21.61,-14.07,-0.28,4.99
荣盛发展,2008-02-26,1.82,1.74,1.9,1.54,25786,96096343.02,21.05,1.75,0.03,3.68
荣盛发展,2008-02-27,1.72,1.9,1.95,1.71,20596,79483580.59,13.79,9.2,0.16,2.94
荣盛发展,2008-02-28,1.91,1.77,1.95,1.75,25957,99397802.01,10.53,-6.84,-0.13,3.71
荣盛发展,2008-02-29,1.91,1.9,2.07,1.84,54297,213939403.71,12.99,7.34,0.13,7.76
荣盛发展,2008-03-03,1.89,1.98,2.02,1.86,42785,168790676.87,8.42,4.21,0.08,6.11
荣盛发展,2008-03-04,2.03,1.74,2.06,1.66,41818,161472371.35,20.2,-12.12,-0.24,5.97
荣盛发展,2008-03-05,1.77,1.66,1.78,1.48,31719,116402397.02,17.24,-4.6,-0.08,4.53
荣盛发展,2008-03-06,1.61,1.61,1.76,1.55,15044,55252783.01,12.65,-3.01,-0.05,2.15
荣盛发展,2008-03-07,1.56,1.61,1.71,1.53,10036,36888824.93,11.18,0.0,0.0,1.43
荣盛发展,2008-03-10,1.58,1.61,1.73,1.54,20387,75375820.07,11.8,0.0,0.0,2.91
荣盛发展,2008-03-11,1.62,1.83,1.93,1.62,33198,126442749.21,19.25,13.66,0.22,4.74
荣盛发展,2008-03-12,1.88,1.72,1.96,1.69,30403,116497450.56,14.75,-6.01,-0.11,4.34
荣盛发展,2008-03-13,1.66,1.65,1.69,1.5,20201,73683332.87,11.05,-4.07,-0.07,2.89
荣盛发展,2008-03-14,1.6,1.56,1.66,1.53,12634,45797517.68,7.88,-5.45,-0.09,1.8
荣盛发展,2008-03-17,1.56,1.18,1.59,1.12,28411,96952657.18,30.13,-24.36,-0.38,4.06
荣盛发展,2008-03-18,1.11,0.87,1.28,0.79,22661,70963555.41,41.53,-26.27,-0.31,3.24
荣盛发展,2008-03-19,0.94,1.07,1.19,0.88,19329,61501071.46,35.63,22.99,0.2,2.76
荣盛发展,2008-03-20,1.08,1.25,1.32,0.79,32646,104132457.12,49.53,16.82,0.18,4.66
荣盛发展,2008-03-24,1.28,1.03,1.34,1.03,19071,63030979.06,24.8,-17.6,-0.22,2.72
荣盛发展,2008-03-25,0.94,1.15,1.25,0.89,22661,72487066.82,34.95,11.65,0.12,3.24
荣盛发展,2008-03-26,1.2,1.13,1.27,1.05,16407,53939324.71,19.13,-1.74,-0.02,2.34
荣盛发展,2008-03-27,1.05,1.1,1.25,0.97,19631,63597092.19,24.78,-2.65,-0.03,2.8
荣盛发展,2008-03-28,1.04,1.28,1.31,0.97,23767,78297761.04,30.91,16.36,0.18,3.4
荣盛发展,2008-03-31,1.16,1.16,1.29,1.12,14758,48907468.98,13.28,-9.38,-0.12,2.11
荣盛发展,2008-04-01,1.16,0.77,1.18,0.77,28787,88676177.32,35.34,-33.62,-0.39,4.11
荣盛发展,2008-04-02,0.86,0.43,0.9,0.41,32198,89552999.22,63.64,-44.16,-0.34,4.6
荣盛发展,2008-04-03,0.4,0.37,0.49,0.2,21825,56216455.1,67.44,-13.95,-0.06,3.12
荣盛发展,2008-04-07,0.29,0.55,0.61,0.23,22068,59711340.55,102.7,48.65,0.18,3.15
荣盛发展,2008-04-08,0.55,0.62,0.64,0.48,27717,77787733.98,29.09,12.73,0.07,3.96
荣盛发展,2008-04-09,0.58,0.38,0.68,0.38,19850,54939081.82,48.39,-38.71,-0.24,2.84
荣盛发展,2008-04-10,0.33,0.46,0.46,0.28,14921,39282032.94,47.37,21.05,0.08,2.13
荣盛发展,2008-04-11,0.49,0.52,0.58,0.47,13155,36151024.5,23.91,13.04,0.06,1.88
荣盛发展,2008-04-14,0.46,0.37,0.67,0.29,30964,84706912.27,73.08,-28.85,-0.15,4.42
荣盛发展,2008-04-15,0.34,0.4,0.43,0.19,16565,42439899.66,64.86,8.11,0.03,2.37
荣盛发展,2008-04-16,0.4,0.34,0.42,0.31,9967,26070140.97,27.5,-15.0,-0.06,1.42
荣盛发展,2008-04-17,0.29,0.15,0.4,0.1,15039,37717506.84,88.24,-55.88,-0.19,2.15
荣盛发展,2008-04-18,0.04,-0.14,0.11,-0.14,20881,23694740.9,166.67,-193.33,-0.29,1.49
荣盛发展,2008-04-21,0.03,-0.4,0.09,-0.41,55518,57896766.13,-357.14,-185.71,-0.26,3.97
荣盛发展,2008-04-22,-0.37,-0.28,-0.25,-0.45,42914,43728337.3,-50.0,30.0,0.12,3.07
荣盛发展,2008-04-23,-0.28,-0.2,-0.17,-0.35,39173,41297100.09,-64.29,28.57,0.08,2.8
荣盛发展,2008-04-24,0.0,0.06,0.06,-0.08,90884,105465813.07,-70.0,130.0,0.26,6.49
荣盛发展,2008-04-25,0.06,0.15,0.28,0.0,100273,122498196.31,466.67,150.0,0.09,7.16
荣盛发展,2008-04-28,0.06,0.04,0.14,-0.03,45665,53801399.73,113.33,-73.33,-0.11,3.26
荣盛发展,2008-04-29,0.03,0.12,0.13,0.02,32661,38673895.17,275.0,200.0,0.08,2.33
荣盛发展,2008-04-30,0.16,0.19,0.25,0.12,48496,59941537.89,108.33,58.33,0.07,3.46
荣盛发展,2008-05-05,0.25,0.39,0.4,0.17,73400,94116516.91,121.05,105.26,0.2,5.24
荣盛发展,2008-05-06,0.35,0.31,0.42,0.29,54014,69669617.87,33.33,-20.51,-0.08,3.86
荣盛发展,2008-05-07,0.27,0.02,0.35,0.02,56811,70096183.84,106.45,-93.55,-0.29,4.06
荣盛发展,2008-05-08,0.02,0.11,0.12,-0.02,45272,53203407.62,700.0,450.0,0.09,3.23
荣盛发展,2008-05-09,0.13,-0.02,0.16,-0.1,56714,65785350.87,236.36,-118.18,-0.13,4.05
荣盛发展,2008-05-12,-0.17,-0.09,-0.04,-0.24,84175,91234757.0,-1000.0,-350.0,-0.07,6.01
荣盛发展,2008-05-13,-0.18,-0.17,-0.09,-0.22,58182,62969612.15,-144.44,-88.89,-0.08,4.16
荣盛发展,2008-05-15,-0.03,0.09,0.09,-0.03,60367,71321952.69,-70.59,152.94,0.26,4.31
荣盛发展,2008-05-16,0.13,0.02,0.16,-0.03,95175,112626492.71,211.11,-77.78,-0.07,6.8
荣盛发展,2008-05-19,-0.02,-0.06,0.01,-0.11,29079,32771625.82,600.0,-400.0,-0.08,2.08
荣盛发展,2008-05-20,-0.06,-0.21,0.0,-0.22,44009,48382706.91,-366.67,-250.0,-0.15,3.14
荣盛发展,2008-05-21,-0.22,-0.18,-0.15,-0.36,47301,48897272.46,-100.0,14.29,0.03,3.38
荣盛发展,2008-05-22,-0.22,-0.27,-0.21,-0.28,27086,28444947.84,-38.89,-50.0,-0.09,1.93
荣盛发展,2008-05-23,-0.25,-0.32,-0.23,-0.37,31437,32020681.89,-51.85,-18.52,-0.05,2.25
荣盛发展,2008-05-27,-0.39,-0.34,-0.31,-0.42,26889,26960473.18,-34.38,-6.25,-0.02,1.92
荣盛发展,2008-05-28,-0.33,-0.27,-0.25,-0.36,25754,26640488.39,-32.35,20.59,0.07,1.84
荣盛发展,2008-05-29,-0.3,-0.35,-0.26,-0.37,23000,23371182.62,-40.74,-29.63,-0.08,1.64
荣盛发展,2008-05-30,-0.35,-0.34,-0.33,-0.42,25476,25477450.06,-25.71,2.86,0.01,1.82
荣盛发展,2008-06-02,-0.37,-0.38,-0.34,-0.42,18710,18532726.5,-23.53,-11.76,-0.04,1.34
荣盛发展,2008-06-03,-0.38,-0.39,-0.35,-0.43,18806,18561839.3,-21.05,-2.63,-0.01,1.34
荣盛发展,2008-06-04,-0.4,-0.32,-0.28,-0.41,38160,38625584.03,-33.33,17.95,0.07,2.73
荣盛发展,2008-06-05,-0.34,-0.37,-0.33,-0.39,17762,17818198.15,-18.75,-15.63,-0.05,1.27
荣盛发展,2008-06-06,-0.35,-0.33,-0.3,-0.39,23106,23434165.34,-24.32,10.81,0.04,1.65
荣盛发展,2008-06-10,-0.43,-0.57,-0.42,-0.57,32772,30302538.37,-45.45,-72.73,-0.24,2.34
荣盛发展,2008-06-11,-0.64,-0.76,-0.61,-0.78,38375,32887643.65,-29.82,-33.33,-0.19,2.74
荣盛发展,2008-06-12,-0.78,-0.78,-0.72,-0.88,34050,27903270.06,-21.05,-2.63,-0.02,2.43
荣盛发展,2008-06-13,-0.77,-0.9,-0.77,-0.9,24240,19404962.43,-16.67,-15.38,-0.12,1.73
荣盛发展,2008-06-16,-0.9,-0.92,-0.87,-0.96,20435,15766854.11,-10.0,-2.22,-0.02,1.46
荣盛发展,2008-06-17,-0.94,-0.97,-0.88,-1.0,24522,18704968.15,-13.04,-5.43,-0.05,1.75
荣盛发展,2008-06-18,-0.97,-0.87,-0.86,-1.01,35630,27474568.49,-15.46,10.31,0.1,2.55
荣盛发展,2008-06-19,-0.9,-1.06,-0.9,-1.06,35760,26514648.38,-18.39,-21.84,-0.19,2.55
荣盛发展,2008-06-20,-1.06,-1.1,-0.97,-1.18,36641,26003305.71,-19.81,-3.77,-0.04,2.62
荣盛发展,2008-06-23,-1.1,-1.12,-1.05,-1.15,17767,12351806.9,-9.09,-1.82,-0.02,1.27
荣盛发展,2008-06-24,-1.11,-0.95,-0.95,-1.11,85202,63365042.97,-14.29,15.18,0.17,6.09
荣盛发展,2008-06-25,-0.97,-0.88,-0.86,-1.0,86557,66267880.97,-14.74,7.37,0.07,6.18
荣盛发展,2008-06-26,-0.9,-0.87,-0.83,-0.94,66024,51677861.05,-12.5,1.14,0.01,4.72
荣盛发展,2008-06-27,-0.96,-1.06,-0.93,-1.06,52041,38271054.99,-14.94,-21.84,-0.19,3.72
荣盛发展,2008-06-30,-1.09,-0.94,-0.91,-1.09,53594,39988290.88,-16.98,11.32,0.12,3.83
荣盛发展,2008-07-01,-0.94,-0.99,-0.91,-1.0,28109,21183484.03,-9.57,-5.32,-0.05,2.01
荣盛发展,2008-07-02,-0.99,-0.91,-0.85,-1.0,42697,33073904.48,-15.15,8.08,0.08,3.05
荣盛发展,2008-07-03,-0.97,-0.8,-0.75,-0.99,64641,52242454.72,-26.37,12.09,0.11,4.62
荣盛发展,2008-07-04,-0.84,-0.8,-0.72,-0.84,59357,49019162.12,-15.0,0.0,0.0,4.24
荣盛发展,2008-07-07,-0.8,-0.68,-0.67,-0.84,69983,59711611.78,-21.25,15.0,0.12,5.0
荣盛发展,2008-07-08,-0.68,-0.53,-0.52,-0.73,93240,83767666.41,-30.88,22.06,0.15,6.66
荣盛发展,2008-07-09,-0.52,-0.46,-0.35,-0.56,152437,148670000.59,-39.62,13.21,0.07,10.89
荣盛发展,2008-07-10,-0.5,-0.53,-0.39,-0.61,89428,84318320.44,-47.83,-15.22,-0.07,6.39
荣盛发展,2008-07-11,-0.56,-0.59,-0.53,-0.64,50544,45823095.43,-20.75,-11.32,-0.06,3.61
荣盛发展,2008-07-14,-0.61,-0.5,-0.48,-0.62,42495,39784389.72,-23.73,15.25,0.09,3.04
荣盛发展,2008-07-15,-0.51,-0.64,-0.42,-0.64,55949,51350842.26,-44.0,-28.0,-0.14,4.0
荣盛发展,2008-07-16,-0.67,-0.8,-0.67,-0.85,48694,40448824.15,-28.13,-25.0,-0.16,3.48
荣盛发展,2008-07-17,-0.75,-0.83,-0.73,-0.84,29552,24491145.77,-13.75,-3.75,-0.03,2.11
荣盛发展,2008-07-18,-0.79,-0.75,-0.73,-0.88,26823,21901662.55,-18.07,9.64,0.08,1.92
荣盛发展,2008-07-21,-0.78,-0.64,-0.62,-0.8,41530,36233490.25,-24.0,14.67,0.11,2.97
荣盛发展,2008-07-22,-0.63,-0.6,-0.55,-0.64,34749,31399290.01,-14.06,6.25,0.04,2.48
荣盛发展,2008-07-23,-0.51,-0.58,-0.48,-0.59,54729,50862439.56,-18.33,3.33,0.02,3.91
荣盛发展,2008-07-24,-0.51,-0.44,-0.43,-0.56,89654,85385927.04,-22.41,24.14,0.14,6.4
荣盛发展,2008-07-25,-0.49,-0.52,-0.42,-0.55,62520,59070121.38,-29.55,-18.18,-0.08,4.47
荣盛发展,2008-07-28,-0.5,-0.53,-0.44,-0.53,40108,38111920.62,-17.31,-1.92,-0.01,2.86
荣盛发展,2008-07-29,-0.57,-0.61,-0.56,-0.65,34482,31028545.56,-16.98,-15.09,-0.08,2.46
荣盛发展,2008-07-30,-0.57,-0.66,-0.56,-0.66,31017,27746638.88,-16.39,-8.2,-0.05,2.22
荣盛发展,2008-07-31,-0.65,-0.73,-0.64,-0.74,21952,18871950.9,-15.15,-10.61,-0.07,1.57
荣盛发展,2008-08-01,-0.75,-0.65,-0.62,-0.75,24107,20908719.26,-17.81,10.96,0.08,1.72
荣盛发展,2008-08-04,-0.68,-0.69,-0.6,-0.7,19475,17321933.47,-15.38,-6.15,-0.04,1.39
荣盛发展,2008-08-05,-0.68,-0.85,-0.66,-0.85,31763,26423298.8,-27.54,-23.19,-0.16,2.27
荣盛发展,2008-08-06,-0.82,-0.9,-0.82,-0.95,28024,21850627.56,-15.29,-5.88,-0.05,2.0
荣盛发展,2008-08-07,-0.9,-0.85,-0.83,-0.9,23436,18642264.98,-7.78,5.56,0.05,1.67
荣盛发展,2008-08-08,-0.84,-1.04,-0.83,-1.04,25129,18892971.55,-24.71,-22.35,-0.19,1.61
荣盛发展,2008-08-11,-1.07,-1.17,-1.02,-1.2,24968,17076127.17,-17.31,-12.5,-0.13,1.6
荣盛发展,2008-08-12,-1.17,-1.14,-1.11,-1.19,22588,15285563.25,-6.84,2.56,0.03,1.45
荣盛发展,2008-08-13,-1.14,-1.07,-1.05,-1.18,26863,18485450.67,-11.4,6.14,0.07,1.72
荣盛发展,2008-08-14,-1.1,-1.08,-1.02,-1.12,13527,9598516.21,-9.35,-0.93,-0.01,0.87
荣盛发展,2008-08-15,-1.09,-1.09,-1.05,-1.13,14339,10068990.27,-7.41,-0.93,-0.01,0.92
荣盛发展,2008-08-18,-1.09,-1.19,-1.09,-1.2,13345,9006002.29,-10.09,-9.17,-0.1,0.86
荣盛发展,2008-08-19,-1.19,-1.15,-1.13,-1.19,14336,9602370.74,-5.04,3.36,0.04,0.92
荣盛发展,2008-08-20,-1.14,-0.98,-0.98,-1.18,35087,25349927.66,-17.39,14.78,0.17,2.25
荣盛发展,2008-08-21,-1.02,-1.05,-0.95,-1.07,26808,19672178.29,-12.24,-7.14,-0.07,1.72
荣盛发展,2008-08-22,-1.06,-1.06,-1.03,-1.11,13330,9447909.9,-7.62,-0.95,-0.01,0.85
荣盛发展,2008-08-25,-1.07,-1.07,-1.03,-1.08,8287,5912479.65,-4.72,-0.94,-0.01,0.53
荣盛发展,2008-08-26,-1.07,-1.16,-1.07,-1.19,17404,11802645.87,-11.21,-8.41,-0.09,1.12
荣盛发展,2008-08-27,-1.17,-1.15,-1.11,-1.19,11413,7648369.3,-6.9,0.86,0.01,0.73
荣盛发展,2008-08-28,-1.18,-1.16,-1.13,-1.18,8709,5828223.61,-4.35,-0.87,-0.01,0.56
荣盛发展,2008-08-29,-1.16,-1.08,-1.05,-1.16,18237,12673543.63,-9.48,6.9,0.08,1.17
荣盛发展,2008-09-01,-1.13,-1.15,-1.11,-1.17,10113,6855155.15,-5.56,-6.48,-0.07,0.65
荣盛发展,2008-09-02,-1.15,-1.14,-1.12,-1.18,6824,4619487.83,-5.22,0.87,0.01,0.44
荣盛发展,2008-09-03,-1.16,-1.16,-1.13,-1.18,9273,6202513.09,-4.39,-1.75,-0.02,0.59
荣盛发展,2008-09-04,-1.17,-1.14,-1.12,-1.17,7138,4830372.03,-4.31,1.72,0.02,0.46
荣盛发展,2008-09-05,-1.17,-1.29,-1.17,-1.3,25723,16392846.3,-11.4,-13.16,-0.15,1.65
荣盛发展,2008-09-08,-1.3,-1.36,-1.27,-1.37,16763,9987378.98,-7.75,-5.43,-0.07,1.07
荣盛发展,2008-09-09,-1.35,-1.35,-1.33,-1.38,8145,4803642.28,-3.68,0.74,0.01,0.52
荣盛发展,2008-09-10,-1.37,-1.34,-1.27,-1.39,13047,7818242.77,-8.89,0.74,0.01,0.84
荣盛发展,2008-09-11,-1.33,-1.42,-1.32,-1.42,11921,6863076.28,-7.46,-5.97,-0.08,0.76
荣盛发展,2008-09-12,-1.4,-1.41,-1.37,-1.43,8698,4955333.13,-4.23,0.7,0.01,0.56
荣盛发展,2008-09-16,-1.38,-1.44,-1.35,-1.45,17265,9877546.61,-7.09,-2.13,-0.03,1.11
荣盛发展,2008-09-17,-1.45,-1.54,-1.43,-1.55,21440,11271810.59,-8.33,-6.94,-0.1,1.37
荣盛发展,2008-09-18,-1.57,-1.63,-1.57,-1.66,41545,19865406.73,-5.84,-5.84,-0.09,2.66
荣盛发展,2008-09-19,-1.53,-1.51,-1.51,-1.56,27703,14349333.52,-3.07,7.36,0.12,1.78
荣盛发展,2008-09-22,-1.41,-1.45,-1.39,-1.5,65449,36233449.54,-7.28,3.97,0.06,4.2
荣盛发展,2008-09-23,-1.52,-1.58,-1.48,-1.58,35835,18133834.13,-6.9,-8.97,-0.13,2.3
荣盛发展,2008-09-24,-1.62,-1.55,-1.55,-1.63,17497,8533877.76,-5.06,1.9,0.03,1.12
荣盛发展,2008-09-25,-1.45,-1.51,-1.45,-1.54,33558,17762146.02,-5.81,2.58,0.04,2.15
荣盛发展,2008-09-26,-1.51,-1.43,-1.43,-1.56,50892,27337936.69,-8.61,5.3,0.08,3.26
荣盛发展,2008-10-06,-1.5,-1.54,-1.48,-1.55,25634,13395893.03,-4.9,-7.69,-0.11,1.64
荣盛发展,2008-10-07,-1.57,-1.52,-1.45,-1.59,28569,14826971.86,-9.09,1.3,0.02,1.83
荣盛发展,2008-10-08,-1.57,-1.55,-1.5,-1.57,17102,8760470.44,-4.61,-1.97,-0.03,1.1
荣盛发展,2008-10-09,-1.51,-1.56,-1.45,-1.57,24150,12549376.75,-7.74,-0.65,-0.01,1.55
荣盛发展,2008-10-10,-1.62,-1.67,-1.59,-1.68,25070,11679275.94,-5.77,-7.05,-0.11,1.61
荣盛发展,2008-10-13,-1.67,-1.59,-1.59,-1.71,26305,12272492.92,-7.19,4.79,0.08,1.69
荣盛发展,2008-10-14,-1.55,-1.61,-1.51,-1.62,36290,18241939.57,-6.92,-1.26,-0.02,2.33
荣盛发展,2008-10-15,-1.64,-1.59,-1.58,-1.67,17690,8511310.23,-5.59,1.24,0.02,1.13
荣盛发展,2008-10-16,-1.64,-1.6,-1.55,-1.67,34680,17037654.21,-7.55,-0.63,-0.01,2.22
荣盛发展,2008-10-17,-1.58,-1.58,-1.56,-1.62,21657,10641487.06,-3.75,1.25,0.02,1.39
荣盛发展,2008-10-20,-1.58,-1.52,-1.51,-1.6,30245,15440867.66,-5.7,3.8,0.06,1.94
荣盛发展,2008-10-21,-1.52,-1.55,-1.5,-1.56,29185,15035983.01,-3.95,-1.97,-0.03,1.87
荣盛发展,2008-10-22,-1.58,-1.6,-1.56,-1.61,22314,11011812.47,-3.23,-3.23,-0.05,1.43
荣盛发展,2008-10-23,-1.58,-1.57,-1.56,-1.62,23315,11491291.2,-3.75,1.88,0.03,1.49
荣盛发展,2008-10-24,-1.57,-1.62,-1.57,-1.63,16660,8108303.34,-3.82,-3.18,-0.05,1.07
荣盛发展,2008-10-27,-1.64,-1.74,-1.64,-1.74,28812,13008946.01,-6.17,-7.41,-0.12,1.85
荣盛发展,2008-10-28,-1.74,-1.71,-1.7,-1.77,17330,7537873.14,-4.02,1.72,0.03,1.11
荣盛发展,2008-10-29,-1.7,-1.73,-1.68,-1.74,13330,5864547.76,-3.51,-1.17,-0.02,0.85
荣盛发展,2008-10-30,-1.73,-1.71,-1.69,-1.74,13468,5950831.39,-2.89,1.16,0.02,0.86
荣盛发展,2008-10-31,-1.72,-1.73,-1.7,-1.74,7447,3233045.61,-2.34,-1.17,-0.02,0.48
荣盛发展,2008-11-03,-1.74,-1.73,-1.72,-1.75,7009,3035420.97,-1.73,0.0,0.0,0.45
荣盛发展,2008-11-04,-1.74,-1.78,-1.73,-1.79,7995,3323167.1,-3.47,-2.89,-0.05,0.51
荣盛发展,2008-11-05,-1.76,-1.75,-1.71,-1.78,12126,5178907.32,-3.93,1.69,0.03,0.78
荣盛发展,2008-11-06,-1.77,-1.78,-1.76,-1.79,6749,2793061.39,-1.71,-1.71,-0.03,0.43
荣盛发展,2008-11-07,-1.79,-1.76,-1.75,-1.8,9126,3808563.31,-2.81,1.12,0.02,0.59
荣盛发展,2008-11-10,-1.74,-1.68,-1.68,-1.74,22929,10217017.46,-3.41,4.55,0.08,1.47
荣盛发展,2008-11-11,-1.69,-1.68,-1.61,-1.71,35735,16661152.07,-5.95,0.0,0.0,2.29
荣盛发展,2008-11-12,-1.7,-1.65,-1.64,-1.7,19791,9085586.53,-3.57,1.79,0.03,1.27
荣盛发展,2008-11-13,-1.66,-1.61,-1.57,-1.68,39780,19154803.59,-6.67,2.42,0.04,2.55
荣盛发展,2008-11-14,-1.6,-1.54,-1.53,-1.6,54969,27754445.25,-4.35,4.35,0.07,3.52
荣盛发展,2008-11-17,-1.56,-1.49,-1.48,-1.57,57737,29722469.16,-5.84,3.25,0.05,3.7
荣盛发展,2008-11-18,-1.51,-1.62,-1.49,-1.62,48430,24347037.08,-8.72,-8.72,-0.13,3.11
荣盛发展,2008-11-19,-1.62,-1.51,-1.51,-1.62,42126,21165847.63,-6.79,6.79,0.11,2.7
荣盛发展,2008-11-20,-1.56,-1.48,-1.45,-1.56,66594,35476048.58,-7.28,1.99,0.03,4.27
荣盛发展,2008-11-21,-1.51,-1.43,-1.39,-1.56,83641,45573005.71,-11.49,3.38,0.05,5.36
荣盛发展,2008-11-24,-1.46,-1.55,-1.45,-1.55,40614,21485754.79,-6.99,-8.39,-0.12,2.6
荣盛发展,2008-11-25,-1.52,-1.56,-1.5,-1.59,25606,13032597.09,-5.81,-0.65,-0.01,1.64
荣盛发展,2008-11-26,-1.55,-1.55,-1.51,-1.56,26405,13569356.21,-3.21,0.64,0.01,1.69
荣盛发展,2008-11-28,-1.52,-1.56,-1.5,-1.57,45634,23477729.13,-4.52,-0.65,-0.01,2.93
荣盛发展,2008-12-01,-1.57,-1.52,-1.51,-1.62,38538,19522916.33,-7.05,2.56,0.04,2.47
荣盛发展,2008-12-02,-1.56,-1.5,-1.46,-1.57,47007,24836845.59,-7.24,1.32,0.02,3.01
荣盛发展,2008-12-03,-1.5,-1.43,-1.42,-1.5,64173,35284743.46,-5.33,4.67,0.07,4.11
荣盛发展,2008-12-04,-1.41,-1.44,-1.36,-1.44,75495,43203766.76,-5.59,-0.7,-0.01,4.84
荣盛发展,2008-12-05,-1.44,-1.37,-1.37,-1.45,51334,29448556.97,-5.56,4.86,0.07,3.29
荣盛发展,2008-12-08,-1.33,-1.25,-1.23,-1.34,116583,72341229.05,-8.03,8.76,0.12,7.48
荣盛发展,2008-12-09,-1.25,-1.31,-1.25,-1.32,63235,38865453.4,-5.6,-4.8,-0.06,4.05
荣盛发展,2008-12-10,-1.32,-1.28,-1.26,-1.35,45104,27506160.22,-6.87,2.29,0.03,2.89
荣盛发展,2008-12-11,-1.27,-1.3,-1.2,-1.3,54509,34547910.47,-7.81,-1.56,-0.02,3.5
荣盛发展,2008-12-12,-1.31,-1.42,-1.29,-1.45,59429,34493056.28,-12.31,-9.23,-0.12,3.81
荣盛发展,2008-12-15,-1.39,-1.4,-1.38,-1.43,36124,20527724.26,-3.52,1.41,0.02,2.32
荣盛发展,2008-12-16,-1.39,-1.3,-1.29,-1.43,62952,36791218.51,-10.0,7.14,0.1,4.04
荣盛发展,2008-12-17,-1.31,-1.27,-1.26,-1.33,69923,43205730.57,-5.38,2.31,0.03,4.48
荣盛发展,2008-12-18,-1.21,-1.25,-1.21,-1.29,98881,62979161.19,-6.3,1.57,0.02,6.34
荣盛发展,2008-12-19,-1.25,-1.26,-1.23,-1.29,49160,31022804.11,-4.8,-0.8,-0.01,3.15
荣盛发展,2008-12-22,-1.26,-1.27,-1.24,-1.35,48029,29681759.85,-8.73,-0.79,-0.01,3.08
荣盛发展,2008-12-23,-1.26,-1.36,-1.26,-1.37,45546,27658827.45,-8.66,-7.09,-0.09,2.92
荣盛发展,2008-12-24,-1.39,-1.4,-1.34,-1.42,37103,21491295.47,-5.88,-2.94,-0.04,2.38
荣盛发展,2008-12-25,-1.41,-1.41,-1.38,-1.43,21522,12236598.01,-3.57,-0.71,-0.01,1.38
荣盛发展,2008-12-26,-1.38,-1.41,-1.37,-1.42,19018,10917208.67,-3.55,0.0,0.0,1.22
荣盛发展,2008-12-29,-1.41,-1.46,-1.4,-1.5,32677,17911540.95,-7.09,-3.55,-0.05,2.1
荣盛发展,2008-12-30,-1.48,-1.49,-1.45,-1.49,30805,16667073.6,-2.74,-2.05,-0.03,1.98
荣盛发展,2008-12-31,-1.48,-1.47,-1.42,-1.49,34772,19143037.79,-4.7,1.34,0.02,2.23
荣盛发展,2009-01-05,-1.45,-1.35,-1.34,-1.45,40004,22862568.64,-7.48,8.16,0.12,2.56
荣盛发展,2009-01-06,-1.36,-1.33,-1.31,-1.39,39332,23585655.76,-5.93,1.48,0.02,2.52
荣盛发展,2009-01-07,-1.33,-1.34,-1.31,-1.35,20140,12054757.16,-3.01,-0.75,-0.01,1.29
荣盛发展,2009-01-08,-1.38,-1.35,-1.35,-1.4,24507,14291402.0,-3.73,-0.75,-0.01,1.57
荣盛发展,2009-01-09,-1.35,-1.3,-1.29,-1.36,30437,18346897.03,-5.19,3.7,0.05,1.95
荣盛发展,2009-01-12,-1.33,-1.3,-1.27,-1.33,31221,19150274.43,-4.62,0.0,0.0,2.0
荣盛发展,2009-01-13,-1.31,-1.39,-1.31,-1.41,61340,35747663.37,-7.69,-6.92,-0.09,3.93
荣盛发展,2009-01-15,-1.35,-1.32,-1.29,-1.35,72758,43958736.45,-4.32,5.04,0.07,4.66
荣盛发展,2009-01-16,-1.32,-1.29,-1.26,-1.33,67604,41952788.3,-5.3,2.27,0.03,4.33
荣盛发展,2009-01-19,-1.28,-1.3,-1.25,-1.31,31610,19578325.03,-4.65,-0.78,-0.01,2.03
荣盛发展,2009-01-20,-1.32,-1.31,-1.28,-1.33,21855,13246526.53,-3.85,-0.77,-0.01,1.4
荣盛发展,2009-01-21,-1.33,-1.3,-1.29,-1.34,26352,16006997.21,-3.82,0.76,0.01,1.69
荣盛发展,2009-01-22,-1.3,-1.23,-1.22,-1.31,54603,34260566.49,-6.92,5.38,0.07,3.5
荣盛发展,2009-01-23,-1.24,-1.28,-1.24,-1.29,26082,16361948.72,-4.07,-4.07,-0.05,1.67
荣盛发展,2009-02-02,-1.26,-1.26,-1.25,-1.3,26186,16312627.9,-3.91,1.56,0.02,1.68
荣盛发展,2009-02-03,-1.26,-1.21,-1.21,-1.27,51073,32528948.96,-4.76,3.97,0.05,3.27
荣盛发展,2009-02-04,-1.21,-1.15,-1.15,-1.23,70590,46640228.35,-6.61,4.96,0.06,4.52
荣盛发展,2009-02-05,-1.16,-1.2,-1.1,-1.22,67372,45278264.05,-10.43,-4.35,-0.05,4.32
荣盛发展,2009-02-06,-1.2,-1.06,-1.05,-1.2,81460,56058942.94,-12.5,11.67,0.14,5.22
荣盛发展,2009-02-09,-1.05,-1.0,-0.98,-1.11,91123,65589624.68,-12.26,5.66,0.06,5.84
荣盛发展,2009-02-10,-1.02,-0.98,-0.95,-1.05,65216,48017877.4,-10.0,2.0,0.02,4.18
荣盛发展,2009-02-11,-1.02,-1.02,-0.94,-1.05,78819,58383232.39,-11.22,-4.08,-0.04,5.05
荣盛发展,2009-02-12,-1.02,-0.9,-0.89,-1.08,94042,70230914.31,-18.63,11.76,0.12,6.03
荣盛发展,2009-02-13,-0.91,-0.82,-0.81,-0.93,78305,62451601.3,-13.33,8.89,0.08,5.02
荣盛发展,2009-02-16,-0.82,-0.83,-0.81,-0.9,61833,49395889.39,-10.98,-1.22,-0.01,3.96
荣盛发展,2009-02-17,-0.83,-0.98,-0.83,-0.98,60863,46969837.34,-18.07,-18.07,-0.15,3.9
荣盛发展,2009-02-18,-1.01,-1.05,-0.94,-1.06,51919,38259697.61,-12.24,-7.14,-0.07,3.33
荣盛发展,2009-02-19,-1.05,-1.01,-1.0,-1.07,37811,27325046.03,-6.67,3.81,0.04,2.42
荣盛发展,2009-02-20,-1.02,-0.97,-0.97,-1.04,36692,27143612.91,-6.93,3.96,0.04,2.35
荣盛发展,2009-02-23,-0.93,-0.81,-0.81,-0.93,82929,65929745.23,-12.37,16.49,0.16,5.31
荣盛发展,2009-02-24,-0.85,-0.89,-0.72,-0.89,104545,85307852.46,-20.99,-9.88,-0.08,6.7
荣盛发展,2009-02-25,-0.89,-0.89,-0.85,-1.02,80254,62192436.66,-19.1,0.0,0.0,5.14
荣盛发展,2009-02-26,-0.91,-1.0,-0.85,-1.05,66765,51442660.63,-22.47,-12.36,-0.11,4.28
荣盛发展,2009-02-27,-1.05,-1.15,-1.0,-1.16,45592,31784850.7,-16.0,-15.0,-0.15,2.92
荣盛发展,2009-03-02,-1.15,-1.11,-1.07,-1.15,24564,16983411.04,-6.96,3.48,0.04,1.57
荣盛发展,2009-03-03,-1.14,-1.11,-1.06,-1.18,21404,14820524.05,-10.81,0.0,0.0,1.37
荣盛发展,2009-03-04,-1.11,-0.99,-0.97,-1.11,35730,25959189.44,-12.61,10.81,0.12,2.29
荣盛发展,2009-03-05,-0.97,-0.95,-0.91,-1.03,45574,34264265.54,-12.12,4.04,0.04,2.92
荣盛发展,2009-03-06,-1.0,-0.92,-0.9,-1.01,40743,31333955.7,-11.58,3.16,0.03,2.61
荣盛发展,2009-03-09,-0.9,-1.02,-0.85,-1.02,39102,29893401.43,-18.48,-10.87,-0.1,2.51
荣盛发展,2009-03-10,-1.04,-0.99,-0.99,-1.06,23194,16816893.96,-6.86,2.94,0.03,1.49
荣盛发展,2009-03-11,-0.93,-1.01,-0.92,-1.02,46626,35200685.86,-10.1,-2.02,-0.02,2.99
荣盛发展,2009-03-12,-1.02,-1.0,-0.97,-1.09,34319,24743742.15,-11.88,0.99,0.01,2.2
荣盛发展,2009-03-13,-0.99,-1.04,-0.97,-1.05,21344,15687244.92,-8.0,-4.0,-0.04,1.37
荣盛发展,2009-03-16,-1.05,-0.99,-0.98,-1.06,37508,27417380.42,-7.69,4.81,0.05,2.4
荣盛发展,2009-03-17,-0.97,-0.81,-0.81,-0.97,87011,69194907.62,-16.16,18.18,0.18,5.58
荣盛发展,2009-03-18,-0.74,-0.73,-0.62,-0.75,225761,196803973.52,-16.05,9.88,0.08,14.47
荣盛发展,2009-03-19,-0.71,-0.61,-0.6,-0.72,165423,147307504.49,-16.44,16.44,0.12,10.6
荣盛发展,2009-03-20,-0.61,-0.6,-0.52,-0.7,135125,120581898.64,-29.51,1.64,0.01,8.66
荣盛发展,2009-03-23,-0.62,-0.57,-0.49,-0.66,110389,101435370.76,-28.33,5.0,0.03,7.07
荣盛发展,2009-03-24,-0.57,-0.55,-0.48,-0.59,89511,83296954.84,-19.3,3.51,0.02,5.74
荣盛发展,2009-03-25,-0.56,-0.6,-0.53,-0.61,72499,66069187.85,-14.55,-9.09,-0.05,4.65
荣盛发展,2009-03-26,-0.61,-0.59,-0.56,-0.73,87849,77959789.04,-28.33,1.67,0.01,5.63
荣盛发展,2009-03-27,-0.56,-0.61,-0.55,-0.67,78219,69784898.27,-20.34,-3.39,-0.02,5.01
荣盛发展,2009-03-30,-0.62,-0.6,-0.59,-0.69,44542,39595691.84,-16.39,1.64,0.01,2.85
荣盛发展,2009-03-31,-0.67,-0.5,-0.5,-0.69,85939,78816072.85,-31.67,16.67,0.1,5.51
荣盛发展,2009-04-02,-0.4,-0.46,-0.32,-0.46,124699,123302736.17,-28.0,8.0,0.04,7.99
荣盛发展,2009-04-03,-0.42,-0.49,-0.4,-0.51,61574,59043964.17,-23.91,-6.52,-0.03,3.95
荣盛发展,2009-04-07,-0.48,-0.5,-0.47,-0.56,37536,35089613.89,-18.37,-2.04,-0.01,2.41
荣盛发展,2009-04-08,-0.51,-0.63,-0.51,-0.63,51928,47327564.15,-24.0,-26.0,-0.13,3.33
荣盛发展,2009-04-09,-0.64,-0.53,-0.52,-0.65,52009,47022887.03,-20.63,15.87,0.1,3.33
荣盛发展,2009-04-10,-0.54,-0.31,-0.31,-0.55,111691,109822718.54,-45.28,41.51,0.22,7.16
荣盛发展,2009-04-13,-0.31,-0.33,-0.25,-0.37,52767,53679379.42,-38.71,-6.45,-0.02,3.38
荣盛发展,2009-04-14,-0.33,-0.25,-0.21,-0.37,70178,73243067.15,-48.48,24.24,0.08,4.5
荣盛发展,2009-04-15,-0.29,-0.25,-0.18,-0.35,53880,55611615.48,-68.0,0.0,0.0,3.45
荣盛发展,2009-04-16,-0.25,-0.31,-0.24,-0.33,31207,32303471.05,-36.0,-24.0,-0.06,2.0
荣盛发展,2009-04-17,-0.32,-0.37,-0.27,-0.37,43481,44137602.78,-32.26,-19.35,-0.06,2.79
荣盛发展,2009-04-20,-0.37,-0.24,-0.24,-0.38,49901,51285320.44,-37.84,35.14,0.13,3.2
荣盛发展,2009-04-21,-0.3,-0.27,-0.19,-0.33,43266,45115415.98,-58.33,-12.5,-0.03,2.77
荣盛发展,2009-04-22,-0.26,-0.43,-0.21,-0.43,72966,74288040.88,-81.48,-59.26,-0.16,4.68
荣盛发展,2009-04-23,-0.47,-0.49,-0.42,-0.54,35914,34132294.64,-27.91,-13.95,-0.06,2.3
荣盛发展,2009-04-24,-0.48,-0.42,-0.38,-0.48,40639,39766247.46,-20.41,14.29,0.07,2.6
荣盛发展,2009-04-27,-0.42,-0.46,-0.33,-0.48,41807,41499134.77,-35.71,-9.52,-0.04,2.68
荣盛发展,2009-04-28,-0.5,-0.43,-0.4,-0.54,21657,20952386.63,-30.43,6.52,0.03,1.39
荣盛发展,2009-04-29,-0.42,-0.31,-0.3,-0.45,43070,43407336.59,-34.88,27.91,0.12,2.76
荣盛发展,2009-04-30,-0.3,-0.24,-0.14,-0.3,68193,72574597.76,-51.61,22.58,0.07,4.37
荣盛发展,2009-05-04,-0.23,0.01,0.01,-0.23,102415,115234113.41,-100.0,104.17,0.25,6.56
荣盛发展,2009-05-05,0.03,0.11,0.15,-0.02,80571,95383543.38,1700.0,1000.0,0.1,5.16
荣盛发展,2009-05-06,0.07,0.16,0.25,0.04,83558,102122158.37,190.91,45.45,0.05,5.35
荣盛发展,2009-05-07,0.14,0.11,0.22,0.03,62749,75397876.77,118.75,-31.25,-0.05,4.02
荣盛发展,2009-05-08,0.09,0.3,0.35,0.0,83033,102277242.51,318.18,172.73,0.19,5.32
荣盛发展,2009-05-11,0.3,0.14,0.38,0.14,99004,124790949.95,80.0,-53.33,-0.16,6.34
荣盛发展,2009-05-12,0.11,0.25,0.27,0.06,47093,57587830.48,150.0,78.57,0.11,3.02
荣盛发展,2009-05-13,0.21,0.22,0.34,0.21,40258,50781044.79,52.0,-12.0,-0.03,2.58
荣盛发展,2009-05-14,0.18,0.19,0.25,0.12,29031,35652874.81,59.09,-13.64,-0.03,1.86
荣盛发展,2009-05-15,0.26,0.16,0.27,0.14,39367,48698718.53,68.42,-15.79,-0.03,2.52
荣盛发展,2009-05-18,0.12,0.17,0.18,0.11,22469,27283289.61,43.75,6.25,0.01,1.44
荣盛发展,2009-05-19,0.19,0.29,0.44,0.19,58555,75400428.46,147.06,70.59,0.12,3.75
荣盛发展,2009-05-21,0.2,0.13,0.25,0.1,46909,57030777.45,51.72,-55.17,-0.16,3.01
荣盛发展,2009-05-22,0.13,0.05,0.17,0.02,34434,40836540.85,115.38,-61.54,-0.08,2.21
荣盛发展,2009-05-25,0.0,0.11,0.14,-0.07,42479,49526913.84,420.0,120.0,0.06,2.72
荣盛发展,2009-05-26,0.11,0.03,0.13,0.01,37409,44163345.13,109.09,-72.73,-0.08,2.4
荣盛发展,2009-05-27,0.06,0.07,0.13,0.03,35419,41788782.8,333.33,133.33,0.04,2.27
荣盛发展,2009-06-01,0.14,0.19,0.21,0.14,45424,56019062.94,100.0,171.43,0.12,2.91
荣盛发展,2009-06-02,0.21,0.4,0.42,0.19,80935,104445916.01,121.05,110.53,0.21,5.19
荣盛发展,2009-06-03,0.52,0.71,0.72,0.52,130582,185763492.01,50.0,77.5,0.31,8.37
荣盛发展,2009-06-04,0.6,0.62,0.71,0.58,82931,117807922.4,18.31,-12.68,-0.09,5.31
荣盛发展,2009-06-05,0.64,0.5,0.68,0.49,41532,58259540.64,30.65,-19.35,-0.12,2.66
荣盛发展,2009-06-08,0.49,0.65,0.71,0.49,67203,94706654.65,44.0,30.0,0.15,4.31
荣盛发展,2009-06-09,0.66,0.62,0.68,0.57,30088,42314150.44,16.92,-4.62,-0.03,1.93
荣盛发展,2009-06-10,0.64,0.55,0.65,0.51,31559,43398958.9,22.58,-11.29,-0.07,2.02
荣盛发展,2009-06-11,0.55,0.47,0.59,0.44,29755,40426891.83,27.27,-14.55,-0.08,1.91
荣盛发展,2009-06-12,0.47,0.4,0.55,0.37,45712,60567264.02,38.3,-14.89,-0.07,2.93
荣盛发展,2009-06-15,0.41,0.5,0.5,0.41,29789,39790721.39,22.5,25.0,0.1,1.91
荣盛发展,2009-06-16,0.5,0.6,0.61,0.47,34792,48057464.28,28.0,20.0,0.1,2.23
荣盛发展,2009-06-17,0.62,0.92,0.93,0.62,103502,152432496.61,51.67,53.33,0.32,6.63
荣盛发展,2009-06-18,0.93,0.86,0.94,0.82,74029,111587322.51,13.04,-6.52,-0.06,4.74
荣盛发展,2009-06-19,0.82,0.86,0.98,0.77,57955,87957892.77,24.42,0.0,0.0,3.71
荣盛发展,2009-06-22,0.88,0.81,0.93,0.72,41723,61414800.41,24.42,-5.81,-0.05,2.67
荣盛发展,2009-06-23,0.71,0.84,0.92,0.69,47335,70196334.6,28.4,3.7,0.03,3.03
荣盛发展,2009-06-24,0.87,0.99,1.05,0.79,54078,83106999.93,30.95,17.86,0.15,3.47
荣盛发展,2009-06-25,1.0,0.95,1.1,0.95,45264,70844324.18,15.15,-4.04,-0.04,2.9
荣盛发展,2009-06-26,0.95,0.99,1.06,0.86,43838,67550533.44,21.05,4.21,0.04,2.81
荣盛发展,2009-06-29,1.0,1.08,1.21,0.94,112944,180455300.8,27.27,9.09,0.09,7.24
荣盛发展,2009-06-30,1.1,1.2,1.23,1.03,65188,105167387.94,18.52,11.11,0.12,4.18
荣盛发展,2009-07-01,1.18,1.32,1.47,1.15,64402,109852021.02,26.67,10.0,0.12,4.13
荣盛发展,2009-07-02,1.34,1.39,1.44,1.25,54339,92184430.63,14.39,5.3,0.07,3.48
荣盛发展,2009-07-03,1.36,1.63,1.64,1.32,67966,120360810.18,23.02,17.27,0.24,4.36
荣盛发展,2009-07-06,1.65,1.51,1.78,1.47,83117,149980663.19,19.02,-7.36,-0.12,5.33
荣盛发展,2009-07-07,1.47,1.33,1.53,1.3,62937,108141169.16,15.23,-11.92,-0.18,4.03
荣盛发展,2009-07-08,1.27,1.55,1.6,1.25,54487,94384630.41,26.32,16.54,0.22,3.49
荣盛发展,2009-07-09,1.55,1.5,1.62,1.43,32832,58224691.38,12.26,-3.23,-0.05,2.1
荣盛发展,2009-07-10,1.51,1.59,1.69,1.44,47852,86022958.16,16.67,6.0,0.09,3.07
荣盛发展,2009-07-14,1.63,1.62,1.66,1.51,39306,70784591.41,9.43,1.89,0.03,2.52
荣盛发展,2009-07-15,1.62,1.54,1.64,1.51,42906,76661928.66,8.02,-4.94,-0.08,2.75
荣盛发展,2009-07-16,1.53,1.53,1.63,1.49,52864,94540612.57,9.09,-0.65,-0.01,3.39
荣盛发展,2009-07-17,1.52,1.47,1.6,1.43,37054,65802078.9,11.11,-3.92,-0.06,2.37
荣盛发展,2009-07-20,1.45,1.52,1.52,1.34,71951,123649031.49,12.24,3.4,0.05,4.61
荣盛发展,2009-07-21,1.47,1.37,1.58,1.34,81293,142458022.27,15.79,-9.87,-0.15,5.21
荣盛发展,2009-07-22,1.34,1.41,1.41,1.32,43755,74952891.88,6.57,2.92,0.04,2.8
荣盛发展,2009-07-23,1.43,1.58,1.62,1.41,77759,139424518.63,14.89,12.06,0.17,4.98
荣盛发展,2009-07-24,1.59,1.72,1.75,1.52,98818,180719005.28,14.56,8.86,0.14,6.33
荣盛发展,2009-07-27,1.73,1.67,1.76,1.58,46008,84223283.72,10.47,-2.91,-0.05,2.95
荣盛发展,2009-07-28,1.65,1.62,1.74,1.48,63956,115175963.17,15.57,-2.99,-0.05,4.1
荣盛发展,2009-07-29,1.58,1.18,1.61,1.18,55050,93635408.5,26.54,-27.16,-0.44,3.53
荣盛发展,2009-07-30,1.19,1.05,1.29,0.95,70501,111535560.98,28.81,-11.02,-0.13,4.52
荣盛发展,2009-07-31,1.08,1.21,1.24,1.03,58097,94106731.66,20.0,15.24,0.16,3.72
荣盛发展,2009-08-03,1.2,1.23,1.29,1.1,73858,120401719.14,15.7,1.65,0.02,4.73
荣盛发展,2009-08-04,1.24,1.52,1.55,1.23,75721,130754869.89,26.02,23.58,0.29,4.85
荣盛发展,2009-08-05,1.46,1.6,1.69,1.32,89525,159886995.29,24.34,5.26,0.08,5.74
荣盛发展,2009-08-06,1.56,1.68,1.81,1.43,77786,141680776.84,23.75,5.0,0.08,4.99
荣盛发展,2009-08-07,1.67,1.31,1.74,1.26,36907,65286364.43,28.57,-22.02,-0.37,2.37
荣盛发展,2009-08-10,1.31,1.29,1.41,1.24,30677,52135081.12,12.98,-1.53,-0.02,1.97
荣盛发展,2009-08-11,1.34,1.39,1.59,1.34,67562,118891080.7,19.38,7.75,0.1,4.33
荣盛发展,2009-08-12,1.34,1.45,1.59,1.23,79863,140800235.77,25.9,4.32,0.06,5.12
荣盛发展,2009-08-13,1.45,1.88,1.88,1.34,143531,267710563.73,37.24,29.66,0.43,9.2
荣盛发展,2009-08-14,1.88,1.7,1.94,1.65,76416,144196601.97,15.43,-9.57,-0.18,4.9
荣盛发展,2009-08-17,1.61,1.25,1.93,1.25,96229,176300272.8,40.0,-26.47,-0.45,6.17
荣盛发展,2009-08-18,1.1,1.25,1.34,0.88,76530,123417365.51,36.8,0.0,0.0,4.9
荣盛发展,2009-08-19,1.18,0.86,1.24,0.86,51971,81690361.19,30.4,-31.2,-0.39,3.33
荣盛发展,2009-08-21,1.02,1.08,1.21,0.93,61378,97232524.66,32.56,25.58,0.22,3.93
荣盛发展,2009-08-24,1.07,1.13,1.2,1.05,33195,53613310.58,13.89,4.63,0.05,2.13
荣盛发展,2009-08-25,1.11,1.04,1.19,0.96,50559,80095248.29,20.35,-7.96,-0.09,3.24
荣盛发展,2009-08-26,1.0,1.42,1.42,0.97,54471,90700382.76,43.27,36.54,0.38,3.49
荣盛发展,2009-08-27,1.34,1.34,1.42,1.24,34524,58549420.23,12.68,-5.63,-0.08,2.21
荣盛发展,2009-08-28,1.35,1.14,1.35,1.07,32962,53598072.34,20.9,-14.93,-0.2,2.11
荣盛发展,2009-08-31,1.05,0.8,1.05,0.75,55074,82169801.26,26.32,-29.82,-0.34,3.53
荣盛发展,2009-09-01,0.78,0.78,0.98,0.55,46561,68323404.83,53.75,-2.5,-0.02,2.98
荣盛发展,2009-09-02,0.75,0.82,0.89,0.68,23353,34528275.38,26.92,5.13,0.04,1.5
荣盛发展,2009-09-03,0.82,1.07,1.1,0.82,40978,64168339.32,34.15,30.49,0.25,2.63
荣盛发展,2009-09-04,1.18,1.16,1.26,1.1,48531,79430149.06,14.95,8.41,0.09,3.11
荣盛发展,2009-09-07,1.23,1.09,1.26,1.04,34202,55508885.96,18.97,-6.03,-0.07,2.19
荣盛发展,2009-09-08,1.12,1.34,1.36,1.1,55605,93015717.38,23.85,22.94,0.25,3.56
荣盛发展,2009-09-09,1.38,1.36,1.39,1.29,50240,85542648.69,7.46,1.49,0.02,3.22
荣盛发展,2009-09-10,1.29,1.46,1.56,1.29,46499,81890939.96,19.85,7.35,0.1,2.98
荣盛发展,2009-09-11,1.44,1.58,1.58,1.36,61671,108833709.27,15.07,8.22,0.12,3.95
荣盛发展,2009-09-14,1.58,1.73,1.79,1.53,40623,75316780.13,16.46,9.49,0.15,2.6
荣盛发展,2009-09-15,1.79,1.63,1.79,1.62,55963,102770129.76,9.83,-5.78,-0.1,3.59
荣盛发展,2009-09-16,1.63,1.63,1.67,1.45,45519,81399098.45,13.5,0.0,0.0,2.92
荣盛发展,2009-09-17,1.63,1.69,1.69,1.56,39966,73251535.18,7.98,3.68,0.06,2.56
荣盛发展,2009-09-18,1.63,1.41,1.68,1.35,34891,62049174.9,19.53,-16.57,-0.28,2.24
荣盛发展,2009-09-21,1.4,1.33,1.4,1.02,56922,93108230.94,26.95,-5.67,-0.08,3.65
荣盛发展,2009-09-22,1.27,1.19,1.43,1.19,33290,55974719.84,18.05,-10.53,-0.14,2.13
荣盛发展,2009-09-23,1.18,1.11,1.29,0.99,58451,93573169.24,25.21,-6.72,-0.08,3.75
荣盛发展,2009-09-24,1.05,1.27,1.4,1.01,32241,52904401.65,35.14,14.41,0.16,2.07
荣盛发展,2009-09-25,1.29,1.28,1.36,1.21,20275,34035235.33,11.81,0.79,0.01,1.3
荣盛发展,2009-09-28,1.28,1.3,1.33,1.2,25101,41858784.88,10.16,1.56,0.02,1.61
荣盛发展,2009-09-29,1.27,1.13,1.28,1.1,18093,29527325.28,13.85,-13.08,-0.17,1.16
荣盛发展,2009-09-30,1.15,1.16,1.27,1.15,16989,28014003.72,10.62,2.65,0.03,1.09
荣盛发展,2009-10-09,1.23,1.38,1.4,1.21,17801,30030335.92,16.38,18.97,0.22,1.14
荣盛发展,2009-10-12,1.41,1.44,1.52,1.35,22077,38616581.66,12.32,4.35,0.06,1.41
荣盛发展,2009-10-13,1.44,1.47,1.52,1.4,17954,31414331.94,8.33,2.08,0.03,1.15
荣盛发展,2009-10-14,1.51,1.65,1.77,1.48,51143,93771845.71,19.73,12.24,0.18,3.28
荣盛发展,2009-10-16,1.58,1.75,1.77,1.56,48389,90043808.09,12.73,6.06,0.1,3.1
荣盛发展,2009-10-19,1.72,2.11,2.2,1.72,74720,148284918.15,27.43,20.57,0.36,4.79
荣盛发展,2009-10-20,2.1,2.23,2.26,2.04,60202,121873860.99,10.43,5.69,0.12,3.86
荣盛发展,2009-10-21,2.18,2.1,2.44,2.06,61564,128995902.05,17.04,-5.83,-0.13,3.95
荣盛发展,2009-10-22,2.09,2.13,2.25,2.06,33651,68594880.07,9.05,1.43,0.03,2.16
荣盛发展,2009-10-23,2.13,2.21,2.44,2.13,47280,99235141.55,14.55,3.76,0.08,3.03
荣盛发展,2009-10-26,2.22,2.42,2.43,2.22,45540,96342455.35,9.5,9.5,0.21,2.92
荣盛发展,2009-10-27,2.37,2.12,2.4,2.1,32608,68088505.37,12.4,-12.4,-0.3,2.09
荣盛发展,2009-10-28,2.06,2.07,2.15,1.82,46353,91672418.09,15.57,-2.36,-0.05,2.97
荣盛发展,2009-10-29,1.94,1.99,2.04,1.88,25145,49163630.92,7.73,-3.86,-0.08,1.61
荣盛发展,2009-10-30,2.06,1.97,2.18,1.96,24491,49026877.07,11.06,-1.01,-0.02,1.57
荣盛发展,2009-11-02,1.87,2.12,2.12,1.79,39911,77948602.97,16.75,7.61,0.15,2.56
荣盛发展,2009-11-03,2.12,2.12,2.27,2.09,31547,64870222.58,8.49,0.0,0.0,2.02
荣盛发展,2009-11-04,2.12,1.89,2.13,1.87,119808,233415706.99,12.26,-10.85,-0.23,7.68
荣盛发展,2009-11-05,2.0,2.07,2.19,1.97,78394,156727767.01,11.64,9.52,0.18,5.02
荣盛发展,2009-11-06,2.08,2.34,2.44,2.06,77581,161886130.43,18.36,13.04,0.27,4.97
荣盛发展,2009-11-09,2.31,2.37,2.42,2.2,41541,87243881.69,9.4,1.28,0.03,2.66
荣盛发展,2009-11-10,2.44,2.47,2.56,2.32,58213,125564053.3,10.13,4.22,0.1,3.73
荣盛发展,2009-11-11,2.44,2.39,2.53,2.36,33059,71162701.4,6.88,-3.24,-0.08,2.12
荣盛发展,2009-11-12,2.39,2.38,2.52,2.37,28566,61561070.17,6.28,-0.42,-0.01,1.83
荣盛发展,2009-11-13,2.35,2.38,2.39,2.19,36162,76102101.83,8.4,0.0,0.0,2.32
荣盛发展,2009-11-16,2.4,2.51,2.53,2.37,51355,111465841.48,6.72,5.46,0.13,3.29
荣盛发展,2009-11-17,2.52,2.65,2.72,2.48,45409,101877667.54,9.56,5.58,0.14,2.91
荣盛发展,2009-11-18,2.66,2.6,2.74,2.56,25303,56497495.18,6.79,-1.89,-0.05,1.62
荣盛发展,2009-11-19,2.58,2.67,2.69,2.52,27829,61938599.38,6.54,2.69,0.07,1.78
荣盛发展,2009-11-20,2.68,2.74,2.8,2.59,26536,60135516.15,7.87,2.62,0.07,1.7
荣盛发展,2009-11-23,2.67,2.67,2.74,2.58,27912,62791714.77,5.84,-2.55,-0.07,1.79
荣盛发展,2009-11-24,2.71,2.45,2.71,2.3,48156,106696657.01,15.36,-8.24,-0.22,3.09
荣盛发展,2009-11-25,2.44,2.47,2.51,2.26,36473,78162298.28,10.2,0.82,0.02,2.34
荣盛发展,2009-11-26,2.46,2.18,2.65,2.18,47313,101528422.33,19.03,-11.74,-0.29,3.03
荣盛发展,2009-11-27,2.04,2.01,2.16,2.0,42159,84326456.62,7.34,-7.8,-0.17,2.7
荣盛发展,2009-11-30,2.02,2.13,2.13,1.99,30684,61452395.24,6.97,5.97,0.12,1.97
荣盛发展,2009-12-01,2.16,2.22,2.22,2.08,32584,66376460.83,6.57,4.23,0.09,2.09
荣盛发展,2009-12-02,2.24,2.43,2.49,2.24,38052,81497700.84,11.26,9.46,0.21,2.44
荣盛发展,2009-12-03,2.42,2.35,2.42,2.28,23143,49071928.16,5.76,-3.29,-0.08,1.48
荣盛发展,2009-12-04,2.35,2.24,2.42,2.1,25184,52671072.2,13.62,-4.68,-0.11,1.61
荣盛发展,2009-12-07,2.18,2.45,2.46,2.15,27706,58854626.69,13.84,9.38,0.21,1.78
荣盛发展,2009-12-08,2.57,2.71,2.91,2.57,88742,204770858.67,13.88,10.61,0.26,5.69
荣盛发展,2009-12-09,2.71,2.94,3.13,2.59,66920,158385700.32,19.93,8.49,0.23,4.29
荣盛发展,2009-12-10,2.93,2.88,3.17,2.73,50707,119489193.05,14.97,-2.04,-0.06,3.25
荣盛发展,2009-12-11,2.87,2.87,2.99,2.75,30038,69828819.33,8.33,-0.35,-0.01,1.93
荣盛发展,2009-12-14,2.84,2.69,2.84,2.57,32082,72214650.5,9.41,-6.27,-0.18,2.06
荣盛发展,2009-12-15,2.61,2.51,2.61,2.46,37183,81045555.73,5.58,-6.69,-0.18,2.38
荣盛发展,2009-12-16,2.42,2.36,2.54,2.35,32203,69002291.38,7.57,-5.98,-0.15,2.06
荣盛发展,2009-12-17,2.39,2.36,2.52,2.35,24192,51921503.96,7.2,0.0,0.0,1.55
荣盛发展,2009-12-18,2.28,1.98,2.28,1.96,55322,111438260.03,13.56,-16.1,-0.38,3.55
荣盛发展,2009-12-21,1.95,2.0,2.08,1.82,45980,89981165.49,13.13,1.01,0.02,2.95
荣盛发展,2009-12-22,2.01,1.82,2.05,1.79,36012,69784153.52,13.0,-9.0,-0.18,2.31
荣盛发展,2009-12-23,1.82,1.89,1.93,1.82,18357,35320687.84,6.04,3.85,0.07,1.18
荣盛发展,2009-12-24,1.89,2.01,2.15,1.83,39582,78152285.94,16.93,6.35,0.12,2.54
荣盛发展,2009-12-25,2.03,2.14,2.21,1.98,28961,58357050.09,11.44,6.47,0.13,1.86
荣盛发展,2009-12-28,2.14,2.31,2.35,2.13,31847,66206202.05,10.28,7.94,0.17,2.04
荣盛发展,2009-12-29,2.31,2.36,2.36,2.24,38075,80093987.64,5.19,2.16,0.05,2.44
荣盛发展,2009-12-30,2.33,2.33,2.44,2.3,47967,101891285.1,5.93,-1.27,-0.03,3.07
荣盛发展,2009-12-31,2.33,2.23,2.35,2.22,28316,58879629.54,5.58,-4.29,-0.1,1.81
荣盛发展,2010-01-04,2.28,2.04,2.29,2.01,42823,85662803.06,12.56,-8.52,-0.19,2.74
荣盛发展,2010-01-05,2.01,1.88,2.02,1.81,59286,114249865.41,10.29,-7.84,-0.16,3.8
荣盛发展,2010-01-06,1.86,1.99,2.05,1.81,45803,89574555.43,12.77,5.85,0.11,2.94
荣盛发展,2010-01-07,1.95,1.91,2.06,1.81,53417,103823039.23,12.56,-4.02,-0.08,3.42
荣盛发展,2010-01-08,1.86,1.93,1.96,1.83,27900,53783024.36,6.81,1.05,0.02,1.79
荣盛发展,2010-01-11,1.88,1.55,1.93,1.49,108591,198353955.38,22.8,-19.69,-0.38,6.96
荣盛发展,2010-01-12,1.56,1.6,1.65,1.38,72510,128509833.37,17.42,3.23,0.05,4.65
荣盛发展,2010-01-13,1.38,1.41,1.55,1.35,60338,104998560.53,12.5,-11.88,-0.19,3.87
荣盛发展,2010-01-14,1.41,1.46,1.48,1.29,64535,110758530.66,13.48,3.55,0.05,4.14
荣盛发展,2010-01-15,1.47,1.68,1.74,1.47,99115,180992747.2,18.49,15.07,0.22,6.35
荣盛发展,2010-01-18,1.7,1.79,1.81,1.61,51938,96638158.01,11.9,6.55,0.11,3.33
荣盛发展,2010-01-19,1.8,1.73,1.82,1.7,58193,108865746.89,6.7,-3.35,-0.06,3.73
荣盛发展,2010-01-20,1.73,1.46,1.77,1.43,38521,68964924.35,19.65,-15.61,-0.27,2.47
荣盛发展,2010-01-22,1.46,1.57,1.63,1.35,28519,50310399.78,19.18,7.53,0.11,1.83
荣盛发展,2010-01-25,1.53,1.53,1.63,1.47,21052,37826253.0,10.19,-2.55,-0.04,1.35
荣盛发展,2010-01-26,1.51,1.34,1.59,1.27,35996,61449781.83,20.92,-12.42,-0.19,2.31
荣盛发展,2010-01-27,1.34,1.34,1.46,1.27,31905,54442814.4,14.18,0.0,0.0,2.04
荣盛发展,2010-01-28,1.32,1.24,1.4,1.19,46869,78413328.44,15.67,-7.46,-0.1,3.0
荣盛发展,2010-01-29,1.24,1.21,1.28,1.2,20674,34301874.46,6.45,-2.42,-0.03,1.32
荣盛发展,2010-02-01,1.22,1.23,1.29,0.94,39174,62266982.13,28.93,1.65,0.02,2.51
荣盛发展,2010-02-02,1.23,1.32,1.48,1.22,48770,83846721.29,21.14,7.32,0.09,3.13
荣盛发展,2010-02-03,1.32,1.35,1.39,1.0,58634,96268782.86,29.55,2.27,0.03,3.76
荣盛发展,2010-02-04,1.28,1.35,1.43,1.22,43403,74017489.97,15.56,0.0,0.0,2.78
荣盛发展,2010-02-05,1.07,1.17,1.33,1.07,20484,33705992.51,19.26,-13.33,-0.18,1.31
荣盛发展,2010-02-08,1.14,1.09,1.18,1.09,20786,33591244.56,7.69,-6.84,-0.08,1.33
荣盛发展,2010-02-09,1.1,1.19,1.2,1.1,29927,48784952.93,9.17,9.17,0.1,1.92
荣盛发展,2010-02-10,1.2,1.31,1.34,1.18,19105,32011442.98,13.45,10.08,0.12,1.22
荣盛发展,2010-02-11,1.31,1.44,1.51,1.31,41071,71786282.99,15.27,9.92,0.13,2.63
荣盛发展,2010-02-12,1.44,1.44,1.5,1.39,12263,21368246.16,7.64,0.0,0.0,0.79
荣盛发展,2010-02-22,1.39,1.33,1.41,1.32,12282,20937494.78,6.25,-7.64,-0.11,0.79
荣盛发展,2010-02-23,1.33,1.23,1.33,1.14,27687,45546119.01,14.29,-7.52,-0.1,1.77
荣盛发展,2010-02-24,1.18,1.38,1.38,1.14,18598,31370032.82,19.51,12.2,0.15,1.19
荣盛发展,2010-02-25,1.39,1.57,1.63,1.38,36202,64260029.03,18.12,13.77,0.19,2.32
荣盛发展,2010-02-26,1.59,1.58,1.59,1.51,22739,40859578.28,5.1,0.64,0.01,1.46
荣盛发展,2010-03-01,1.58,1.58,1.6,1.46,19697,35107669.35,8.86,0.0,0.0,1.26
荣盛发展,2010-03-02,1.58,1.65,1.7,1.53,27583,50509778.89,10.76,4.43,0.07,1.77
荣盛发展,2010-03-03,1.65,1.66,1.67,1.6,21375,38995423.88,4.24,0.61,0.01,1.37
荣盛发展,2010-03-04,1.65,1.44,1.77,1.38,48701,88142082.89,23.49,-13.25,-0.22,3.12
荣盛发展,2010-03-05,1.46,1.44,1.51,1.42,14011,24485747.34,6.25,0.0,0.0,0.9
荣盛发展,2010-03-08,1.47,1.54,1.57,1.41,23881,42216733.28,11.11,6.94,0.1,1.53
荣盛发展,2010-03-09,1.54,1.82,1.89,1.5,81901,154340804.68,25.32,18.18,0.28,5.25
荣盛发展,2010-03-10,1.82,1.68,1.87,1.67,39150,73711755.2,10.99,-7.69,-0.14,2.51
荣盛发展,2010-03-11,1.68,1.73,1.84,1.65,18993,35460914.34,11.31,2.98,0.05,1.22
荣盛发展,2010-03-12,1.69,1.68,1.74,1.58,20470,37392589.3,9.25,-2.89,-0.05,1.31
荣盛发展,2010-03-15,1.68,1.54,1.68,1.48,36045,64402547.15,11.9,-8.33,-0.14,2.31
荣盛发展,2010-03-16,1.53,1.63,1.63,1.52,11619,20965635.35,7.14,5.84,0.09,0.74
荣盛发展,2010-03-17,1.65,1.84,1.87,1.65,34229,64794183.76,13.5,12.88,0.21,2.19
荣盛发展,2010-03-18,1.87,2.03,2.07,1.85,81105,159560132.74,11.96,10.33,0.19,5.2
荣盛发展,2010-03-19,2.01,1.99,2.08,1.9,44986,88933898.57,8.87,-1.97,-0.04,2.88
荣盛发展,2010-03-22,2.04,2.09,2.18,2.03,45302,91231261.9,7.54,5.03,0.1,2.9
荣盛发展,2010-03-23,2.08,1.99,2.08,1.97,25845,51197012.05,5.26,-4.78,-0.1,1.66
荣盛发展,2010-03-24,1.99,2.04,2.1,1.96,24770,49311417.71,7.04,2.51,0.05,1.59
荣盛发展,2010-03-25,2.01,2.0,2.02,1.9,21076,41318093.21,5.88,-1.96,-0.04,1.35
荣盛发展,2010-03-26,1.99,2.07,2.11,1.87,26958,53695557.37,12.0,3.5,0.07,1.73
荣盛发展,2010-03-29,2.07,2.25,2.29,2.07,34076,70274485.23,10.63,8.7,0.18,2.18
荣盛发展,2010-03-30,2.25,2.28,2.36,2.21,36491,76772758.09,6.67,1.33,0.03,2.34
荣盛发展,2010-03-31,2.25,2.41,2.53,2.25,35437,76023886.84,12.28,5.7,0.13,2.27
荣盛发展,2010-04-01,2.44,2.39,2.52,2.37,44315,95935591.68,6.22,-0.83,-0.02,2.84
荣盛发展,2010-04-02,2.44,2.52,2.66,2.4,53118,116950087.59,10.88,5.44,0.13,3.4
荣盛发展,2010-04-06,2.56,2.19,2.59,2.14,86643,180925138.2,17.86,-13.1,-0.33,5.55
荣盛发展,2010-04-07,2.17,2.14,2.17,1.99,74772,149647310.95,8.22,-2.28,-0.05,4.79
荣盛发展,2010-04-08,2.08,2.09,2.12,2.03,41178,82748960.69,4.21,-2.34,-0.05,2.64
荣盛发展,2010-04-09,2.06,2.05,2.12,1.99,40231,80190554.75,6.22,-1.91,-0.04,2.58
荣盛发展,2010-04-12,2.03,1.87,2.03,1.72,118612,225340555.21,15.12,-8.78,-0.18,7.6
荣盛发展,2010-04-14,1.8,1.84,1.86,1.75,49789,94224112.22,5.88,-1.6,-0.03,3.19
荣盛发展,2010-04-15,1.79,1.7,1.81,1.65,74293,138289490.19,8.7,-7.61,-0.14,4.76
荣盛发展,2010-04-16,1.63,1.57,1.72,1.52,55375,100153078.64,11.76,-7.65,-0.13,3.55
荣盛发展,2010-04-19,1.46,1.19,1.47,1.16,84185,141265698.78,19.75,-24.2,-0.38,5.4
荣盛发展,2010-04-20,1.11,0.89,1.19,0.86,114233,177202906.24,27.73,-25.21,-0.3,7.32
荣盛发展,2010-04-21,0.91,1.04,1.07,0.91,71869,111733418.48,17.98,16.85,0.15,4.61
荣盛发展,2010-04-22,1.03,0.95,1.03,0.83,66475,101651145.01,19.23,-8.65,-0.09,4.26
荣盛发展,2010-04-23,0.93,1.05,1.13,0.93,77390,122336547.86,21.05,10.53,0.1,4.96
荣盛发展,2010-04-26,1.09,0.97,1.11,0.96,38380,59824503.8,14.29,-7.62,-0.08,2.46
荣盛发展,2010-04-27,0.95,1.05,1.06,0.91,53480,83572421.82,15.46,8.25,0.08,3.43
荣盛发展,2010-04-28,1.0,1.0,1.12,0.95,42150,66390197.34,16.19,-4.76,-0.05,2.7
荣盛发展,2010-04-29,1.02,0.95,1.07,0.95,41691,65106094.03,12.0,-5.0,-0.05,2.67
荣盛发展,2010-04-30,0.98,0.91,0.98,0.89,31947,48780342.24,9.47,-4.21,-0.04,2.05
荣盛发展,2010-05-04,0.8,0.67,0.81,0.62,46161,66800512.5,20.88,-26.37,-0.24,2.96
荣盛发展,2010-05-05,0.62,0.78,0.8,0.54,45418,64741414.97,38.81,16.42,0.11,2.91
荣盛发展,2010-05-06,0.73,0.53,0.75,0.52,38158,53775043.18,29.49,-32.05,-0.25,2.45
荣盛发展,2010-05-07,0.39,0.45,0.59,0.39,29065,39457491.05,37.74,-15.09,-0.08,1.86
荣盛发展,2010-05-10,0.5,0.55,0.58,0.46,24681,33641065.95,26.67,22.22,0.1,1.58
荣盛发展,2010-05-11,0.61,0.39,0.65,0.37,43444,59028372.61,50.91,-29.09,-0.16,2.78
荣盛发展,2010-05-12,0.37,0.46,0.5,0.26,38024,49854331.68,61.54,17.95,0.07,2.44
荣盛发展,2010-05-13,0.5,0.5,0.52,0.39,32295,43143774.88,28.26,8.7,0.04,2.07
荣盛发展,2010-05-14,0.45,0.47,0.49,0.39,34999,46299010.1,20.0,-6.0,-0.03,2.24
荣盛发展,2010-05-17,0.4,0.27,0.4,0.25,38641,49326672.56,31.91,-42.55,-0.2,2.48
荣盛发展,2010-05-18,0.29,0.57,0.57,0.25,61631,81917329.08,118.52,111.11,0.3,3.95
荣盛发展,2010-05-19,0.58,0.61,0.71,0.55,94704,133375976.17,28.07,7.02,0.04,6.07
荣盛发展,2010-05-20,0.53,0.62,0.68,0.51,63347,88548621.68,27.87,1.64,0.01,4.06
荣盛发展,2010-05-21,0.52,0.86,0.95,0.46,95973,140625130.61,79.03,38.71,0.24,6.15
荣盛发展,2010-05-24,0.91,1.09,1.16,0.9,76124,120810114.22,30.23,26.74,0.23,4.88
荣盛发展,2010-05-25,1.02,0.9,1.02,0.88,77509,118744903.85,12.84,-17.43,-0.19,4.97
荣盛发展,2010-05-26,0.85,1.03,1.03,0.83,92448,88116586.4,22.22,14.44,0.13,3.7
荣盛发展,2010-05-27,0.98,1.0,1.02,0.82,66866,63583152.07,19.42,-2.91,-0.03,2.68
荣盛发展,2010-05-28,1.02,0.87,1.03,0.82,64584,60788272.38,21.0,-13.0,-0.13,2.59
荣盛发展,2010-05-31,0.83,0.7,0.94,0.7,84260,77699214.95,27.59,-19.54,-0.17,3.37
荣盛发展,2010-06-01,0.63,0.53,0.69,0.49,44468,38234236.96,28.57,-24.29,-0.17,1.78
荣盛发展,2010-06-02,0.5,0.68,0.68,0.49,46952,40841746.41,35.85,28.3,0.15,1.88
荣盛发展,2010-06-03,0.68,0.64,0.76,0.63,45188,40067347.07,19.12,-5.88,-0.04,1.81
荣盛发展,2010-06-04,0.58,0.7,0.76,0.53,40096,35489731.9,35.94,9.38,0.06,1.61
荣盛发展,2010-06-07,0.6,0.85,0.91,0.6,86379,78727571.21,44.29,21.43,0.15,3.46
荣盛发展,2010-06-08,0.82,0.98,1.01,0.81,105716,100939954.5,23.53,15.29,0.13,4.23
荣盛发展,2010-06-09,0.96,1.13,1.2,0.9,81380,79970190.16,30.61,15.31,0.15,3.26
荣盛发展,2010-06-10,1.05,1.11,1.16,1.02,56757,56247344.21,12.39,-1.77,-0.02,2.27
荣盛发展,2010-06-11,1.13,1.13,1.18,1.11,67107,67481369.95,6.31,1.8,0.02,2.69
荣盛发展,2010-06-17,1.13,1.32,1.43,1.13,89584,92790489.81,26.55,16.81,0.19,3.59
荣盛发展,2010-06-18,1.3,1.18,1.45,1.15,96770,101680086.85,22.73,-10.61,-0.14,3.88
荣盛发展,2010-06-21,1.15,1.33,1.43,1.08,112562,116778285.98,29.66,12.71,0.15,4.51
荣盛发展,2010-06-22,1.27,1.51,1.73,1.26,195399,213500720.41,35.34,13.53,0.18,7.83
荣盛发展,2010-06-23,1.43,1.45,1.55,1.34,98660,106560231.94,13.91,-3.97,-0.06,3.95
荣盛发展,2010-06-24,1.4,1.27,1.49,1.24,63835,67470615.27,17.24,-12.41,-0.18,2.56
荣盛发展,2010-06-25,1.24,1.17,1.26,1.1,59282,59938112.3,12.6,-7.87,-0.1,2.37
荣盛发展,2010-06-28,1.16,1.1,1.23,1.09,48886,49188730.32,11.97,-5.98,-0.07,1.96
荣盛发展,2010-06-29,1.12,0.86,1.15,0.8,74259,70723737.54,31.82,-21.82,-0.24,2.97
荣盛发展,2010-06-30,0.83,0.83,0.92,0.78,43512,40351140.81,16.28,-3.49,-0.03,1.73
荣盛发展,2010-07-01,0.84,0.82,0.95,0.81,46616,43528407.75,16.87,-1.2,-0.01,1.86
荣盛发展,2010-07-02,0.79,0.94,1.05,0.58,88948,82566785.3,57.32,14.63,0.12,3.55
荣盛发展,2010-07-05,0.82,0.98,1.02,0.73,68665,64635299.18,30.85,4.26,0.04,2.74
荣盛发展,2010-07-06,0.93,1.06,1.14,0.89,67716,66597603.23,25.51,8.16,0.08,2.7
荣盛发展,2010-07-07,1.03,1.25,1.31,1.03,99894,102421728.21,26.42,17.92,0.19,3.98
荣盛发展,2010-07-08,1.25,1.19,1.32,1.13,54156,55623527.78,15.2,-4.8,-0.06,2.16
荣盛发展,2010-07-09,1.18,1.27,1.34,1.15,75524,78554131.82,15.97,6.72,0.08,3.01
荣盛发展,2010-07-13,1.33,1.28,1.33,1.14,101199,104875929.4,14.96,0.79,0.01,4.03
荣盛发展,2010-07-14,1.24,1.29,1.42,1.22,88384,92708555.71,15.63,0.78,0.01,3.52
荣盛发展,2010-07-15,1.29,1.29,1.39,1.26,87114,92138354.99,10.08,0.0,0.0,3.47
荣盛发展,2010-07-16,1.26,1.34,1.38,1.21,52750,55596222.42,13.18,3.88,0.05,2.1
荣盛发展,2010-07-19,1.32,1.48,1.51,1.27,71390,77585421.93,17.91,10.45,0.14,2.85
荣盛发展,2010-07-20,1.47,1.52,1.53,1.44,90782,99409102.39,6.08,2.7,0.04,3.62
荣盛发展,2010-07-21,1.52,1.4,1.52,1.37,83966,90732640.66,9.87,-7.89,-0.12,3.35
荣盛发展,2010-07-22,1.38,1.49,1.52,1.36,70093,76674496.23,11.43,6.43,0.09,2.79
荣盛发展,2010-07-23,1.49,1.43,1.52,1.39,49732,53915447.75,8.72,-4.03,-0.06,1.98
荣盛发展,2010-07-26,1.43,1.52,1.52,1.32,73470,79816909.0,13.99,6.29,0.09,2.93
荣盛发展,2010-07-27,1.51,1.43,1.51,1.42,37808,41183382.4,5.92,-5.92,-0.09,1.51
荣盛发展,2010-07-29,1.62,1.74,1.8,1.58,146825,168232408.69,15.38,21.68,0.31,5.85
荣盛发展,2010-07-30,1.63,1.86,1.97,1.62,126404,148745549.32,20.11,6.9,0.12,5.04
荣盛发展,2010-08-02,1.85,2.0,2.08,1.79,106273,130334135.4,15.59,7.53,0.14,4.24
荣盛发展,2010-08-03,2.0,1.9,2.06,1.89,88225,107844628.9,8.5,-5.0,-0.1,3.52
荣盛发展,2010-08-04,1.87,1.91,1.94,1.71,83575,98386876.38,12.11,0.53,0.01,3.33
荣盛发展,2010-08-05,1.89,1.68,1.89,1.65,96396,111759913.45,12.57,-12.04,-0.23,3.84
荣盛发展,2010-08-06,1.66,1.85,1.87,1.54,117038,134180025.57,19.64,10.12,0.17,4.66
荣盛发展,2010-08-09,1.77,1.85,1.97,1.69,98123,115769645.58,15.14,0.0,0.0,3.91
荣盛发展,2010-08-11,1.66,1.77,1.88,1.62,82617,96039422.87,14.05,-4.32,-0.08,0.75
荣盛发展,2010-08-12,1.7,1.88,1.93,1.67,99120,118027592.54,14.69,6.21,0.11,0.9
荣盛发展,2010-08-13,1.89,1.85,1.93,1.7,64908,76659612.02,12.23,-1.6,-0.03,0.59
荣盛发展,2010-08-16,1.87,1.97,2.0,1.78,81529,98070264.38,11.89,6.49,0.12,0.74
荣盛发展,2010-08-17,1.98,2.24,2.28,1.9,126479,160240470.11,19.29,13.71,0.27,1.15
荣盛发展,2010-08-18,2.28,2.17,2.28,2.12,60631,77776043.78,7.14,-3.13,-0.07,0.55
荣盛发展,2010-08-19,2.2,2.1,2.2,1.99,61360,76822062.4,9.68,-3.23,-0.07,0.56
荣盛发展,2010-08-20,2.02,1.94,2.08,1.93,47975,59024256.67,7.14,-7.62,-0.16,0.44
荣盛发展,2010-08-23,1.89,1.9,1.97,1.86,33714,40791567.12,5.67,-2.06,-0.04,0.31
荣盛发展,2010-08-24,1.91,2.02,2.05,1.9,37674,46283563.34,7.89,6.32,0.12,0.34
荣盛发展,2010-08-25,2.0,1.79,2.01,1.7,46228,55434074.47,15.35,-11.39,-0.23,0.42
荣盛发展,2010-08-26,1.78,1.77,1.87,1.7,47015,55081886.17,9.5,-1.12,-0.02,0.43
荣盛发展,2010-08-27,1.8,1.8,1.82,1.66,29529,34403603.62,9.04,1.69,0.03,0.27
荣盛发展,2010-08-30,1.82,1.81,1.88,1.76,38247,45167139.59,6.67,0.56,0.01,0.35
荣盛发展,2010-08-31,1.8,1.74,1.81,1.67,52109,60390700.37,7.73,-3.87,-0.07,0.48
荣盛发展,2010-09-01,1.74,1.62,1.85,1.58,53353,61708544.91,15.52,-6.9,-0.12,0.49
荣盛发展,2010-09-02,1.74,1.72,1.78,1.7,58342,67678158.28,4.94,6.17,0.1,0.53
荣盛发展,2010-09-03,1.72,1.68,1.76,1.63,64054,73262409.42,7.56,-2.33,-0.04,0.58
荣盛发展,2010-09-06,1.68,1.92,1.98,1.66,124307,149155822.59,19.05,14.29,0.24,1.13
荣盛发展,2010-09-07,1.94,1.95,2.04,1.89,132432,161423088.6,7.81,1.56,0.03,1.06
荣盛发展,2010-09-08,1.94,1.83,1.94,1.78,72311,85510970.96,8.21,-6.15,-0.12,0.58
荣盛发展,2010-09-09,1.82,1.63,1.83,1.62,92217,105513853.23,11.48,-10.93,-0.2,0.74
荣盛发展,2010-09-10,1.63,1.55,1.68,1.41,66273,72951551.92,16.56,-4.91,-0.08,0.53
荣盛发展,2010-09-13,1.51,1.57,1.74,1.49,112851,127410818.97,16.13,1.29,0.02,0.9
荣盛发展,2010-09-14,1.58,1.39,1.6,1.33,188293,202815549.25,17.2,-11.46,-0.18,1.51
荣盛发展,2010-09-15,1.38,1.39,1.48,1.28,120372,128854307.31,14.39,0.0,0.0,0.96
荣盛发展,2010-09-16,1.39,1.3,1.43,1.21,63770,66908280.38,15.83,-6.47,-0.09,0.51
荣盛发展,2010-09-17,1.3,1.3,1.37,1.27,44865,46911659.69,7.69,0.0,0.0,0.36
荣盛发展,2010-09-20,1.28,1.33,1.36,1.21,56986,59530639.87,11.54,2.31,0.03,0.46
荣盛发展,2010-09-21,1.33,1.31,1.4,1.27,83185,87880613.63,9.77,-1.5,-0.02,0.67
荣盛发展,2010-09-27,1.29,1.32,1.39,1.1,92169,94598919.39,22.14,0.76,0.01,0.74
荣盛发展,2010-09-28,1.27,1.13,1.33,1.12,73529,75357948.44,15.91,-14.39,-0.19,0.59
荣盛发展,2010-09-30,1.08,1.23,1.35,1.03,202880,206968950.65,28.32,8.85,0.1,1.62
荣盛发展,2010-10-08,1.16,1.32,1.34,1.09,140084,144559730.33,20.33,7.32,0.09,1.12
荣盛发展,2010-10-11,1.3,1.55,1.55,1.27,154533,167778011.35,21.21,17.42,0.23,1.24
荣盛发展,2010-10-12,1.49,1.58,1.74,1.46,107066,121126822.61,18.06,1.94,0.03,0.86
荣盛发展,2010-10-13,1.59,2.01,2.01,1.58,351268,428950999.67,27.22,27.22,0.43,2.81
荣盛发展,2010-10-14,2.01,2.14,2.36,1.93,355192,450033513.29,21.39,6.47,0.13,2.84
荣盛发展,2010-10-15,2.05,2.46,2.46,1.97,268945,346784296.07,22.9,14.95,0.32,2.15
荣盛发展,2010-10-18,2.46,2.33,2.76,2.32,212166,291904421.77,17.89,-5.28,-0.13,1.7
荣盛发展,2010-10-19,2.28,2.27,2.38,2.05,147508,187444678.94,14.16,-2.58,-0.06,1.18
荣盛发展,2010-10-20,2.04,2.06,2.25,1.8,302091,370268099.03,19.82,-9.25,-0.21,2.42
荣盛发展,2010-10-21,1.96,2.18,2.25,1.94,141676,178003517.5,15.05,5.83,0.12,1.13
荣盛发展,2010-10-22,2.12,2.27,2.37,2.08,108252,140171759.18,13.3,4.13,0.09,0.87
荣盛发展,2010-10-25,2.27,2.4,2.47,2.01,204212,262642338.22,20.26,5.73,0.13,1.64
荣盛发展,2010-10-26,2.35,2.38,2.62,2.28,158694,213086786.07,14.17,-0.83,-0.02,1.27
荣盛发展,2010-10-27,2.38,2.41,2.6,2.24,115195,155150370.87,15.13,1.26,0.03,0.92
荣盛发展,2010-10-28,2.35,2.53,2.59,2.28,140338,191015441.61,12.86,4.98,0.12,1.12
荣盛发展,2010-10-29,2.49,2.39,2.54,2.22,121991,160933998.17,12.65,-5.53,-0.14,0.98
荣盛发展,2010-11-01,2.33,2.37,2.38,2.22,119035,155059868.62,6.69,-0.84,-0.02,0.95
荣盛发展,2010-11-02,2.35,2.41,2.49,2.18,199470,262953640.39,13.08,1.69,0.04,1.6
荣盛发展,2010-11-03,2.32,2.24,2.43,2.24,83199,109134595.88,7.88,-7.05,-0.17,0.67
荣盛发展,2010-11-04,2.2,2.22,2.3,2.18,72645,93602552.11,5.36,-0.89,-0.02,0.58
荣盛发展,2010-11-05,2.29,2.38,2.44,2.2,107168,140983433.51,10.81,7.21,0.16,0.86
荣盛发展,2010-11-08,2.5,2.48,2.67,2.44,161142,220543932.06,9.66,4.2,0.1,1.29
荣盛发展,2010-11-09,2.44,2.29,2.46,2.24,91808,120345764.9,8.87,-7.66,-0.19,0.74
荣盛发展,2010-11-10,2.29,2.11,2.29,1.98,158560,198269800.9,13.54,-7.86,-0.18,1.27
荣盛发展,2010-11-11,2.06,2.1,2.16,2.05,104757,131673813.02,5.21,-0.47,-0.01,0.84
荣盛发展,2010-11-12,2.19,1.76,2.32,1.62,171013,211282576.26,33.33,-16.19,-0.34,1.37
荣盛发展,2010-11-15,1.77,1.63,1.81,1.55,179076,202459585.17,14.77,-7.39,-0.13,1.43
荣盛发展,2010-11-16,1.62,1.45,1.63,1.37,92382,101914803.55,15.95,-11.04,-0.18,0.74
荣盛发展,2010-11-17,1.4,1.42,1.56,1.35,88234,95588293.04,14.48,-2.07,-0.03,0.71
荣盛发展,2010-11-18,1.47,1.42,1.52,1.35,96827,104512071.24,11.97,0.0,0.0,0.78
荣盛发展,2010-11-19,1.44,1.38,1.47,1.27,98824,104366528.98,14.08,-2.82,-0.04,0.79
荣盛发展,2010-11-22,1.42,1.55,1.63,1.36,122120,133559409.98,19.57,12.32,0.17,0.98
荣盛发展,2010-11-23,1.53,1.38,1.53,1.33,56381,60470985.76,12.9,-10.97,-0.17,0.45
荣盛发展,2010-11-24,1.37,1.45,1.5,1.35,49378,53342306.4,10.87,5.07,0.07,0.4
荣盛发展,2010-11-25,1.48,1.74,1.82,1.45,174014,198787083.92,25.52,20.0,0.29,1.39
荣盛发展,2010-11-26,1.66,1.68,1.82,1.63,85598,98598075.96,10.92,-3.45,-0.06,0.69
荣盛发展,2010-11-29,1.69,1.59,1.76,1.55,54713,62086468.73,12.5,-5.36,-0.09,0.44
荣盛发展,2010-11-30,1.63,1.6,1.73,1.4,77988,87201135.65,20.75,0.63,0.01,0.62
荣盛发展,2010-12-01,1.58,1.65,1.71,1.52,55678,62844291.15,11.88,3.13,0.05,0.45
荣盛发展,2010-12-02,1.73,1.72,1.78,1.66,74899,86749099.84,7.27,4.24,0.07,0.6
荣盛发展,2010-12-03,1.75,1.81,1.88,1.68,114226,134934559.55,11.63,5.23,0.09,0.91
荣盛发展,2010-12-06,1.82,1.77,1.84,1.64,87959,102275475.32,11.05,-2.21,-0.04,0.7
荣盛发展,2010-12-07,1.71,1.74,1.77,1.57,68697,79041780.43,11.3,-1.69,-0.03,0.55
荣盛发展,2010-12-08,1.73,1.71,1.9,1.68,81619,95431371.96,12.64,-1.72,-0.03,0.65
荣盛发展,2010-12-09,1.71,1.45,1.75,1.44,66985,74609680.51,18.13,-15.2,-0.26,0.54
荣盛发展,2010-12-10,1.44,1.39,1.47,1.28,81033,85979803.57,13.1,-4.14,-0.06,0.65
荣盛发展,2010-12-13,1.42,1.53,1.57,1.39,78458,85342122.62,12.95,10.07,0.14,0.63
荣盛发展,2010-12-14,1.58,1.6,1.64,1.55,69822,78615533.54,5.88,4.58,0.07,0.56
荣盛发展,2010-12-15,1.6,1.59,1.62,1.51,56434,63045252.51,6.88,-0.63,-0.01,0.45
荣盛发展,2010-12-16,1.56,1.97,2.02,1.52,297818,357715002.05,31.45,23.9,0.38,2.38
荣盛发展,2010-12-17,1.96,1.85,1.96,1.74,191553,226257704.83,11.17,-6.09,-0.12,1.53
荣盛发展,2010-12-20,1.8,1.76,1.87,1.64,104043,121255088.42,12.43,-4.86,-0.09,0.83
荣盛发展,2010-12-21,1.77,2.21,2.21,1.77,452857,569402266.01,25.0,25.57,0.45,3.63
荣盛发展,2010-12-22,2.33,2.38,2.66,2.21,579938,775072846.56,20.36,7.69,0.17,4.64
荣盛发展,2010-12-23,2.27,2.42,2.57,2.25,291655,390613644.85,13.45,1.68,0.04,2.34
荣盛发展,2010-12-24,2.29,2.72,2.87,2.24,346522,480494955.54,26.03,12.4,0.3,2.77
荣盛发展,2010-12-27,2.66,2.58,2.99,2.51,337564,480190399.39,17.65,-5.15,-0.14,2.7
荣盛发展,2010-12-28,2.47,2.05,2.76,2.05,288796,386346468.29,27.52,-20.54,-0.53,2.31
荣盛发展,2010-12-29,2.03,2.26,2.41,1.91,228781,292133960.06,24.39,10.24,0.21,1.83
荣盛发展,2010-12-30,2.2,2.25,2.35,2.05,166670,213460376.84,13.27,-0.44,-0.01,1.33
荣盛发展,2010-12-31,2.17,2.5,2.57,2.17,121799,161444771.65,17.78,11.11,0.25,0.98
荣盛发展,2011-01-04,2.52,3.03,3.03,2.41,247309,363146914.48,24.8,21.2,0.53,1.98
荣盛发展,2011-01-05,3.03,3.01,3.19,2.93,208027,311946385.46,8.58,-0.66,-0.02,1.67
荣盛发展,2011-01-06,2.98,2.98,3.29,2.93,223521,337823633.98,11.96,-1.0,-0.03,1.79
荣盛发展,2011-01-07,2.98,2.99,3.3,2.78,222473,336648744.31,17.45,0.34,0.01,1.78
荣盛发展,2011-01-10,2.97,3.03,3.31,2.88,247768,375799293.94,14.38,1.34,0.04,1.98
荣盛发展,2011-01-11,2.97,3.14,3.19,2.85,162881,244836512.72,11.22,3.63,0.11,1.3
荣盛发展,2011-01-12,3.15,3.15,3.3,3.01,185702,284480438.36,9.24,0.32,0.01,1.49
荣盛发展,2011-01-13,3.2,2.82,3.23,2.67,212482,310098173.67,17.78,-10.48,-0.33,1.7
荣盛发展,2011-01-14,2.82,2.78,2.87,2.61,183325,259475509.99,9.22,-1.42,-0.04,1.47
荣盛发展,2011-01-17,2.71,2.23,2.72,2.23,173576,229360989.71,17.63,-19.78,-0.55,1.39
荣盛发展,2011-01-18,2.15,2.16,2.33,2.01,157061,201493982.54,14.35,-3.14,-0.07,1.26
荣盛发展,2011-01-19,2.13,2.37,2.45,1.95,249257,315350127.71,23.15,9.72,0.21,2.0
荣盛发展,2011-01-20,2.28,2.2,2.49,2.16,146472,192035956.72,13.92,-7.17,-0.17,1.17
荣盛发展,2011-01-21,2.17,2.41,2.65,2.13,163887,217363292.57,23.64,9.55,0.21,1.31
荣盛发展,2011-01-24,2.35,2.38,2.54,2.25,119735,158605187.59,12.03,-1.24,-0.03,0.96
荣盛发展,2011-01-25,2.28,2.34,2.47,2.26,83560,110728461.57,8.82,-1.68,-0.04,0.67
荣盛发展,2011-01-26,2.34,2.24,2.43,2.13,133709,173610007.44,12.82,-4.27,-0.1,1.07
荣盛发展,2011-01-27,2.05,1.94,2.05,1.74,299847,362030124.23,13.84,-13.39,-0.3,2.4
荣盛发展,2011-01-28,1.94,1.9,2.15,1.82,280038,342698901.92,17.01,-2.06,-0.04,2.24
荣盛发展,2011-01-31,1.85,1.78,1.85,1.72,215998,252420221.34,6.84,-6.32,-0.12,1.73
荣盛发展,2011-02-01,1.79,1.78,1.82,1.7,149373,173919936.94,6.74,0.0,0.0,1.2
荣盛发展,2011-02-09,1.7,1.62,1.76,1.62,196708,224921665.29,7.87,-8.99,-0.16,1.58
荣盛发展,2011-02-10,1.61,1.73,1.75,1.59,237661,273105381.12,9.88,6.79,0.11,1.9
荣盛发展,2011-02-11,1.73,2.05,2.14,1.68,371771,446735148.74,26.59,18.5,0.32,2.98
荣盛发展,2011-02-14,2.0,2.17,2.22,1.97,267195,336531201.96,12.2,5.85,0.12,2.14
荣盛发展,2011-02-15,2.13,2.09,2.22,2.06,193419,244121126.58,7.37,-3.69,-0.08,1.55
荣盛发展,2011-02-17,2.12,1.98,2.14,1.85,234677,285189254.01,13.88,-5.26,-0.11,1.88
荣盛发展,2011-02-18,1.94,1.98,2.12,1.88,186770,229897816.49,12.12,0.0,0.0,1.5
荣盛发展,2011-02-21,1.9,2.0,2.01,1.87,150814,182843145.98,7.07,1.01,0.02,1.21
荣盛发展,2011-02-22,2.0,1.73,2.0,1.67,248713,293145677.41,16.5,-13.5,-0.27,1.99
荣盛发展,2011-02-23,1.69,1.73,1.78,1.67,112314,129698972.43,6.36,0.0,0.0,0.9
荣盛发展,2011-02-24,1.72,1.79,1.83,1.7,102000,119085157.74,7.51,3.47,0.06,0.82
荣盛发展,2011-02-25,1.8,1.76,1.81,1.67,100007,115831192.9,7.82,-1.68,-0.03,0.8
荣盛发展,2011-02-28,1.76,1.84,1.86,1.7,130792,153624395.33,9.09,4.55,0.08,1.05
荣盛发展,2011-03-01,1.85,2.02,2.1,1.85,275669,337677535.6,13.59,9.78,0.18,2.21
荣盛发展,2011-03-02,1.97,1.95,1.99,1.85,143681,173557299.19,6.93,-3.47,-0.07,1.15
荣盛发展,2011-03-03,1.96,2.03,2.14,1.93,215332,267262226.37,10.77,4.1,0.08,1.72
荣盛发展,2011-03-04,2.03,2.18,2.19,1.97,255370,320122617.94,10.84,7.39,0.15,2.05
荣盛发展,2011-03-07,2.21,2.22,2.39,2.18,242379,314232013.48,9.63,1.83,0.04,1.94
荣盛发展,2011-03-08,2.2,2.33,2.38,2.17,189856,248580734.66,9.46,4.95,0.11,1.52
荣盛发展,2011-03-09,2.33,2.28,2.37,2.23,123085,160311719.16,6.01,-2.15,-0.05,0.99
荣盛发展,2011-03-10,2.24,2.15,2.25,2.08,151124,191495096.96,7.46,-5.7,-0.13,1.21
荣盛发展,2011-03-11,2.1,2.03,2.17,2.02,96263,120200990.25,6.98,-5.58,-0.12,0.77
荣盛发展,2011-03-14,2.02,2.05,2.07,1.96,62837,77410553.25,5.42,0.99,0.02,0.5
荣盛发展,2011-03-15,2.03,1.9,2.07,1.83,102740,124063629.81,11.71,-7.32,-0.15,0.82
荣盛发展,2011-03-16,1.9,1.98,2.01,1.9,87717,107023073.73,5.79,4.21,0.08,0.7
荣盛发展,2011-03-17,1.92,2.04,2.05,1.86,98780,120832258.25,9.6,3.03,0.06,0.79
荣盛发展,2011-03-18,2.05,2.2,2.23,2.01,185975,235425870.51,10.78,7.84,0.16,1.49
荣盛发展,2011-03-21,2.2,2.27,2.38,2.15,174985,227489869.34,10.45,3.18,0.07,1.4
荣盛发展,2011-03-22,2.19,2.26,2.33,2.13,108875,140454951.98,8.81,-0.44,-0.01,0.87
荣盛发展,2011-03-23,2.25,2.55,2.69,2.24,294335,400444910.03,19.91,12.83,0.29,2.36
荣盛发展,2011-03-24,2.51,2.59,2.81,2.51,263632,367124172.55,11.76,1.57,0.04,2.11
荣盛发展,2011-03-25,2.6,2.7,2.8,2.55,197746,278959846.58,9.65,4.25,0.11,1.58
荣盛发展,2011-03-28,2.73,2.66,2.98,2.65,183662,264384918.32,12.22,-1.48,-0.04,1.47
荣盛发展,2011-03-29,2.62,2.72,2.84,2.49,161017,226279857.59,13.16,2.26,0.06,1.29
荣盛发展,2011-03-30,2.68,2.7,2.81,2.58,140944,199315412.38,8.46,-0.74,-0.02,1.13
荣盛发展,2011-03-31,2.7,2.54,2.91,2.51,154006,219189240.86,14.81,-5.93,-0.16,1.23
荣盛发展,2011-04-01,2.53,2.79,2.79,2.53,104045,145924780.06,10.24,9.84,0.25,0.83
荣盛发展,2011-04-06,2.73,2.89,3.0,2.72,133662,195329827.26,10.04,3.58,0.1,1.07
荣盛发展,2011-04-07,2.89,2.78,2.99,2.73,90756,131289949.08,9.0,-3.81,-0.11,0.73
荣盛发展,2011-04-11,2.77,2.53,2.83,2.47,162424,224166687.44,12.95,-8.99,-0.25,1.3
荣盛发展,2011-04-12,2.53,2.5,2.59,2.47,55273,75568171.56,4.74,-1.19,-0.03,0.44
荣盛发展,2011-04-13,2.47,2.63,2.65,2.43,52015,71481214.21,8.8,5.2,0.13,0.42
荣盛发展,2011-04-14,2.62,2.51,2.62,2.47,59802,81383143.39,5.7,-4.56,-0.12,0.48
荣盛发展,2011-04-15,2.47,2.56,2.56,2.35,103497,139595725.18,8.37,1.99,0.05,0.83
荣盛发展,2011-04-18,2.51,2.72,2.79,2.47,117332,164774904.1,12.5,6.25,0.16,0.94
荣盛发展,2011-04-19,2.68,2.59,2.78,2.58,65072,91127911.88,7.35,-4.78,-0.13,0.52
荣盛发展,2011-04-20,2.56,2.34,2.66,2.3,132571,176613675.77,13.9,-9.65,-0.25,1.06
荣盛发展,2011-04-21,2.36,2.45,2.47,2.3,92482,122603899.18,7.26,4.7,0.11,0.74
荣盛发展,2011-04-22,2.41,2.3,2.41,2.26,71140,93023847.47,6.12,-6.12,-0.15,0.57
荣盛发展,2011-04-25,2.28,2.26,2.37,2.2,54769,71381308.51,7.39,-1.74,-0.04,0.44
荣盛发展,2011-04-27,2.29,2.16,2.34,2.07,66623,84704284.53,11.95,-4.42,-0.1,0.53
荣盛发展,2011-04-28,2.15,2.09,2.17,2.01,58477,73207910.78,7.41,-3.24,-0.07,0.47
荣盛发展,2011-04-29,2.09,2.15,2.16,2.08,28421,35825217.86,3.83,2.87,0.06,0.23
荣盛发展,2011-05-03,2.1,2.16,2.2,2.02,38886,48994016.17,8.37,0.47,0.01,0.31
荣盛发展,2011-05-04,2.13,2.07,2.24,2.05,55352,70270092.5,8.8,-4.17,-0.09,0.44
荣盛发展,2011-05-05,2.03,2.17,2.3,2.02,46894,59932754.75,13.53,4.83,0.1,0.38
荣盛发展,2011-05-06,2.14,2.19,2.24,2.08,30011,38382387.46,7.37,0.92,0.02,0.24
荣盛发展,2011-05-09,2.19,2.26,2.31,2.19,39746,51382167.77,5.48,3.2,0.07,0.32
荣盛发展,2011-05-10,2.28,2.29,2.29,2.2,26932,34824389.57,3.98,1.33,0.03,0.22
荣盛发展,2011-05-11,2.27,2.29,2.39,2.24,45178,59096491.9,6.55,0.0,0.0,0.36
荣盛发展,2011-05-12,2.29,2.35,2.4,2.21,75563,99413292.5,8.3,2.62,0.06,0.61
荣盛发展,2011-05-13,2.3,2.35,2.36,2.22,43175,56354594.56,5.96,0.0,0.0,0.35
荣盛发展,2011-05-16,2.35,2.43,2.48,2.32,69388,92897975.01,6.81,3.4,0.08,0.56
荣盛发展,2011-05-17,2.39,2.32,2.47,2.32,68546,91027202.09,6.17,-4.53,-0.11,0.55
荣盛发展,2011-05-18,2.33,2.33,2.37,2.29,23663,31071629.9,3.45,0.43,0.01,0.19
荣盛发展,2011-05-19,2.33,2.2,2.37,2.18,34313,44445549.28,8.15,-5.58,-0.13,0.27
荣盛发展,2011-05-20,2.19,2.17,2.23,2.12,28103,35675452.61,5.0,-1.36,-0.03,0.23
荣盛发展,2011-05-23,2.13,2.05,2.24,2.05,37708,47739570.16,8.76,-5.53,-0.12,0.3
荣盛发展,2011-05-24,2.04,2.04,2.2,1.97,32747,40647338.48,11.22,-0.49,-0.01,0.26
荣盛发展,2011-05-25,2.04,1.9,2.07,1.85,39016,47713191.15,10.78,-6.86,-0.14,0.31
荣盛发展,2011-05-26,1.93,1.99,2.04,1.9,32095,39217369.92,7.37,4.74,0.09,0.26
荣盛发展,2011-05-27,1.99,1.99,2.08,1.97,31354,38753013.09,5.53,0.0,0.0,0.25
荣盛发展,2011-05-30,1.96,1.52,2.05,1.52,83884,97181132.79,26.63,-23.62,-0.47,0.67
荣盛发展,2011-05-31,1.54,1.48,1.56,1.32,123878,100648740.64,15.79,-2.63,-0.04,0.76
荣盛发展,2011-06-01,1.46,1.49,1.51,1.38,70747,58669265.48,8.78,0.68,0.01,0.44
荣盛发展,2011-06-02,1.42,1.54,1.62,1.33,115885,94979435.74,19.46,3.36,0.05,0.71
荣盛发展,2011-06-03,1.48,1.54,1.61,1.46,70148,59063074.92,9.74,0.0,0.0,0.43
荣盛发展,2011-06-07,1.52,1.56,1.61,1.48,44176,37493087.42,8.44,1.3,0.02,0.27
荣盛发展,2011-06-08,1.52,1.83,1.89,1.45,105135,91277723.63,28.21,17.31,0.27,0.65
荣盛发展,2011-06-09,1.75,1.68,1.81,1.67,55398,48996951.55,7.65,-8.2,-0.15,0.34
荣盛发展,2011-06-10,1.66,1.63,1.79,1.59,59213,51637604.3,11.9,-2.98,-0.05,0.36
荣盛发展,2011-06-13,1.61,1.65,1.72,1.5,34671,29857679.98,13.5,1.23,0.02,0.21
荣盛发展,2011-06-14,1.64,1.99,2.08,1.64,217253,203584592.49,26.67,20.61,0.34,1.34
荣盛发展,2011-06-15,1.91,1.82,1.99,1.81,97570,89093060.65,9.05,-8.54,-0.17,0.6
荣盛发展,2011-06-16,1.8,1.84,1.88,1.74,41662,37513364.97,7.69,1.1,0.02,0.26
荣盛发展,2011-06-17,1.85,1.82,1.92,1.77,80141,72930329.23,8.15,-1.09,-0.02,0.49
荣盛发展,2011-06-21,1.84,1.96,2.04,1.84,90522,83720364.26,10.99,7.69,0.14,0.56
荣盛发展,2011-06-22,1.94,1.89,1.96,1.84,48559,44344757.86,6.12,-3.57,-0.07,0.3
荣盛发展,2011-06-23,1.85,1.9,1.96,1.8,49735,45370384.75,8.47,0.53,0.01,0.31
荣盛发展,2011-06-24,1.87,2.02,2.08,1.87,110322,103045408.57,11.05,6.32,0.12,0.68
荣盛发展,2011-06-27,2.01,2.03,2.15,1.97,95122,90051593.23,8.91,0.5,0.01,0.59
荣盛发展,2011-06-28,2.03,2.09,2.18,1.98,76813,73153114.54,9.85,2.96,0.06,0.47
荣盛发展,2011-06-29,2.08,2.13,2.23,2.03,89266,86642780.27,9.57,1.91,0.04,0.55
荣盛发展,2011-06-30,2.11,2.22,2.35,2.11,143539,141183219.26,11.27,4.23,0.09,0.88
荣盛发展,2011-07-01,2.24,2.45,2.61,2.17,183879,186144058.57,19.82,10.36,0.23,1.13
荣盛发展,2011-07-04,2.45,2.51,2.64,2.4,147496,152444180.99,9.8,2.45,0.06,0.91
荣盛发展,2011-07-05,2.5,2.5,2.62,2.42,118380,123172709.62,7.97,-0.4,-0.01,0.73
荣盛发展,2011-07-06,2.49,2.38,2.49,2.32,78409,79222720.82,6.8,-4.8,-0.12,0.48
荣盛发展,2011-07-07,2.34,2.34,2.45,2.31,128878,129886374.62,5.88,-1.68,-0.04,0.79
荣盛发展,2011-07-08,2.32,2.35,2.38,2.27,53927,54034892.97,4.7,0.43,0.01,0.33
荣盛发展,2011-07-11,2.32,2.4,2.41,2.29,77940,78583073.57,5.11,2.13,0.05,0.48
荣盛发展,2011-07-12,2.34,2.27,2.44,2.24,71585,71957584.17,8.33,-5.42,-0.13,0.44
荣盛发展,2011-07-13,2.24,2.28,2.3,2.16,148410,145823815.04,6.17,0.44,0.01,0.91
荣盛发展,2011-07-14,2.27,2.17,2.29,2.12,101460,98977401.4,7.46,-4.82,-0.11,0.62
荣盛发展,2011-07-15,2.07,1.88,2.07,1.74,316997,287506350.43,15.21,-13.36,-0.29,1.95
荣盛发展,2011-07-18,1.82,1.9,1.9,1.73,220543,198189834.52,9.04,1.06,0.02,1.36
荣盛发展,2011-07-19,1.85,1.87,1.93,1.81,113206,103242232.14,6.32,-1.58,-0.03,0.7
荣盛发展,2011-07-20,1.91,1.84,1.91,1.8,66321,60000929.14,5.88,-1.6,-0.03,0.41
荣盛发展,2011-07-21,1.84,1.82,1.87,1.8,54427,49111449.76,3.8,-1.09,-0.02,0.33
荣盛发展,2011-07-22,1.82,1.74,1.83,1.69,97504,86593505.14,7.69,-4.4,-0.08,0.6
荣盛发展,2011-07-25,1.74,1.55,1.75,1.51,102965,88182787.53,13.79,-10.92,-0.19,0.63
荣盛发展,2011-07-26,1.57,1.56,1.63,1.55,36130,30892688.9,5.16,0.65,0.01,0.22
荣盛发展,2011-07-27,1.54,1.63,1.64,1.52,48018,41274772.36,7.69,4.49,0.07,0.3
荣盛发展,2011-07-28,1.58,1.59,1.61,1.55,31590,26942941.56,3.68,-2.45,-0.04,0.19
荣盛发展,2011-07-29,1.57,1.66,1.7,1.57,52069,45246344.74,8.18,4.4,0.07,0.32
荣盛发展,2011-08-02,1.65,1.59,1.68,1.52,62439,53032387.58,9.64,-4.22,-0.07,0.38
荣盛发展,2011-08-03,1.56,1.59,1.66,1.52,32977,28225660.54,8.81,0.0,0.0,0.2
荣盛发展,2011-08-04,1.62,1.65,1.68,1.61,41431,35838229.93,4.4,3.77,0.06,0.25
荣盛发展,2011-08-05,1.55,1.57,1.61,1.49,48537,41176594.41,7.27,-4.85,-0.08,0.3
荣盛发展,2011-08-08,1.53,1.39,1.64,1.32,71082,59032931.2,20.38,-11.46,-0.18,0.44
荣盛发展,2011-08-09,1.31,1.61,1.63,1.2,179103,149725780.06,30.94,15.83,0.22,1.1
荣盛发展,2011-08-10,1.67,1.81,1.99,1.67,280774,254692406.18,19.88,12.42,0.2,1.73
荣盛发展,2011-08-11,1.7,1.89,1.95,1.68,154069,140823914.66,14.92,4.42,0.08,0.95
荣盛发展,2011-08-12,1.89,1.85,1.91,1.81,87437,79293151.0,5.29,-2.12,-0.04,0.54
荣盛发展,2011-08-15,1.85,1.91,1.92,1.83,74615,68083590.0,4.86,3.24,0.06,0.46
荣盛发展,2011-08-16,1.89,1.8,1.93,1.77,95948,86625491.0,8.38,-5.76,-0.11,0.59
荣盛发展,2011-08-17,1.75,1.8,1.86,1.71,124419,110974994.0,8.33,0.0,0.0,0.77
荣盛发展,2011-08-18,1.77,1.67,1.85,1.64,104271,92473750.0,11.67,-7.22,-0.13,0.64
荣盛发展,2011-08-19,1.58,1.77,1.79,1.52,90964,78604134.0,16.17,5.99,0.1,0.56
荣盛发展,2011-08-22,1.72,1.8,1.93,1.7,97500,88514796.0,12.99,1.69,0.03,0.6
荣盛发展,2011-08-23,1.83,1.87,1.9,1.79,45607,41393995.0,6.11,3.89,0.07,0.28
荣盛发展,2011-08-24,1.9,1.74,1.91,1.74,49548,44570477.0,9.09,-6.95,-0.13,0.3
荣盛发展,2011-08-25,1.73,1.87,1.9,1.73,67227,60855328.0,9.77,7.47,0.13,0.41
荣盛发展,2011-08-26,1.86,1.81,1.89,1.76,64591,58048088.0,6.95,-3.21,-0.06,0.4
荣盛发展,2011-08-29,1.77,1.62,1.77,1.61,83035,72306065.0,8.84,-10.5,-0.19,0.51
荣盛发展,2011-08-31,1.57,1.6,1.65,1.55,28116,24104839.0,6.17,-1.23,-0.02,0.17
荣盛发展,2011-09-01,1.6,1.58,1.65,1.57,21862,18713793.0,5.0,-1.25,-0.02,0.13
荣盛发展,2011-09-02,1.57,1.54,1.6,1.52,20613,17429965.0,5.06,-2.53,-0.04,0.13
荣盛发展,2011-09-05,1.52,1.61,1.62,1.44,43591,36779035.0,11.69,4.55,0.07,0.27
荣盛发展,2011-09-06,1.54,1.5,1.62,1.45,27249,22963201.0,10.56,-6.83,-0.11,0.17
荣盛发展,2011-09-07,1.51,1.58,1.61,1.49,52962,44853634.0,8.0,5.33,0.08,0.33
荣盛发展,2011-09-08,1.59,1.47,1.61,1.47,35799,30147766.0,8.86,-6.96,-0.11,0.22
荣盛发展,2011-09-09,1.51,1.44,1.54,1.4,54831,45362173.0,9.52,-2.04,-0.03,0.34
荣盛发展,2011-09-13,1.41,1.36,1.41,1.33,29160,23603771.0,5.56,-5.56,-0.08,0.18
荣盛发展,2011-09-14,1.37,1.39,1.41,1.32,29587,23933317.0,6.62,2.21,0.03,0.18
荣盛发展,2011-09-15,1.41,1.39,1.45,1.37,38896,31837782.0,5.76,0.0,0.0,0.24
荣盛发展,2011-09-16,1.4,1.38,1.46,1.38,41255,33877259.0,5.76,-0.72,-0.01,0.25
荣盛发展,2011-09-19,1.37,1.27,1.37,1.26,38709,30789366.0,7.97,-7.97,-0.11,0.24
荣盛发展,2011-09-20,1.31,1.26,1.34,1.23,32233,25619977.0,8.66,-0.79,-0.01,0.2
荣盛发展,2011-09-21,1.26,1.35,1.36,1.23,58316,46671197.0,10.32,7.14,0.09,0.36
荣盛发展,2011-09-22,1.3,1.16,1.34,1.15,70463,55125255.0,14.07,-14.07,-0.19,0.43
荣盛发展,2011-09-23,1.14,1.08,1.16,1.03,69607,52515532.0,11.21,-6.9,-0.08,0.43
荣盛发展,2011-09-26,1.05,0.9,1.09,0.89,52035,38048007.0,18.52,-16.67,-0.18,0.32
荣盛发展,2011-09-27,0.95,0.92,0.97,0.89,28176,20323789.0,8.89,2.22,0.02,0.17
荣盛发展,2011-09-28,0.93,0.92,0.96,0.89,43080,31072128.0,7.61,0.0,0.0,0.27
荣盛发展,2011-09-29,0.9,1.07,1.19,0.89,100790,74968948.0,32.61,16.3,0.15,0.62
荣盛发展,2011-09-30,1.04,1.01,1.1,0.97,30556,22627507.0,12.15,-5.61,-0.06,0.19
荣盛发展,2011-10-10,1.01,0.89,1.03,0.87,30533,22021636.0,15.84,-11.88,-0.12,0.19
荣盛发展,2011-10-11,0.96,0.74,1.0,0.73,66737,46812506.0,30.34,-16.85,-0.15,0.41
荣盛发展,2011-10-12,0.75,0.87,0.89,0.72,82928,58232572.0,22.97,17.57,0.13,0.51
荣盛发展,2011-10-13,0.83,0.87,0.94,0.82,70692,50348546.0,13.79,0.0,0.0,0.44
荣盛发展,2011-10-14,0.87,0.9,0.92,0.85,41881,29825875.0,8.05,3.45,0.03,0.26
荣盛发展,2011-10-17,0.89,0.89,0.94,0.88,34279,24589586.0,6.67,-1.11,-0.01,0.21
荣盛发展,2011-10-18,0.87,0.82,0.89,0.82,29461,20841304.0,7.87,-7.87,-0.07,0.18
荣盛发展,2011-10-19,0.84,0.81,0.86,0.77,17396,12170547.0,10.98,-1.22,-0.01,0.11
荣盛发展,2011-10-20,0.77,0.68,0.81,0.65,29403,20080523.0,19.75,-16.05,-0.13,0.18
荣盛发展,2011-10-21,0.67,0.64,0.78,0.64,23740,16014769.0,20.59,-5.88,-0.04,0.15
荣盛发展,2011-10-24,0.62,0.76,0.78,0.58,35405,24019019.0,31.25,18.75,0.12,0.22
荣盛发展,2011-10-25,0.76,0.91,0.92,0.7,64525,45357803.0,28.95,19.74,0.15,0.4
荣盛发展,2011-10-26,0.89,1.01,1.12,0.86,101875,75583771.0,28.57,10.99,0.1,0.63
荣盛发展,2011-10-27,0.97,1.03,1.08,0.97,47007,34832373.0,10.89,1.98,0.02,0.29
荣盛发展,2011-10-28,1.07,1.21,1.35,1.07,151929,119222679.0,27.18,17.48,0.18,0.93
荣盛发展,2011-10-31,1.15,1.18,1.22,1.07,49355,37869988.0,12.4,-2.48,-0.03,0.3
荣盛发展,2011-11-01,1.11,1.08,1.24,1.05,40041,30492216.0,16.1,-8.47,-0.1,0.25
荣盛发展,2011-11-02,1.01,1.25,1.25,0.98,56414,43148915.0,25.0,15.74,0.17,0.35
荣盛发展,2011-11-03,1.21,1.17,1.26,1.16,63985,49658003.0,8.0,-6.4,-0.08,0.39
荣盛发展,2011-11-04,1.22,1.17,1.23,1.13,50112,38595996.0,8.55,0.0,0.0,0.31
荣盛发展,2011-11-07,1.13,1.07,1.15,1.06,37197,28134274.0,7.69,-8.55,-0.1,0.23
荣盛发展,2011-11-08,1.09,1.02,1.09,1.01,39386,29215612.0,7.48,-4.67,-0.05,0.24
荣盛发展,2011-11-09,1.06,1.04,1.07,0.96,48014,35465266.0,10.78,1.96,0.02,0.3
荣盛发展,2011-11-10,0.98,0.96,1.02,0.95,31557,23089263.0,6.73,-7.69,-0.08,0.19
荣盛发展,2011-11-11,1.0,0.97,1.0,0.95,19066,13966392.0,5.21,1.04,0.01,0.12
荣盛发展,2011-11-14,1.0,1.1,1.1,0.98,54116,40301517.0,12.37,13.4,0.13,0.33
荣盛发展,2011-11-15,1.09,1.09,1.1,1.04,30926,23206940.0,5.45,-0.91,-0.01,0.19
荣盛发展,2011-11-16,1.08,0.93,1.08,0.92,40629,29833877.0,14.68,-14.68,-0.16,0.25
荣盛发展,2011-11-17,0.94,0.87,0.97,0.86,31494,22581390.0,11.83,-6.45,-0.06,0.19
荣盛发展,2011-11-18,0.84,0.8,0.87,0.77,32169,22454699.0,11.49,-8.05,-0.07,0.2
荣盛发展,2011-11-21,0.79,0.82,0.85,0.79,13895,9717266.0,7.5,2.5,0.02,0.09
荣盛发展,2011-11-22,0.78,0.84,0.89,0.78,12830,9020874.0,13.41,2.44,0.02,0.08
荣盛发展,2011-11-23,0.82,0.8,0.86,0.78,10686,7471532.0,9.52,-4.76,-0.04,0.07
荣盛发展,2011-11-24,0.78,0.89,0.92,0.78,28270,19982020.0,17.5,11.25,0.09,0.17
荣盛发展,2011-11-25,0.89,0.78,0.91,0.78,22998,16248083.0,14.61,-12.36,-0.11,0.14
荣盛发展,2011-11-28,0.81,0.78,0.83,0.77,14047,9748101.0,7.69,0.0,0.0,0.09
荣盛发展,2011-11-29,0.81,0.84,0.86,0.76,21083,14761780.0,12.82,7.69,0.06,0.13
荣盛发展,2011-11-30,0.82,0.71,0.87,0.64,26514,18254337.0,27.38,-15.48,-0.13,0.16
荣盛发展,2011-12-01,0.84,0.95,1.05,0.83,187231,137722890.0,30.99,33.8,0.24,1.15
荣盛发展,2011-12-02,0.89,0.96,1.03,0.87,64565,47090361.0,16.84,1.05,0.01,0.4
荣盛发展,2011-12-05,0.94,0.96,1.02,0.89,81772,59750574.0,13.54,0.0,0.0,0.5
荣盛发展,2011-12-06,0.96,1.04,1.12,0.93,103223,77217162.0,19.79,8.33,0.08,0.64
荣盛发展,2011-12-07,1.01,1.06,1.12,1.0,68992,51706190.0,11.54,1.92,0.02,0.42
荣盛发展,2011-12-08,1.03,1.08,1.15,0.93,56648,42387636.0,20.75,1.89,0.02,0.35
荣盛发展,2011-12-09,1.05,1.11,1.31,1.04,98752,76878580.0,25.0,2.78,0.03,0.61
荣盛发展,2011-12-12,1.05,1.11,1.23,0.97,56113,42636237.0,23.42,0.0,0.0,0.35
荣盛发展,2011-12-13,1.07,0.98,1.15,0.97,55552,41736241.0,16.22,-11.71,-0.13,0.34
荣盛发展,2011-12-14,0.99,1.04,1.1,0.92,54866,40861122.0,18.37,6.12,0.06,0.34
荣盛发展,2011-12-15,0.99,1.17,1.34,0.99,102195,78424277.0,33.65,12.5,0.13,0.63
荣盛发展,2011-12-16,1.14,1.36,1.39,1.1,105167,82546805.0,24.79,16.24,0.19,0.65
荣盛发展,2011-12-19,1.31,1.43,1.44,1.22,93839,76104537.0,16.18,5.15,0.07,0.58
荣盛发展,2011-12-20,1.35,1.44,1.51,1.35,76094,63064051.0,11.19,0.7,0.01,0.47
荣盛发展,2011-12-21,1.46,1.32,1.47,1.23,89498,72457729.0,16.67,-8.33,-0.12,0.55
荣盛发展,2011-12-22,1.29,1.29,1.44,1.18,81884,65132289.0,19.7,-2.27,-0.03,0.5
荣盛发展,2011-12-23,1.25,1.42,1.46,1.22,108699,88716536.0,18.6,10.08,0.13,0.67
荣盛发展,2011-12-26,1.36,1.44,1.53,1.36,79858,66518471.0,11.97,1.41,0.02,0.49
荣盛发展,2011-12-27,1.47,1.32,1.51,1.32,60770,49646282.0,13.19,-8.33,-0.12,0.37
荣盛发展,2011-12-28,1.31,1.45,1.46,1.26,42649,34521884.0,15.15,9.85,0.13,0.26
荣盛发展,2011-12-29,1.41,1.54,1.55,1.41,77464,64688436.0,9.66,6.21,0.09,0.48
荣盛发展,2011-12-30,1.53,1.72,1.86,1.53,209451,184520759.0,21.43,11.69,0.18,1.29
荣盛发展,2012-01-04,1.71,1.47,1.77,1.47,84737,72024999.0,17.44,-14.53,-0.25,0.52
荣盛发展,2012-01-05,1.42,1.17,1.42,1.15,135235,108046833.0,18.37,-20.41,-0.3,0.83
荣盛发展,2012-01-06,1.06,1.28,1.3,1.05,67896,52770293.0,21.37,9.4,0.11,0.42
荣盛发展,2012-01-09,1.25,1.45,1.49,1.18,74721,60451468.0,24.22,13.28,0.17,0.46
荣盛发展,2012-01-10,1.44,1.49,1.6,1.42,62533,52455484.0,12.41,2.76,0.04,0.38
荣盛发展,2012-01-11,1.47,1.46,1.55,1.43,39672,33020477.0,8.05,-2.01,-0.03,0.24
荣盛发展,2012-01-12,1.42,1.54,1.74,1.41,67622,57108174.0,22.6,5.48,0.08,0.42
荣盛发展,2012-01-13,1.54,1.48,1.56,1.31,43704,35670570.0,16.23,-3.9,-0.06,0.27
荣盛发展,2012-01-17,1.37,1.67,1.74,1.26,88770,74438926.0,32.43,12.84,0.19,0.55
荣盛发展,2012-01-18,1.61,1.62,1.68,1.57,38842,33466126.0,6.59,-2.99,-0.05,0.24
荣盛发展,2012-01-19,1.6,1.47,1.72,1.36,97546,81068462.0,22.22,-9.26,-0.15,0.6
荣盛发展,2012-01-20,1.43,1.44,1.64,1.4,81697,68523275.0,16.33,-2.04,-0.03,0.5
荣盛发展,2012-01-30,1.44,1.27,1.51,1.27,68533,55559151.0,16.67,-11.81,-0.17,0.42
荣盛发展,2012-01-31,1.32,1.35,1.36,1.17,37052,29464970.0,14.96,6.3,0.08,0.23
荣盛发展,2012-02-01,1.31,1.31,1.39,1.22,35517,28271882.0,12.59,-2.96,-0.04,0.22
荣盛发展,2012-02-02,1.3,1.38,1.4,1.27,31264,25116765.0,9.92,5.34,0.07,0.19
荣盛发展,2012-02-03,1.35,1.42,1.45,1.35,41725,34126101.0,7.25,2.9,0.04,0.26
荣盛发展,2012-02-06,1.42,1.32,1.42,1.26,63691,50959062.0,11.27,-7.04,-0.1,0.39
荣盛发展,2012-02-07,1.29,1.23,1.31,1.19,69427,54241072.0,9.09,-6.82,-0.09,0.43
荣盛发展,2012-02-08,1.23,1.32,1.4,1.21,64493,51176519.0,15.45,7.32,0.09,0.4
荣盛发展,2012-02-09,1.31,1.45,1.48,1.26,132740,108559637.0,16.67,9.85,0.13,0.82
荣盛发展,2012-02-10,1.49,1.59,1.76,1.49,158296,137024584.0,18.62,9.66,0.14,0.97
荣盛发展,2012-02-13,1.37,1.4,1.47,1.32,132249,108178935.0,9.43,-11.95,-0.19,0.81
荣盛发展,2012-02-14,1.4,1.42,1.44,1.33,88026,71500796.0,7.86,1.43,0.02,0.54
荣盛发展,2012-02-15,1.41,1.47,1.48,1.36,80541,66417554.0,8.45,3.52,0.05,0.5
荣盛发展,2012-02-16,1.46,1.42,1.47,1.39,50077,41095917.0,5.44,-3.4,-0.05,0.31
荣盛发展,2012-02-17,1.47,1.42,1.54,1.37,65376,53703903.0,11.97,0.0,0.0,0.4
荣盛发展,2012-02-20,1.51,1.51,1.63,1.44,133202,112169491.0,13.38,6.34,0.09,0.82
荣盛发展,2012-02-21,1.52,1.69,1.7,1.49,108284,92880270.0,13.91,11.92,0.18,0.67
荣盛发展,2012-02-22,1.67,1.97,1.97,1.67,260379,237909702.0,17.75,16.57,0.28,1.6
荣盛发展,2012-02-23,1.92,1.97,2.05,1.87,123049,114483210.0,9.14,0.0,0.0,0.76
荣盛发展,2012-02-24,1.97,2.17,2.42,1.89,183335,176165580.0,26.9,10.15,0.2,1.13
荣盛发展,2012-02-27,2.17,2.17,2.33,2.12,192264,189343542.0,9.68,0.0,0.0,1.18
荣盛发展,2012-02-28,2.13,2.26,2.3,2.12,91740,89322652.0,8.29,4.15,0.09,0.56
荣盛发展,2012-02-29,2.19,2.16,2.25,2.04,101804,99051770.0,9.29,-4.42,-0.1,0.63
荣盛发展,2012-03-01,2.11,2.22,2.37,2.1,63587,62774654.0,12.5,2.78,0.06,0.39
荣盛发展,2012-03-02,2.22,2.5,2.57,2.21,158970,161135615.0,16.22,12.61,0.28,0.98
荣盛发展,2012-03-05,2.5,2.43,2.53,2.4,68104,69844617.0,5.2,-2.8,-0.07,0.42
荣盛发展,2012-03-06,2.41,2.4,2.46,2.24,68383,68327795.0,9.05,-1.23,-0.03,0.42
荣盛发展,2012-03-07,2.32,2.29,2.4,2.28,63534,63724086.0,5.0,-4.58,-0.11,0.39
荣盛发展,2012-03-08,2.3,2.43,2.51,2.3,106526,109073113.0,9.17,6.11,0.14,0.66
荣盛发展,2012-03-09,2.43,2.53,2.57,2.33,75165,77272230.0,9.88,4.12,0.1,0.46
荣盛发展,2012-03-12,2.47,2.4,2.54,2.3,65449,66455283.0,9.49,-5.14,-0.13,0.4
荣盛发展,2012-03-13,2.4,2.43,2.44,2.32,45357,45819616.0,5.0,1.25,0.03,0.28
荣盛发展,2012-03-14,2.43,2.15,2.5,1.97,162051,159029483.0,21.81,-11.52,-0.28,1.0
荣盛发展,2012-03-15,2.06,1.97,2.16,1.87,92134,85939599.0,13.49,-8.37,-0.18,0.57
荣盛发展,2012-03-16,1.96,2.0,2.06,1.92,84899,78996264.0,7.11,1.52,0.03,0.52
荣盛发展,2012-03-19,1.97,1.99,2.05,1.89,97935,90787801.0,8.0,-0.5,-0.01,0.6
荣盛发展,2012-03-20,1.96,2.05,2.16,1.92,75360,71732170.0,12.06,3.02,0.06,0.46
荣盛发展,2012-03-21,2.08,2.05,2.18,1.97,68112,64600179.0,10.24,0.0,0.0,0.42
荣盛发展,2012-03-22,2.02,2.16,2.29,2.02,73990,71892484.0,13.17,5.37,0.11,0.46
荣盛发展,2012-03-23,2.14,2.12,2.29,2.07,55353,53833779.0,10.19,-1.85,-0.04,0.34
荣盛发展,2012-03-26,2.12,2.12,2.21,2.07,34717,33381472.0,6.6,0.0,0.0,0.21
荣盛发展,2012-03-27,2.13,2.17,2.24,2.09,66284,64381221.0,7.08,2.36,0.05,0.41
荣盛发展,2012-03-28,2.16,2.22,2.3,2.15,115218,113080218.0,6.91,2.3,0.05,0.71
荣盛发展,2012-03-29,2.22,2.41,2.44,1.96,151140,150521845.0,21.62,8.56,0.19,0.93
荣盛发展,2012-03-30,2.33,2.49,2.5,2.29,110938,113509189.0,8.71,3.32,0.08,0.68
荣盛发展,2012-04-05,2.53,2.49,2.54,2.37,86657,89285433.0,6.83,0.0,0.0,0.53
荣盛发展,2012-04-06,2.46,2.39,2.55,2.35,68375,70205610.0,8.03,-4.02,-0.1,0.42
荣盛发展,2012-04-09,2.37,2.47,2.49,2.3,46425,47226565.0,7.95,3.35,0.08,0.29
荣盛发展,2012-04-11,2.5,2.45,2.76,2.42,145685,154901736.0,13.77,-0.81,-0.02,0.9
荣盛发展,2012-04-12,2.45,2.49,2.57,2.37,73971,76477008.0,8.16,1.63,0.04,0.46
荣盛发展,2012-04-13,2.5,2.41,2.53,2.4,73590,75681875.0,5.22,-3.21,-0.08,0.45
荣盛发展,2012-04-16,2.37,2.53,2.56,2.34,41580,42979194.0,9.13,4.98,0.12,0.26
荣盛发展,2012-04-17,2.53,2.37,2.62,2.32,82374,85722766.0,11.86,-6.32,-0.16,0.51
荣盛发展,2012-04-18,2.37,2.55,2.59,2.33,59307,61484881.0,10.97,7.59,0.18,0.36
荣盛发展,2012-04-19,2.54,2.61,2.65,2.47,43772,46151800.0,7.06,2.35,0.06,0.27
荣盛发展,2012-04-20,2.61,2.65,2.68,2.56,39124,41656844.0,4.6,1.53,0.04,0.24
荣盛发展,2012-04-23,2.65,2.54,2.72,2.51,46447,49367951.0,7.92,-4.15,-0.11,0.29
荣盛发展,2012-04-24,2.59,2.53,2.7,2.29,61361,63170344.0,16.14,-0.39,-0.01,0.38
荣盛发展,2012-04-25,2.51,2.7,2.7,2.43,70259,74597128.0,10.67,6.72,0.17,0.43
荣盛发展,2012-04-26,2.71,2.7,2.8,2.63,55584,60102532.0,6.3,0.0,0.0,0.34
荣盛发展,2012-04-27,2.7,2.79,2.87,2.64,63027,69049621.0,8.52,3.33,0.09,0.39
荣盛发展,2012-05-02,2.8,3.02,3.07,2.7,106735,118931858.0,13.26,8.24,0.23,0.66
荣盛发展,2012-05-03,2.98,2.92,3.05,2.86,85821,96008629.0,6.29,-3.31,-0.1,0.53
荣盛发展,2012-05-04,2.91,2.9,2.96,2.73,82888,91181369.0,7.88,-0.68,-0.02,0.51
荣盛发展,2012-05-07,2.84,2.9,2.93,2.72,76985,84420540.0,7.24,0.0,0.0,0.47
荣盛发展,2012-05-08,2.88,2.83,2.92,2.75,76488,84264697.0,5.86,-2.41,-0.07,0.47
荣盛发展,2012-05-09,2.75,2.72,2.85,2.68,56600,61729507.0,6.01,-3.89,-0.11,0.35
荣盛发展,2012-05-10,2.72,2.72,2.79,2.62,44815,48089228.0,6.25,0.0,0.0,0.28
荣盛发展,2012-05-11,2.71,2.73,2.74,2.6,30707,32985269.0,5.15,0.37,0.01,0.19
荣盛发展,2012-05-14,2.83,2.92,2.98,2.73,96690,107728918.0,9.16,6.96,0.19,0.6
荣盛发展,2012-05-15,2.84,3.07,3.12,2.76,61624,69351821.0,12.33,5.14,0.15,0.38
荣盛发展,2012-05-16,2.97,2.87,3.09,2.77,66711,74568771.0,10.42,-6.51,-0.2,0.41
荣盛发展,2012-05-17,2.82,2.88,2.91,2.78,37618,41585295.0,4.53,0.35,0.01,0.23
荣盛发展,2012-05-18,2.81,2.74,2.94,2.73,28271,31106076.0,7.29,-4.86,-0.14,0.17
荣盛发展,2012-05-21,2.73,2.77,2.86,2.66,34204,37273828.0,7.3,1.09,0.03,0.21
荣盛发展,2012-05-22,2.78,2.97,3.01,2.78,59790,67244040.0,8.3,7.22,0.2,0.37
荣盛发展,2012-05-23,3.0,3.17,3.21,2.97,89152,103735173.0,8.08,6.73,0.2,0.55
荣盛发展,2012-05-24,3.16,3.12,3.22,3.02,53484,61947322.0,6.31,-1.58,-0.05,0.33
荣盛发展,2012-05-25,3.12,3.12,3.21,3.08,42969,50147422.0,4.17,0.0,0.0,0.26
荣盛发展,2012-05-28,3.03,3.37,3.38,3.03,59631,70734681.0,11.22,8.01,0.25,0.37
荣盛发展,2012-05-29,3.44,3.36,3.44,3.3,56816,68708228.0,4.15,-0.3,-0.01,0.35
荣盛发展,2012-05-30,3.36,3.27,3.58,3.24,71212,87345340.0,10.12,-2.68,-0.09,0.44
荣盛发展,2012-05-31,3.25,3.25,3.34,3.17,42986,50852127.0,5.2,-0.61,-0.02,0.26
荣盛发展,2012-06-01,3.25,3.3,3.36,3.22,24997,29825362.0,4.31,1.54,0.05,0.15
荣盛发展,2012-06-04,3.22,3.27,3.39,3.14,55041,65772405.0,7.58,-0.91,-0.03,0.34
荣盛发展,2012-06-05,3.26,3.26,3.31,3.17,31672,37480455.0,4.28,-0.31,-0.01,0.19
荣盛发展,2012-06-06,3.26,3.2,3.28,3.15,22576,26595960.0,3.99,-1.84,-0.06,0.14
荣盛发展,2012-06-07,3.32,3.31,3.44,3.24,41494,50081987.0,6.25,3.44,0.11,0.26
荣盛发展,2012-06-08,3.47,3.41,3.52,3.34,58027,70099406.0,5.44,3.02,0.1,0.36
荣盛发展,2012-06-11,3.41,3.63,3.7,3.37,53525,66003674.0,9.68,6.45,0.22,0.33
荣盛发展,2012-06-12,3.65,3.63,3.79,3.48,66753,83354585.0,8.54,0.0,0.0,0.41
荣盛发展,2012-06-13,3.63,3.53,3.67,3.44,69071,85009884.0,6.34,-2.75,-0.1,0.43
荣盛发展,2012-06-14,3.51,3.53,3.64,3.5,67984,84272093.0,3.97,0.0,0.0,0.42
荣盛发展,2012-06-15,3.59,3.38,3.59,2.91,228327,266417591.0,19.26,-4.25,-0.15,1.41
荣盛发展,2012-06-18,3.28,3.31,3.46,3.17,139258,164470732.0,8.58,-2.07,-0.07,0.86
荣盛发展,2012-06-19,3.26,2.88,3.26,2.73,202437,227133197.0,16.01,-12.99,-0.43,1.25
荣盛发展,2012-06-20,2.88,2.89,3.03,2.77,121298,133806920.0,9.03,0.35,0.01,0.75
荣盛发展,2012-06-21,2.88,2.95,3.01,2.85,62470,69720505.0,5.54,2.08,0.06,0.38
荣盛发展,2012-06-25,2.9,2.73,2.94,2.65,78872,84561769.0,9.83,-7.46,-0.22,0.49
荣盛发展,2012-06-26,2.68,2.88,3.0,2.68,75168,82775053.0,11.72,5.49,0.15,0.46
荣盛发展,2012-06-27,2.85,2.92,3.04,2.8,94506,106119059.0,8.33,1.39,0.04,0.58
荣盛发展,2012-06-28,2.98,2.73,3.04,2.68,52285,56917810.0,12.33,-6.51,-0.19,0.32
荣盛发展,2012-06-29,2.74,2.83,2.83,2.55,91296,96628244.0,10.26,3.66,0.1,0.56
荣盛发展,2012-07-02,2.83,2.95,3.03,2.78,61474,68425347.0,8.83,4.24,0.12,0.38
荣盛发展,2012-07-03,2.95,3.05,3.14,2.92,101412,115706319.0,7.46,3.39,0.1,0.62
荣盛发展,2012-07-04,3.02,3.05,3.08,2.93,55864,62619090.0,4.92,0.0,0.0,0.34
荣盛发展,2012-07-05,2.98,3.0,3.1,2.93,31838,35818519.0,5.57,-1.64,-0.05,0.2
荣盛发展,2012-07-06,3.09,3.26,3.3,3.07,109514,127471788.0,7.67,8.67,0.26,0.67
荣盛发展,2012-07-09,3.18,3.21,3.36,3.09,78203,91534694.0,8.28,-1.53,-0.05,0.48
荣盛发展,2012-07-10,3.13,3.08,3.13,2.97,70629,79775724.0,4.98,-4.05,-0.13,0.43
荣盛发展,2012-07-11,3.07,2.72,3.08,2.63,137327,149363040.0,14.61,-11.69,-0.36,0.84
荣盛发展,2012-07-12,2.73,2.8,2.89,2.64,94732,101664204.0,9.19,2.94,0.08,0.58
荣盛发展,2012-07-13,2.75,2.79,2.85,2.73,49871,54036540.0,4.29,-0.36,-0.01,0.31
荣盛发展,2012-07-16,2.7,2.58,2.77,2.45,104371,107653157.0,11.47,-7.53,-0.21,0.64
荣盛发展,2012-07-17,2.39,2.61,2.65,2.39,70360,72832795.0,10.08,1.16,0.03,0.43
荣盛发展,2012-07-18,2.58,2.33,2.62,2.15,162894,160994260.0,18.01,-10.73,-0.28,1.0
荣盛发展,2012-07-19,2.26,2.32,2.43,2.14,76783,75855820.0,12.45,-0.43,-0.01,0.47
荣盛发展,2012-07-20,2.26,2.34,2.43,2.21,68801,68215906.0,9.48,0.86,0.02,0.42
荣盛发展,2012-07-23,2.28,2.33,2.43,2.26,57747,57409609.0,7.26,-0.43,-0.01,0.35
荣盛发展,2012-07-24,2.38,2.58,2.61,2.34,60046,61987769.0,11.59,10.73,0.25,0.37
荣盛发展,2012-07-25,2.58,2.54,2.6,2.39,67552,69669515.0,8.14,-1.55,-0.04,0.41
荣盛发展,2012-07-26,2.5,2.33,2.57,2.28,82535,82706687.0,11.42,-8.27,-0.21,0.51
荣盛发展,2012-07-27,2.36,2.35,2.39,2.23,37116,36751546.0,6.87,0.86,0.02,0.23
荣盛发展,2012-07-30,2.34,2.32,2.37,2.23,29104,28673153.0,5.96,-1.28,-0.03,0.18
荣盛发展,2012-07-31,2.28,2.49,2.57,2.27,46923,47667695.0,12.93,7.33,0.17,0.29
荣盛发展,2012-08-01,2.49,2.5,2.77,2.48,75184,78984087.0,11.65,0.4,0.01,0.46
荣盛发展,2012-08-02,2.48,2.23,2.5,2.11,95523,94007789.0,15.6,-10.8,-0.27,0.59
荣盛发展,2012-08-03,2.24,2.27,2.35,2.18,33789,32975273.0,7.62,1.79,0.04,0.21
荣盛发展,2012-08-06,2.27,2.37,2.4,2.21,40309,39969586.0,8.37,4.41,0.1,0.25
荣盛发展,2012-08-07,2.4,2.41,2.42,2.35,24193,24228163.0,2.95,1.69,0.04,0.15
荣盛发展,2012-08-08,2.41,2.5,2.56,2.37,85430,86938482.0,7.88,3.73,0.09,0.52
荣盛发展,2012-08-09,2.54,2.46,2.61,2.39,98733,101055576.0,8.8,-1.6,-0.04,0.61
荣盛发展,2012-08-10,2.43,2.27,2.43,2.23,82215,80922330.0,8.13,-7.72,-0.19,0.5
荣盛发展,2012-08-13,2.23,1.96,2.25,1.9,222449,206265854.0,15.42,-13.66,-0.31,1.36
荣盛发展,2012-08-14,1.95,2.08,2.09,1.95,81920,76048099.0,7.14,6.12,0.12,0.5
荣盛发展,2012-08-15,2.07,2.06,2.13,2.03,47053,44283339.0,4.81,-0.96,-0.02,0.29
荣盛发展,2012-08-16,2.03,2.18,2.24,2.03,82468,79034879.0,10.19,5.83,0.12,0.51
荣盛发展,2012-08-17,2.22,2.16,2.22,2.1,23587,22460851.0,5.5,-0.92,-0.02,0.14
荣盛发展,2012-08-20,2.11,2.02,2.11,1.97,47897,44413761.0,6.48,-6.48,-0.14,0.29
荣盛发展,2012-08-21,2.05,1.97,2.07,1.93,65863,60754278.0,6.93,-2.48,-0.05,0.4
荣盛发展,2012-08-22,1.98,1.81,1.99,1.8,69347,62602787.0,9.64,-8.12,-0.16,0.43
荣盛发展,2012-08-23,1.82,1.82,1.85,1.67,87347,76291822.0,9.94,0.55,0.01,0.54
荣盛发展,2012-08-24,1.78,1.76,1.81,1.7,57435,50110741.0,6.04,-3.3,-0.06,0.35
荣盛发展,2012-08-27,1.72,1.7,1.8,1.69,61167,53275727.0,6.25,-3.41,-0.06,0.38
荣盛发展,2012-08-28,1.7,1.65,1.72,1.58,58150,49418244.0,8.24,-2.94,-0.05,0.36
荣盛发展,2012-08-29,1.62,1.64,1.7,1.6,29420,25199817.0,6.06,-0.61,-0.01,0.18
荣盛发展,2012-08-30,1.66,1.71,1.74,1.62,38750,33461808.0,7.32,4.27,0.07,0.24
荣盛发展,2012-08-31,1.68,1.8,1.82,1.68,42964,37818456.0,8.19,5.26,0.09,0.26
荣盛发展,2012-09-03,1.77,1.98,2.09,1.76,121727,112338762.0,18.33,10.0,0.18,0.75
荣盛发展,2012-09-04,1.98,1.9,2.02,1.89,36923,33835935.0,6.57,-4.04,-0.08,0.23
荣盛发展,2012-09-05,1.89,1.99,2.06,1.89,37073,34308693.0,8.95,4.74,0.09,0.23
荣盛发展,2012-09-06,1.98,2.04,2.06,1.94,63562,58990118.0,6.03,2.51,0.05,0.39
荣盛发展,2012-09-07,2.07,2.17,2.28,2.04,101558,97000664.0,11.76,6.37,0.13,0.62
荣盛发展,2012-09-10,2.18,2.11,2.26,2.05,86886,82878785.0,9.68,-2.76,-0.06,0.53
荣盛发展,2012-09-11,2.1,1.98,2.1,1.93,63547,58618357.0,8.06,-6.16,-0.13,0.39
荣盛发展,2012-09-12,2.0,1.98,2.06,1.89,58814,53833156.0,8.59,0.0,0.0,0.36
荣盛发展,2012-09-13,1.97,1.97,2.05,1.96,43781,40539588.0,4.55,-0.51,-0.01,0.27
荣盛发展,2012-09-14,1.99,1.95,2.03,1.9,52007,47775448.0,6.6,-1.02,-0.02,0.32
荣盛发展,2012-09-17,1.93,1.73,1.99,1.7,108605,95503418.0,14.87,-11.28,-0.22,0.67
荣盛发展,2012-09-18,1.7,1.68,1.77,1.63,73243,63463281.0,8.09,-2.89,-0.05,0.45
荣盛发展,2012-09-19,1.68,1.69,1.7,1.64,35027,30058875.0,3.57,0.6,0.01,0.21
荣盛发展,2012-09-20,1.67,1.54,1.67,1.51,46839,39406111.0,9.47,-8.88,-0.15,0.29
荣盛发展,2012-09-21,1.53,1.53,1.58,1.49,46051,38342659.0,5.84,-0.65,-0.01,0.28
荣盛发展,2012-09-24,1.53,1.55,1.62,1.48,48160,40303922.0,9.15,1.31,0.02,0.3
荣盛发展,2012-09-25,1.54,1.52,1.59,1.5,29191,24382152.0,5.81,-1.94,-0.03,0.18
荣盛发展,2012-09-26,1.49,1.45,1.52,1.45,34494,28320532.0,4.61,-4.61,-0.07,0.21
荣盛发展,2012-09-27,1.5,1.59,1.66,1.45,46926,39537410.0,14.48,9.66,0.14,0.29
荣盛发展,2012-09-28,1.55,1.82,1.87,1.55,128873,113464691.0,20.13,14.47,0.23,0.79
荣盛发展,2012-10-08,1.82,1.78,1.86,1.76,67759,60066426.0,5.49,-2.2,-0.04,0.42
荣盛发展,2012-10-09,1.83,1.9,1.97,1.8,95756,86146737.0,9.55,6.74,0.12,0.59
荣盛发展,2012-10-10,1.88,1.9,1.94,1.83,68709,62091970.0,5.79,0.0,0.0,0.42
荣盛发展,2012-10-11,1.9,1.96,2.03,1.85,71174,65260879.0,9.47,3.16,0.06,0.44
荣盛发展,2012-10-12,1.96,2.03,2.1,1.95,48711,45162278.0,7.65,3.57,0.07,0.3
荣盛发展,2012-10-15,2.04,1.91,2.05,1.88,28966,26305440.0,8.37,-5.91,-0.12,0.18
荣盛发展,2012-10-16,1.91,1.9,1.95,1.85,54885,49593779.0,5.24,-0.52,-0.01,0.34
荣盛发展,2012-10-17,1.92,1.83,1.92,1.79,27372,24458442.0,6.84,-3.68,-0.07,0.17
荣盛发展,2012-10-18,1.83,2.28,2.28,1.82,139180,133023414.0,25.14,24.59,0.45,0.85
荣盛发展,2012-10-19,2.24,2.23,2.45,2.16,135002,133093825.0,12.72,-2.19,-0.05,0.83
荣盛发展,2012-10-22,2.22,2.4,2.48,2.14,144527,143797447.0,15.25,7.62,0.17,0.89
荣盛发展,2012-10-23,2.38,2.34,2.5,2.33,88456,89175925.0,7.08,-2.5,-0.06,0.54
荣盛发展,2012-10-24,2.35,2.29,2.45,2.24,115923,115763285.0,8.97,-2.14,-0.05,0.71
荣盛发展,2012-10-25,2.26,2.22,2.35,2.2,41899,40883419.0,6.55,-3.06,-0.07,0.26
荣盛发展,2012-10-26,2.2,2.21,2.35,2.03,72601,70100104.0,14.41,-0.45,-0.01,0.45
荣盛发展,2012-10-29,2.16,2.23,2.27,2.11,44903,43242775.0,7.24,0.9,0.02,0.28
荣盛发展,2012-10-30,2.23,2.3,2.48,2.23,178818,179015670.0,11.21,3.14,0.07,1.1
荣盛发展,2012-10-31,2.28,2.46,2.5,2.23,110682,111559064.0,11.74,6.96,0.16,0.68
荣盛发展,2012-11-01,2.43,2.68,2.85,2.43,181064,192018894.0,17.07,8.94,0.22,1.11
荣盛发展,2012-11-02,2.72,2.73,2.85,2.67,138359,148808053.0,6.72,1.87,0.05,0.85
荣盛发展,2012-11-05,2.7,2.75,2.8,2.63,176412,189213304.0,6.23,0.73,0.02,1.08
荣盛发展,2012-11-06,2.74,2.79,2.84,2.55,113852,121300646.0,10.55,1.45,0.04,0.7
荣盛发展,2012-11-07,2.72,2.52,2.79,2.51,129745,136004303.0,10.04,-9.68,-0.27,0.8
荣盛发展,2012-11-08,2.45,2.42,2.65,2.38,116238,119209356.0,10.71,-3.97,-0.1,0.71
荣盛发展,2012-11-09,2.41,2.45,2.55,2.4,116489,118382337.0,6.2,1.24,0.03,0.71
荣盛发展,2012-11-12,2.48,2.7,2.73,2.44,163583,171773724.0,11.84,10.2,0.25,1.0
荣盛发展,2012-11-13,2.66,2.57,2.68,2.47,88585,91914936.0,7.78,-4.81,-0.13,0.54
荣盛发展,2012-11-14,2.55,2.49,2.58,2.37,83731,85257628.0,8.17,-3.11,-0.08,0.51
荣盛发展,2012-11-15,2.46,2.57,2.71,2.4,108010,112424829.0,12.45,3.21,0.08,0.66
荣盛发展,2012-11-16,2.51,2.53,2.67,2.47,73000,75484036.0,7.78,-1.56,-0.04,0.45
荣盛发展,2012-11-19,2.5,2.51,2.53,2.35,78602,79148933.0,7.11,-0.79,-0.02,0.48
荣盛发展,2012-11-20,2.54,2.73,2.75,2.49,129818,137117787.0,10.36,8.76,0.22,0.8
荣盛发展,2012-11-21,2.72,2.89,2.94,2.62,123513,133813763.0,11.72,5.86,0.16,0.76
荣盛发展,2012-11-22,2.8,2.91,2.96,2.77,99334,109002316.0,6.57,0.69,0.02,0.61
荣盛发展,2012-11-23,2.89,2.82,2.97,2.8,48186,53112326.0,5.84,-3.09,-0.09,0.3
荣盛发展,2012-11-26,2.78,2.82,2.83,2.66,57849,62043863.0,6.03,0.0,0.0,0.36
荣盛发展,2012-11-27,2.73,2.79,2.82,2.63,61690,65966536.0,6.74,-1.06,-0.03,0.38
荣盛发展,2012-11-28,2.73,2.47,2.76,2.35,112666,115944512.0,14.7,-11.47,-0.32,0.69
荣盛发展,2012-11-29,2.43,2.56,2.59,2.43,54514,56307008.0,6.48,3.64,0.09,0.33
荣盛发展,2012-11-30,2.55,2.86,2.93,2.49,107901,116792555.0,17.19,11.72,0.3,0.66
荣盛发展,2012-12-03,2.81,2.88,3.08,2.81,135388,151175150.0,9.44,0.7,0.02,0.83
荣盛发展,2012-12-04,2.84,2.94,2.96,2.73,87813,96487519.0,7.99,2.08,0.06,0.54
荣盛发展,2012-12-05,2.96,3.1,3.26,2.83,161803,183841580.0,14.63,5.44,0.16,0.99
荣盛发展,2012-12-06,3.03,3.2,3.28,3.03,126425,147389826.0,8.06,3.23,0.1,0.78
荣盛发展,2012-12-07,3.18,3.16,3.26,3.02,140677,161915184.0,7.5,-1.25,-0.04,0.86
荣盛发展,2012-12-10,3.16,3.17,3.24,2.94,194373,221861463.0,9.49,0.32,0.01,1.19
荣盛发展,2012-12-11,3.1,3.13,3.14,3.02,116125,132215605.0,3.79,-1.26,-0.04,0.71
荣盛发展,2012-12-12,3.08,3.1,3.19,3.0,90796,103778330.0,6.07,-0.96,-0.03,0.56
荣盛发展,2012-12-13,3.07,3.14,3.22,2.97,107731,124208560.0,8.06,1.29,0.04,0.66
荣盛发展,2012-12-14,3.15,3.37,3.5,3.1,159940,190485988.0,12.74,7.32,0.23,0.98
荣盛发展,2012-12-17,3.37,3.37,3.63,3.23,246395,301023184.0,11.87,0.0,0.0,1.51
荣盛发展,2012-12-18,3.33,3.16,3.36,3.0,265369,308100336.0,10.68,-6.23,-0.21,1.63
荣盛发展,2012-12-19,3.1,3.12,3.16,2.95,221136,250604058.0,6.65,-1.27,-0.04,1.36
荣盛发展,2012-12-20,3.04,3.26,3.33,3.02,172197,199639373.0,9.94,4.49,0.14,1.06
荣盛发展,2012-12-21,3.32,3.18,3.44,3.08,149216,175643209.0,11.04,-2.45,-0.08,0.92
荣盛发展,2012-12-24,3.13,3.3,3.33,3.08,98127,115134236.0,7.86,3.77,0.12,0.6
荣盛发展,2012-12-25,3.27,3.63,3.81,3.27,296107,370893712.0,16.36,10.0,0.33,1.82
荣盛发展,2012-12-26,3.63,3.77,3.82,3.63,191340,243854355.0,5.23,3.86,0.14,1.17
荣盛发展,2012-12-27,3.74,3.78,3.92,3.63,115670,148196428.0,7.69,0.27,0.01,0.71
荣盛发展,2012-12-28,3.75,3.88,3.93,3.7,106900,138754445.0,6.08,2.65,0.1,0.66
荣盛发展,2012-12-31,3.9,4.37,4.46,3.87,281253,383210720.0,15.21,12.63,0.49,1.73
荣盛发展,2013-01-04,4.41,4.56,4.65,4.23,181058,257978084.0,9.61,4.35,0.19,1.11
荣盛发展,2013-01-07,4.53,4.4,4.53,4.33,123593,173864399.0,4.39,-3.51,-0.16,0.76
荣盛发展,2013-01-08,4.38,4.41,4.45,4.17,116841,161781819.0,6.36,0.23,0.01,0.72
荣盛发展,2013-01-09,4.37,4.21,4.43,4.17,162245,223769904.0,5.9,-4.54,-0.2,1.0
荣盛发展,2013-01-10,4.19,4.49,4.56,4.18,163204,230239308.0,9.03,6.65,0.28,1.0
荣盛发展,2013-01-11,4.45,4.27,4.52,4.13,126280,175157464.0,8.69,-4.9,-0.22,0.78
荣盛发展,2013-01-14,4.27,4.95,4.96,4.27,273329,405418976.0,16.16,15.93,0.68,1.68
荣盛发展,2013-01-15,4.88,4.87,5.02,4.81,132852,200005522.0,4.24,-1.62,-0.08,0.82
荣盛发展,2013-01-16,4.85,4.61,5.01,4.33,212874,308607824.0,13.96,-5.34,-0.26,1.31
荣盛发展,2013-01-17,4.57,4.56,4.81,4.47,107326,156231638.0,7.38,-1.08,-0.05,0.66
荣盛发展,2013-01-18,4.6,5.13,5.2,4.58,188867,285536768.0,13.6,12.5,0.57,1.16
荣盛发展,2013-01-21,5.21,4.98,5.3,4.89,122444,188002144.0,7.99,-2.92,-0.15,0.75
荣盛发展,2013-01-22,4.95,4.92,5.09,4.78,124462,187506376.0,6.22,-1.2,-0.06,0.76
荣盛发展,2013-01-23,4.88,4.78,5.07,4.51,169101,248482202.0,11.38,-2.85,-0.14,1.04
荣盛发展,2013-01-24,4.75,4.68,4.98,4.44,176680,260296706.0,11.3,-2.09,-0.1,1.08
荣盛发展,2013-01-25,4.7,4.32,4.72,4.18,181089,252940076.0,11.54,-7.69,-0.36,1.11
荣盛发展,2013-01-28,4.26,4.77,4.87,4.26,249177,355659568.0,14.12,10.42,0.45,1.53
荣盛发展,2013-01-29,4.79,4.75,5.09,4.72,243540,367001792.0,7.76,-0.42,-0.02,1.49
荣盛发展,2013-01-30,4.73,5.1,5.11,4.73,215381,328100368.0,8.0,7.37,0.35,1.32
荣盛发展,2013-01-31,5.04,4.68,5.12,4.6,190228,280244016.0,10.2,-8.24,-0.42,1.17
荣盛发展,2013-02-01,4.69,4.56,4.75,4.38,173744,247391233.0,7.91,-2.56,-0.12,1.07
荣盛发展,2013-02-04,4.59,4.27,4.59,4.16,236738,328529008.0,9.43,-6.36,-0.29,1.45
荣盛发展,2013-02-05,4.17,4.3,4.49,3.98,265270,363279632.0,11.94,0.7,0.03,1.63
荣盛发展,2013-02-06,4.22,4.08,4.27,4.02,216714,290800560.0,5.81,-5.12,-0.22,1.33
荣盛发展,2013-02-07,4.1,4.18,4.19,4.04,158344,213827747.0,3.68,2.45,0.1,0.97
荣盛发展,2013-02-08,4.13,4.18,4.25,4.13,96885,132062955.0,2.87,0.0,0.0,0.59
荣盛发展,2013-02-18,4.28,3.99,4.28,3.92,216672,288267152.0,8.61,-4.55,-0.19,1.33
荣盛发展,2013-02-19,3.98,3.75,3.98,3.65,265939,339491856.0,8.27,-6.02,-0.24,1.63
荣盛发展,2013-02-20,3.75,4.01,4.03,3.71,258868,336209264.0,8.53,6.93,0.26,1.59
荣盛发展,2013-02-21,3.95,4.05,4.2,3.95,258085,345688224.0,6.23,1.0,0.04,1.58
荣盛发展,2013-02-22,4.06,4.0,4.28,3.99,165829,225587558.0,7.16,-1.23,-0.05,1.02
荣盛发展,2013-02-25,4.0,3.97,4.14,3.93,125704,167004917.0,5.25,-0.75,-0.03,0.77
荣盛发展,2013-02-26,3.93,4.0,4.16,3.68,159018,210953311.0,12.09,0.76,0.03,0.98
荣盛发展,2013-02-27,4.0,4.39,4.47,4.0,207541,286683504.0,11.75,9.75,0.39,1.27
荣盛发展,2013-02-28,4.4,4.54,4.7,4.4,200554,288857712.0,6.83,3.42,0.15,1.23
荣盛发展,2013-03-01,4.58,4.62,4.76,4.54,146028,212144440.0,4.85,1.76,0.08,0.9
荣盛发展,2013-03-04,3.89,3.89,3.89,3.89,96436,125656108.0,0.0,-15.8,-0.73,0.59
荣盛发展,2013-03-05,3.48,3.84,3.9,3.33,311200,384670880.0,14.65,-1.29,-0.05,1.91
荣盛发展,2013-03-06,3.76,3.71,3.96,3.69,176001,226535219.0,7.03,-3.39,-0.13,1.08
荣盛发展,2013-03-07,3.71,3.72,3.78,3.48,122793,154187087.0,8.09,0.27,0.01,0.75
荣盛发展,2013-03-08,3.68,3.6,3.74,3.56,91257,114809885.0,4.84,-3.23,-0.12,0.56
荣盛发展,2013-03-11,3.6,3.89,3.94,3.48,140271,180839224.0,12.78,8.06,0.29,0.86
荣盛发展,2013-03-12,3.83,4.03,4.2,3.79,152017,202831892.0,10.54,3.6,0.14,0.93
荣盛发展,2013-03-13,4.02,3.74,4.1,3.64,119236,152882812.0,11.41,-7.2,-0.29,0.73
荣盛发展,2013-03-14,3.75,3.77,3.86,3.59,64274,82459244.0,7.22,0.8,0.03,0.39
荣盛发展,2013-03-15,3.75,3.52,3.86,3.48,149375,187074737.0,10.08,-6.63,-0.25,0.92
荣盛发展,2013-03-18,3.46,3.62,3.62,3.4,73362,90762542.0,6.25,2.84,0.1,0.45
荣盛发展,2013-03-19,3.62,3.92,3.92,3.62,101817,131462241.0,8.29,8.29,0.3,0.62
荣盛发展,2013-03-20,3.91,4.28,4.37,3.87,168767,230929672.0,12.76,9.18,0.36,1.04
荣盛发展,2013-03-21,4.27,4.2,4.37,4.13,84769,116441433.0,5.61,-1.87,-0.08,0.52
荣盛发展,2013-03-22,4.21,4.23,4.34,4.1,62121,84968811.0,5.71,0.71,0.03,0.38
荣盛发展,2013-03-25,4.19,4.35,4.5,4.19,125265,175837020.0,7.33,2.84,0.12,0.77
荣盛发展,2013-03-26,4.35,4.28,4.66,4.28,134922,191595785.0,8.74,-1.61,-0.07,0.83
荣盛发展,2013-03-27,4.21,4.43,4.59,4.21,112559,159590553.0,8.88,3.5,0.15,0.69
荣盛发展,2013-03-28,4.36,4.42,4.55,4.13,136904,192682900.0,9.48,-0.23,-0.01,0.84
荣盛发展,2013-03-29,4.4,4.2,4.49,4.08,85304,117353428.0,9.28,-4.98,-0.22,0.52
荣盛发展,2013-04-01,4.2,4.48,4.64,4.18,128847,184208640.0,10.95,6.67,0.28,0.79
荣盛发展,2013-04-02,4.53,4.68,4.87,4.5,151363,222819512.0,8.26,4.46,0.2,0.93
荣盛发展,2013-04-03,4.71,4.54,4.77,4.43,94290,135645134.0,7.26,-2.99,-0.14,0.58
荣盛发展,2013-04-08,4.43,4.64,4.64,4.26,84649,120003076.0,8.37,2.2,0.1,0.52
荣盛发展,2013-04-09,4.64,4.87,5.0,4.64,145397,217415028.0,7.76,4.96,0.23,0.89
荣盛发展,2013-04-10,4.86,4.88,5.08,4.72,118267,178437018.0,7.39,0.21,0.01,0.73
荣盛发展,2013-04-11,4.95,4.63,4.98,4.56,101102,148215655.0,8.61,-5.12,-0.25,0.62
荣盛发展,2013-04-12,4.62,4.62,4.73,4.55,60255,87812737.0,3.89,-0.22,-0.01,0.37
荣盛发展,2013-04-15,4.66,4.73,4.88,4.49,64989,95482160.0,8.44,2.38,0.11,0.4
荣盛发展,2013-04-16,4.65,5.12,5.12,4.64,222156,335043008.0,10.15,8.25,0.39,1.36
荣盛发展,2013-04-17,5.11,5.06,5.24,4.89,145469,222733095.0,6.84,-1.17,-0.06,0.89
荣盛发展,2013-04-18,5.01,5.21,5.24,4.94,114422,177261185.0,5.93,2.96,0.15,0.7
荣盛发展,2013-04-19,5.2,5.29,5.36,5.07,127493,199620202.0,5.57,1.54,0.08,0.78
荣盛发展,2013-04-22,5.29,4.81,5.29,4.5,242430,359691200.0,14.93,-9.07,-0.48,1.49
荣盛发展,2013-04-23,4.68,4.33,4.68,4.21,194080,272258768.0,9.77,-9.98,-0.48,1.19
荣盛发展,2013-04-24,4.32,4.38,4.5,4.29,140277,197019082.0,4.85,1.15,0.05,0.86
荣盛发展,2013-04-25,4.37,4.22,4.38,3.93,219937,298782288.0,10.27,-3.65,-0.16,1.35
荣盛发展,2013-04-26,4.19,4.15,4.31,4.14,109626,150173227.0,4.03,-1.66,-0.07,0.67
荣盛发展,2013-05-02,4.13,4.31,4.43,3.98,120895,167113473.0,10.84,3.86,0.16,0.74
荣盛发展,2013-05-03,4.38,4.33,4.52,4.25,97268,137213333.0,6.26,0.46,0.02,0.6
荣盛发展,2013-05-06,4.34,4.58,4.64,4.21,147409,208030797.0,9.93,5.77,0.25,0.9
荣盛发展,2013-05-07,4.52,4.76,4.82,4.52,107076,157150032.0,6.55,3.93,0.18,0.66
荣盛发展,2013-05-08,4.87,4.77,4.98,4.77,81162,121536476.0,4.41,0.21,0.01,0.5
荣盛发展,2013-05-09,4.75,4.55,4.75,4.4,73480,105420712.0,7.34,-4.61,-0.22,0.45
荣盛发展,2013-05-10,4.55,4.58,4.71,4.44,65909,94589076.0,5.93,0.66,0.03,0.4
荣盛发展,2013-05-13,4.59,4.32,4.59,4.18,135938,188849228.0,8.95,-5.68,-0.26,0.83
荣盛发展,2013-05-14,4.27,4.2,4.3,4.06,95490,130305550.0,5.56,-2.78,-0.12,0.59
荣盛发展,2013-05-15,4.22,4.23,4.32,4.13,61150,83886528.0,4.52,0.71,0.03,0.38
荣盛发展,2013-05-16,4.22,4.61,4.61,4.17,144380,204571656.0,10.4,8.98,0.38,0.89
荣盛发展,2013-05-17,4.64,4.86,4.98,4.64,185312,277553984.0,7.38,5.42,0.25,1.14
荣盛发展,2013-05-20,4.96,4.85,5.29,4.83,239621,370521696.0,9.47,-0.21,-0.01,1.47
荣盛发展,2013-05-21,4.84,5.03,5.06,4.75,95688,144031842.0,6.39,3.71,0.18,0.59
荣盛发展,2013-05-22,5.02,5.17,5.36,4.97,165479,259427908.0,7.75,2.78,0.14,1.02
荣盛发展,2013-05-23,5.08,5.38,5.57,5.08,213493,343815904.0,9.48,4.06,0.21,1.31
荣盛发展,2013-05-24,5.41,5.33,5.53,5.2,67846,107487892.0,6.13,-0.93,-0.05,0.42
荣盛发展,2013-05-27,5.23,5.39,5.58,4.98,132742,209554499.0,11.26,1.13,0.06,0.81
荣盛发展,2013-05-28,5.33,5.72,5.73,5.24,158186,258561010.0,9.09,6.12,0.33,0.97
荣盛发展,2013-05-29,5.79,5.74,6.12,5.68,159856,273792816.0,7.69,0.35,0.02,0.98
荣盛发展,2013-05-30,5.69,5.73,5.88,5.64,98059,163223689.0,4.18,-0.17,-0.01,0.6
荣盛发展,2013-05-31,5.73,5.41,5.82,5.38,121159,195924328.0,7.68,-5.58,-0.32,0.74
荣盛发展,2013-06-03,5.25,5.43,5.67,5.25,99767,160669317.0,7.76,0.37,0.02,0.61
荣盛发展,2013-06-04,5.42,5.38,5.52,5.11,102246,161239428.0,7.55,-0.92,-0.05,0.62
荣盛发展,2013-06-05,5.29,5.44,5.44,5.18,66576,104348583.0,4.83,1.12,0.06,0.41
荣盛发展,2013-06-06,5.36,5.13,5.44,5.06,104990,162727980.0,6.99,-5.7,-0.31,0.64
荣盛发展,2013-06-07,5.13,4.92,5.14,4.78,96421,144413441.0,7.02,-4.09,-0.21,0.59
荣盛发展,2013-06-13,4.75,4.4,4.75,4.31,178356,249393290.0,8.94,-10.57,-0.52,1.09
荣盛发展,2013-06-14,4.44,4.75,4.84,4.41,154819,220573746.0,9.77,7.95,0.35,0.94
荣盛发展,2013-06-17,4.7,4.45,4.76,4.35,175038,246858588.0,8.63,-6.32,-0.3,1.07
荣盛发展,2013-06-18,4.48,4.71,4.73,4.41,131581,187205068.0,7.19,5.84,0.26,0.8
荣盛发展,2013-06-19,4.61,4.68,4.69,4.45,99568,141531251.0,5.1,-0.64,-0.03,0.61
荣盛发展,2013-06-20,4.62,4.5,4.85,4.5,88615,128424169.0,7.48,-3.85,-0.18,0.54
荣盛发展,2013-06-21,4.34,4.48,4.54,4.23,64987,90531424.0,6.89,-0.44,-0.02,0.4
荣盛发展,2013-06-24,4.41,3.78,4.44,3.78,171952,223815027.0,14.73,-15.63,-0.7,1.05
荣盛发展,2013-06-25,3.62,3.79,3.79,3.15,190383,229283928.0,16.93,0.26,0.01,1.16
荣盛发展,2013-06-26,3.79,3.87,3.94,3.57,140052,177254173.0,9.76,2.11,0.08,0.85
荣盛发展,2013-06-27,3.95,3.92,4.14,3.89,98581,129491812.0,6.46,1.29,0.05,0.6
荣盛发展,2013-06-28,4.04,4.51,4.56,4.04,332683,465575360.0,13.27,15.05,0.59,2.03
荣盛发展,2013-07-01,4.35,4.62,4.7,4.3,140032,197111543.0,8.87,2.44,0.11,0.85
荣盛发展,2013-07-02,4.55,4.54,4.64,4.39,88945,125297920.0,5.41,-1.73,-0.08,0.54
荣盛发展,2013-07-03,4.53,4.29,4.54,4.1,128108,174082603.0,9.69,-5.51,-0.25,0.78
荣盛发展,2013-07-04,4.17,4.56,4.66,4.15,142449,201460216.0,11.89,6.29,0.27,0.86
荣盛发展,2013-07-05,4.7,4.92,5.27,4.7,169856,258166865.0,12.5,7.89,0.36,1.03
荣盛发展,2013-07-08,4.85,4.86,5.2,4.71,93694,141360467.0,9.96,-1.22,-0.06,0.57
荣盛发展,2013-07-09,5.0,4.62,5.0,4.5,66402,95447947.0,10.29,-4.94,-0.24,0.4
荣盛发展,2013-07-10,4.65,5.09,5.15,4.6,92176,137228397.0,11.9,10.17,0.47,0.56
荣盛发展,2013-07-11,5.08,5.62,5.81,5.06,272283,437582800.0,14.73,10.41,0.53,1.65
荣盛发展,2013-07-12,5.7,5.35,5.78,5.25,152066,244541717.0,9.43,-4.8,-0.27,0.92
荣盛发展,2013-07-15,5.35,5.46,5.57,5.14,117365,185433410.0,8.04,2.06,0.11,0.71
荣盛发展,2013-07-16,5.35,5.25,5.35,5.04,159788,247502034.0,5.68,-3.85,-0.21,0.97
荣盛发展,2013-07-17,5.1,5.23,5.5,5.0,161606,252158490.0,9.52,-0.38,-0.02,0.98
荣盛发展,2013-07-18,5.23,4.96,5.31,4.95,118052,179661381.0,6.88,-5.16,-0.27,0.72
荣盛发展,2013-07-19,4.94,4.39,5.04,4.39,187154,269925616.0,13.1,-11.49,-0.57,1.14
荣盛发展,2013-07-22,4.4,4.3,4.45,4.21,144789,198691309.0,5.47,-2.05,-0.09,0.88
荣盛发展,2013-07-23,4.38,4.56,4.66,4.33,132008,186823482.0,7.67,6.05,0.26,0.8
荣盛发展,2013-07-24,4.48,4.33,4.61,4.11,187910,257409323.0,10.96,-5.04,-0.23,1.14
荣盛发展,2013-07-25,4.38,4.25,4.45,4.23,139667,191748663.0,5.08,-1.85,-0.08,0.85
荣盛发展,2013-07-26,4.2,4.1,4.28,4.0,166301,222466406.0,6.59,-3.53,-0.15,1.01
荣盛发展,2013-07-29,4.05,3.86,4.05,3.8,147198,189381594.0,6.1,-5.85,-0.24,0.89
荣盛发展,2013-07-30,3.9,4.1,4.23,3.8,140962,185611696.0,11.14,6.22,0.24,0.86
荣盛发展,2013-07-31,4.75,4.47,4.77,4.38,345414,495872240.0,9.51,9.02,0.37,2.1
荣盛发展,2013-08-01,4.38,4.55,4.63,4.38,157677,223071223.0,5.59,1.79,0.08,0.96
荣盛发展,2013-08-02,4.77,4.6,4.88,4.58,191292,278873600.0,6.59,1.1,0.05,1.16
荣盛发展,2013-08-05,4.58,4.7,4.72,4.36,111930,158977078.0,7.83,2.17,0.1,0.68
荣盛发展,2013-08-06,4.61,4.55,4.63,4.39,186783,263880830.0,5.11,-3.19,-0.15,1.13
荣盛发展,2013-08-07,4.63,4.8,5.15,4.63,274397,408680576.0,11.43,5.49,0.25,1.67
荣盛发展,2013-08-08,4.8,4.83,4.9,4.7,88261,129584429.0,4.17,0.63,0.03,0.54
荣盛发展,2013-08-09,4.85,4.89,5.05,4.68,112340,167074219.0,7.66,1.24,0.06,0.68
荣盛发展,2013-08-12,4.93,5.27,5.28,4.92,193256,298794368.0,7.36,7.77,0.38,1.17
荣盛发展,2013-08-20,4.93,4.58,5.29,4.51,318871,468671712.0,14.8,-13.09,-0.69,1.94
荣盛发展,2013-08-21,4.62,4.42,4.64,4.22,254199,350074624.0,9.17,-3.49,-0.16,1.54
荣盛发展,2013-08-22,4.31,4.29,4.46,4.23,144119,198570326.0,5.2,-2.94,-0.13,0.88
荣盛发展,2013-08-23,4.34,4.38,4.45,4.12,153377,210581764.0,7.69,2.1,0.09,0.93
荣盛发展,2013-08-26,4.39,4.51,4.53,4.26,129179,180101893.0,6.16,2.97,0.13,0.78
荣盛发展,2013-08-27,4.5,4.51,4.59,4.41,99427,139954671.0,3.99,0.0,0.0,0.6
荣盛发展,2013-08-28,4.42,4.4,4.48,4.3,77717,107845018.0,3.99,-2.44,-0.11,0.47
荣盛发展,2013-08-29,4.42,4.44,4.47,4.28,66124,91510351.0,4.32,0.91,0.04,0.4
荣盛发展,2013-08-30,4.43,4.33,4.46,4.3,79327,109954449.0,3.6,-2.48,-0.11,0.48
荣盛发展,2013-09-02,4.33,4.11,4.38,4.0,128409,170780652.0,8.78,-5.08,-0.22,0.78
荣盛发展,2013-09-03,4.11,4.5,4.5,4.09,155701,214402903.0,9.98,9.49,0.39,0.95
荣盛发展,2013-09-04,4.48,4.38,4.53,4.34,76971,107358740.0,4.22,-2.67,-0.12,0.47
荣盛发展,2013-09-05,4.42,4.38,4.53,4.36,94427,132341111.0,3.88,0.0,0.0,0.57
荣盛发展,2013-09-06,4.38,4.26,4.43,4.23,79806,108977432.0,4.57,-2.74,-0.12,0.48
荣盛发展,2013-09-09,4.29,4.8,4.81,4.24,287953,412818160.0,13.38,12.68,0.54,1.75
荣盛发展,2013-09-10,4.8,4.78,4.86,4.65,120113,175068843.0,4.38,-0.42,-0.02,0.73
荣盛发展,2013-09-11,4.8,4.87,5.0,4.73,131556,194380328.0,5.65,1.88,0.09,0.8
荣盛发展,2013-09-12,4.85,4.73,4.85,4.61,117806,171278221.0,4.93,-2.87,-0.14,0.72
荣盛发展,2013-09-13,4.71,4.74,4.83,4.61,82312,119314483.0,4.65,0.21,0.01,0.5
荣盛发展,2013-09-16,4.81,4.46,4.83,4.46,99234,141684199.0,7.81,-5.91,-0.28,0.6
荣盛发展,2013-09-17,4.51,4.11,4.51,4.05,216011,291178400.0,10.31,-7.85,-0.35,1.31
荣盛发展,2013-09-18,4.13,4.18,4.21,4.1,65305,87523501.0,2.68,1.7,0.07,0.4
荣盛发展,2013-09-23,4.27,4.22,4.28,4.11,92286,124134661.0,4.07,0.96,0.04,0.56
荣盛发展,2013-09-24,4.18,4.11,4.19,3.98,157439,208180404.0,4.98,-2.61,-0.11,0.96
荣盛发展,2013-09-25,4.09,4.12,4.17,4.02,88606,117862660.0,3.65,0.24,0.01,0.54
荣盛发展,2013-09-26,4.11,3.93,4.14,3.93,93065,122202962.0,5.1,-4.61,-0.19,0.57
荣盛发展,2013-09-27,3.91,3.9,4.01,3.77,96620,124370069.0,6.11,-0.76,-0.03,0.59
荣盛发展,2013-09-30,3.95,3.82,4.05,3.8,85003,109559613.0,6.41,-2.05,-0.08,0.52
荣盛发展,2013-10-08,3.86,4.07,4.11,3.83,129924,170632637.0,7.33,6.54,0.25,0.79
荣盛发展,2013-10-09,4.06,4.02,4.17,3.85,141559,184862646.0,7.86,-1.23,-0.05,0.86
荣盛发展,2013-10-10,4.0,4.12,4.13,3.96,134946,178265896.0,4.23,2.49,0.1,0.82
荣盛发展,2013-10-11,4.18,4.14,4.19,4.06,105271,140446614.0,3.16,0.49,0.02,0.64
荣盛发展,2013-10-14,4.15,3.75,4.18,3.71,298110,381116768.0,11.35,-9.42,-0.39,1.81
荣盛发展,2013-10-15,3.75,3.8,3.87,3.72,148548,187785411.0,4.0,1.33,0.05,0.9
荣盛发展,2013-10-16,3.75,3.62,3.84,3.59,105138,130816992.0,6.58,-4.74,-0.18,0.64
荣盛发展,2013-10-17,3.7,3.64,3.74,3.58,86800,107407982.0,4.42,0.55,0.02,0.53
荣盛发展,2013-10-18,3.65,3.62,3.7,3.58,63994,79066461.0,3.3,-0.55,-0.02,0.39
荣盛发展,2013-10-21,3.63,3.61,3.64,3.4,135374,164181518.0,6.63,-0.28,-0.01,0.82
荣盛发展,2013-10-22,3.57,3.57,3.62,3.53,63107,77201854.0,2.49,-1.11,-0.04,0.38
荣盛发展,2013-10-23,3.59,3.56,3.68,3.49,96777,118543607.0,5.32,-0.28,-0.01,0.59
荣盛发展,2013-10-24,3.6,3.53,3.64,3.5,94222,115376903.0,3.93,-0.84,-0.03,0.57
荣盛发展,2013-10-25,3.55,3.48,3.61,3.35,107351,130057074.0,7.37,-1.42,-0.05,0.65
荣盛发展,2013-10-28,3.5,3.3,3.5,3.28,102831,121227846.0,6.32,-5.17,-0.18,0.62
荣盛发展,2013-10-29,3.33,3.13,3.4,2.98,136360,156156844.0,12.73,-5.15,-0.17,0.83
荣盛发展,2013-10-30,3.12,3.06,3.18,2.94,128234,143077270.0,7.67,-2.24,-0.07,0.78
荣盛发展,2013-10-31,3.24,3.3,3.46,3.17,266157,313329664.0,9.48,7.84,0.24,1.61
荣盛发展,2013-11-01,3.29,3.42,3.44,3.22,124529,147642495.0,6.67,3.64,0.12,0.75
荣盛发展,2013-11-04,3.44,3.32,3.49,3.28,74275,87500674.0,6.14,-2.92,-0.1,0.45
荣盛发展,2013-11-05,3.29,3.25,3.34,3.09,98439,113219658.0,7.53,-2.11,-0.07,0.6
荣盛发展,2013-11-06,3.23,3.22,3.32,3.21,91578,106525850.0,3.38,-0.92,-0.03,0.55
荣盛发展,2013-11-07,3.25,3.28,3.29,3.22,41103,47772746.0,2.17,1.86,0.06,0.25
荣盛发展,2013-11-08,3.29,3.14,3.32,3.13,60423,69965437.0,5.79,-4.27,-0.14,0.37
荣盛发展,2013-11-11,3.14,2.93,3.26,2.91,93484,103744643.0,11.15,-6.69,-0.21,0.57
荣盛发展,2013-11-12,2.95,2.98,3.04,2.89,69129,76041929.0,5.12,1.71,0.05,0.42
荣盛发展,2013-11-13,2.96,2.94,3.02,2.91,54723,60438132.0,3.69,-1.34,-0.04,0.33
荣盛发展,2013-11-14,2.99,2.87,2.99,2.82,82310,89231845.0,5.78,-2.38,-0.07,0.5
荣盛发展,2013-11-15,2.88,3.0,3.15,2.85,155768,172923418.0,10.45,4.53,0.13,0.94
荣盛发展,2013-11-18,3.01,3.17,3.19,2.94,183768,207606795.0,8.33,5.67,0.17,1.11
荣盛发展,2013-11-19,3.15,3.28,3.34,3.07,201136,232495961.0,8.52,3.47,0.11,1.22
荣盛发展,2013-11-20,3.33,3.3,3.39,3.22,126367,147949064.0,5.18,0.61,0.02,0.77
荣盛发展,2013-11-21,3.2,3.15,3.33,3.1,143314,163974444.0,6.97,-4.55,-0.15,0.87
荣盛发展,2013-11-22,3.18,3.09,3.25,3.04,145676,165862262.0,6.67,-1.9,-0.06,0.88
荣盛发展,2013-11-25,3.09,3.04,3.14,3.01,116074,130630387.0,4.21,-1.62,-0.05,0.7
荣盛发展,2013-11-26,3.04,3.02,3.06,2.96,69254,76917133.0,3.29,-0.66,-0.02,0.42
荣盛发展,2013-11-27,2.99,2.95,3.02,2.87,155017,170254129.0,4.97,-2.32,-0.07,0.94
荣盛发展,2013-11-28,2.95,3.07,3.14,2.92,147793,165481604.0,7.46,4.07,0.12,0.9
荣盛发展,2013-11-29,3.07,3.03,3.11,3.01,71207,79791421.0,3.26,-1.3,-0.04,0.43
荣盛发展,2013-12-02,2.98,2.85,3.08,2.83,101044,110374295.0,8.25,-5.94,-0.18,0.61
荣盛发展,2013-12-03,2.83,2.96,3.0,2.75,85161,92386662.0,8.77,3.86,0.11,0.52
荣盛发展,2013-12-04,2.95,3.17,3.26,2.94,191107,217136385.0,10.81,7.09,0.21,1.16
荣盛发展,2013-12-05,3.18,3.17,3.29,3.14,105237,121101851.0,4.73,0.0,0.0,0.64
荣盛发展,2013-12-06,3.17,3.14,3.2,3.09,66715,75839946.0,3.47,-0.95,-0.03,0.4
荣盛发展,2013-12-09,3.16,3.11,3.2,3.06,74247,84347851.0,4.46,-0.96,-0.03,0.45
荣盛发展,2013-12-10,3.12,3.08,3.17,3.05,89380,100889309.0,3.86,-0.96,-0.03,0.54
荣盛发展,2013-12-11,3.06,3.0,3.08,2.85,109409,120856861.0,7.47,-2.6,-0.08,0.66
荣盛发展,2013-12-12,2.95,3.01,3.05,2.93,74938,82890752.0,4.0,0.33,0.01,0.45
荣盛发展,2013-12-13,2.98,2.97,3.01,2.93,66778,73564761.0,2.66,-1.33,-0.04,0.4
荣盛发展,2013-12-16,3.03,2.9,3.05,2.89,64591,71051894.0,5.39,-2.36,-0.07,0.39
荣盛发展,2013-12-17,2.88,2.68,2.92,2.64,155235,164119820.0,9.66,-7.59,-0.22,0.94
荣盛发展,2013-12-18,2.69,2.63,2.73,2.59,79483,82689015.0,5.22,-1.87,-0.05,0.48
荣盛发展,2013-12-19,2.64,2.48,2.66,2.44,159223,161154406.0,8.37,-5.7,-0.15,0.96
荣盛发展,2013-12-20,2.47,2.44,2.49,2.3,175680,172876507.0,7.66,-1.61,-0.04,1.06
荣盛发展,2013-12-23,2.4,2.43,2.43,2.25,145279,141978210.0,7.38,-0.41,-0.01,0.88
荣盛发展,2013-12-24,2.4,2.49,2.57,2.36,103812,104190277.0,8.64,2.47,0.06,0.63
荣盛发展,2013-12-25,2.49,2.51,2.53,2.42,68507,68952826.0,4.42,0.8,0.02,0.41
荣盛发展,2013-12-26,2.51,2.43,2.52,2.31,97760,96798205.0,8.37,-3.19,-0.08,0.59
荣盛发展,2013-12-27,2.39,2.46,2.53,2.39,88387,88768578.0,5.76,1.23,0.03,0.54
荣盛发展,2013-12-30,2.49,2.43,2.5,2.37,92312,91426248.0,5.28,-1.22,-0.03,0.56
荣盛发展,2013-12-31,2.4,2.45,2.49,2.37,90135,89872337.0,4.94,0.82,0.02,0.55
荣盛发展,2014-01-02,2.44,2.4,2.48,2.38,99324,98589884.0,4.08,-2.04,-0.05,0.6
荣盛发展,2014-01-03,2.38,2.27,2.4,2.21,125794,121602296.0,7.92,-5.42,-0.13,0.76
荣盛发展,2014-01-06,2.26,2.03,2.26,1.95,178579,164039441.0,13.66,-10.57,-0.24,1.08
荣盛发展,2014-01-07,1.98,1.98,2.01,1.91,116175,105004556.0,4.93,-2.46,-0.05,0.7
荣盛发展,2014-01-08,2.0,1.93,2.02,1.89,129011,115690878.0,6.57,-2.53,-0.05,0.78
荣盛发展,2014-01-09,1.93,1.91,2.01,1.9,78826,70976808.0,5.7,-1.04,-0.02,0.48
荣盛发展,2014-01-10,1.9,1.87,1.94,1.84,64416,57221404.0,5.24,-2.09,-0.04,0.39
荣盛发展,2014-01-13,1.87,1.74,1.89,1.67,110782,95352641.0,11.76,-6.95,-0.13,0.67
荣盛发展,2014-01-14,1.71,1.83,1.85,1.68,103220,89006459.0,9.77,5.17,0.09,0.62
荣盛发展,2014-01-15,1.8,1.77,1.87,1.71,88967,76601671.0,8.74,-3.28,-0.06,0.54
荣盛发展,2014-01-16,1.75,1.75,1.81,1.72,94009,80982813.0,5.08,-1.13,-0.02,0.57
荣盛发展,2014-01-17,1.74,1.64,1.74,1.64,74938,63270917.0,5.71,-6.29,-0.11,0.45
荣盛发展,2014-01-20,1.64,1.65,1.68,1.61,48475,40661974.0,4.27,0.61,0.01,0.29
荣盛发展,2014-01-21,1.67,1.86,1.93,1.65,169108,146909728.0,16.97,12.73,0.21,1.02
荣盛发展,2014-01-22,1.84,2.18,2.27,1.83,271754,252458348.0,23.66,17.2,0.32,1.64
荣盛发展,2014-01-23,2.18,2.21,2.35,2.12,235574,224352197.0,10.55,1.38,0.03,1.42
荣盛发展,2014-01-24,2.21,2.69,2.69,2.18,404592,413058592.0,23.08,21.72,0.48,2.45
荣盛发展,2014-01-27,2.81,2.72,2.84,2.63,271266,286575072.0,7.81,1.12,0.03,1.64
荣盛发展,2014-01-28,2.73,2.66,2.76,2.63,114365,119698660.0,4.78,-2.21,-0.06,0.69
荣盛发展,2014-01-29,2.68,2.6,2.71,2.56,112303,116023494.0,5.64,-2.26,-0.06,0.68
荣盛发展,2014-01-30,2.58,2.4,2.59,2.3,203047,201049027.0,11.15,-7.69,-0.2,1.23
荣盛发展,2014-02-07,2.34,2.48,2.49,2.3,105862,105281746.0,7.92,3.33,0.08,0.64
荣盛发展,2014-02-10,2.51,2.61,2.7,2.51,122080,126281588.0,7.66,5.24,0.13,0.74
荣盛发展,2014-02-11,2.61,2.57,2.64,2.53,146253,150127338.0,4.21,-1.53,-0.04,0.88
荣盛发展,2014-02-12,2.56,2.43,2.58,2.39,204304,203695571.0,7.39,-5.45,-0.14,1.24
荣盛发展,2014-02-13,2.44,2.37,2.44,2.34,117725,116067723.0,4.12,-2.47,-0.06,0.71
荣盛发展,2014-02-14,2.35,2.32,2.42,2.23,240651,232741525.0,8.02,-2.11,-0.05,1.46
荣盛发展,2014-02-17,2.33,2.35,2.35,2.25,180470,175426240.0,4.31,1.29,0.03,1.09
荣盛发展,2014-02-18,2.38,2.3,2.38,2.28,133552,130010915.0,4.26,-2.13,-0.05,0.81
荣盛发展,2014-02-19,2.29,2.36,2.42,2.21,258373,251318348.0,9.13,2.61,0.06,1.56
荣盛发展,2014-02-20,2.34,2.18,2.4,2.18,172967,167078628.0,9.32,-7.63,-0.18,1.05
荣盛发展,2014-02-21,2.13,1.89,2.16,1.83,262387,236799684.0,15.14,-13.3,-0.29,1.59
荣盛发展,2014-02-24,1.78,1.65,1.79,1.62,220823,186391156.0,8.99,-12.7,-0.24,1.34
荣盛发展,2014-02-25,1.67,1.71,1.82,1.62,234996,199793920.0,12.12,3.64,0.06,1.42
荣盛发展,2014-02-26,1.72,1.75,1.82,1.66,155492,133314710.0,9.36,2.34,0.04,0.94
荣盛发展,2014-02-27,1.76,1.51,1.79,1.5,192462,161101316.0,16.57,-13.71,-0.24,1.16
荣盛发展,2014-02-28,1.56,1.79,1.8,1.51,218007,183228328.0,19.21,18.54,0.28,1.32
荣盛发展,2014-03-03,1.74,1.86,1.88,1.65,225004,194065949.0,12.85,3.91,0.07,1.36
荣盛发展,2014-03-04,1.85,1.82,1.88,1.75,189945,165871952.0,6.99,-2.15,-0.04,1.15
荣盛发展,2014-03-05,1.83,1.68,1.84,1.67,157163,134558219.0,9.34,-7.69,-0.14,0.95
荣盛发展,2014-03-06,1.67,2.1,2.1,1.61,378240,337933168.0,29.17,25.0,0.42,2.29
荣盛发展,2014-03-07,2.23,2.02,2.31,2.01,431313,406679264.0,14.29,-3.81,-0.08,2.61
荣盛发展,2014-03-10,2.03,2.02,2.13,1.86,280927,255815739.0,13.37,0.0,0.0,1.7
荣盛发展,2014-03-11,2.05,2.38,2.47,1.96,688535,673097392.0,25.25,17.82,0.36,4.16
荣盛发展,2014-03-12,2.28,2.64,2.84,2.23,801161,819867136.0,25.63,10.92,0.26,4.85
荣盛发展,2014-03-13,2.58,2.5,2.68,2.41,423091,428957904.0,10.23,-5.3,-0.14,2.56
荣盛发展,2014-03-14,2.45,2.35,2.61,2.25,344057,342055136.0,14.4,-6.0,-0.15,2.08
荣盛发展,2014-03-17,2.43,2.52,2.59,2.39,289635,292979088.0,8.51,7.23,0.17,1.75
荣盛发展,2014-03-18,2.45,2.41,2.46,2.31,269362,264720619.0,5.95,-4.37,-0.11,1.63
荣盛发展,2014-03-19,2.36,2.69,2.74,2.11,684984,685136208.0,26.14,11.62,0.28,4.14
荣盛发展,2014-03-20,2.65,2.54,2.93,2.53,700995,745684784.0,14.87,-5.58,-0.15,4.24
荣盛发展,2014-03-21,2.49,3.05,3.05,2.45,793930,863527680.0,23.62,20.08,0.51,4.8
荣盛发展,2014-03-24,3.17,3.55,3.61,3.07,1177436,1378171360.0,17.7,16.39,0.5,7.12
荣盛发展,2014-03-25,3.48,3.49,3.86,3.36,955042,1175050864.0,14.08,-1.69,-0.06,5.78
荣盛发展,2014-03-26,3.46,3.42,3.63,3.25,565107,678711568.0,10.89,-2.01,-0.07,3.42
荣盛发展,2014-03-27,3.55,3.84,3.99,3.45,1033488,1302922464.0,15.79,12.28,0.42,6.25
荣盛发展,2014-03-28,3.75,3.45,3.92,3.45,678824,849970688.0,12.24,-10.16,-0.39,4.11
荣盛发展,2014-03-31,3.51,3.63,3.95,3.49,519887,648496656.0,13.33,5.22,0.18,3.14
荣盛发展,2014-04-01,3.5,3.69,3.71,3.2,491499,591124752.0,14.05,1.65,0.06,2.97
荣盛发展,2014-04-02,3.61,4.02,4.22,3.61,725078,949226512.0,16.53,8.94,0.33,4.39
荣盛发展,2014-04-03,3.99,4.17,4.17,3.87,671615,881238672.0,7.46,3.73,0.15,4.06
荣盛发展,2014-04-04,4.15,4.04,4.4,3.97,567381,763242288.0,10.31,-3.12,-0.13,3.43
荣盛发展,2014-04-08,3.91,3.81,3.93,3.64,524705,661700912.0,7.18,-5.69,-0.23,3.17
荣盛发展,2014-04-09,3.76,3.85,4.04,3.75,570133,734631360.0,7.61,1.05,0.04,3.45
荣盛发展,2014-04-10,3.8,3.55,3.83,3.49,646848,798805536.0,8.83,-7.79,-0.3,3.91
荣盛发展,2014-04-11,3.46,3.55,3.62,3.36,383472,463086528.0,7.32,0.0,0.0,2.32
荣盛发展,2014-04-14,3.49,3.65,3.75,3.35,573177,702987056.0,11.27,2.82,0.1,3.47
荣盛发展,2014-04-15,3.56,3.3,3.6,3.3,428799,513462448.0,8.22,-9.59,-0.35,2.59
荣盛发展,2014-04-16,3.26,3.33,3.49,3.26,301619,356478400.0,6.97,0.91,0.03,1.82
荣盛发展,2014-04-17,3.36,3.16,3.4,3.15,278397,321449616.0,7.51,-5.11,-0.17,1.68
荣盛发展,2014-04-18,3.19,3.15,3.26,3.12,231684,265208706.0,4.43,-0.32,-0.01,1.4
荣盛发展,2014-04-21,3.11,2.91,3.19,2.9,299102,334758640.0,9.21,-7.62,-0.24,1.81
荣盛发展,2014-04-22,2.9,3.07,3.08,2.85,346729,383833328.0,7.9,5.5,0.16,2.1
荣盛发展,2014-04-23,3.0,2.95,3.07,2.92,189870,209891797.0,4.89,-3.91,-0.12,1.15
荣盛发展,2014-04-24,2.96,2.99,3.18,2.89,356561,401334480.0,9.83,1.36,0.04,2.16
荣盛发展,2014-04-25,3.0,3.03,3.14,2.94,251518,281698624.0,6.69,1.34,0.04,1.52
荣盛发展,2014-04-28,3.04,2.71,3.08,2.71,228727,246745117.0,12.21,-10.56,-0.32,1.38
荣盛发展,2014-04-29,2.71,2.73,2.76,2.45,318539,328517360.0,11.44,0.74,0.02,1.93
荣盛发展,2014-04-30,2.66,2.67,2.72,2.63,197327,205919824.0,3.3,-2.2,-0.06,1.19
荣盛发展,2014-05-05,2.68,2.51,2.68,2.44,219778,222357402.0,8.99,-5.99,-0.16,1.33
荣盛发展,2014-05-06,2.51,2.53,2.58,2.49,142374,144573939.0,3.59,0.8,0.02,0.86
荣盛发展,2014-05-07,2.47,2.3,2.51,2.29,213389,211887969.0,8.7,-9.09,-0.23,1.29
荣盛发展,2014-05-08,2.3,2.41,2.59,2.24,296968,296705280.0,15.22,4.78,0.11,1.8
荣盛发展,2014-05-09,2.4,2.24,2.42,2.21,175945,170410234.0,8.71,-7.05,-0.17,1.06
荣盛发展,2014-05-12,2.28,2.34,2.37,2.16,195395,188818612.0,9.38,4.46,0.1,1.18
荣盛发展,2014-05-13,2.45,2.51,2.73,2.41,365618,374306224.0,13.68,7.26,0.17,2.21
荣盛发展,2014-05-14,2.6,2.69,2.74,2.6,352801,369025984.0,5.58,7.17,0.18,2.13
荣盛发展,2014-05-15,2.65,2.51,2.67,2.47,163217,166395355.0,7.43,-6.69,-0.18,0.99
荣盛发展,2014-05-16,2.49,2.7,2.73,2.46,237676,245258184.0,10.76,7.57,0.19,1.44
荣盛发展,2014-05-19,2.65,2.57,2.65,2.49,156242,159720625.0,5.93,-4.81,-0.13,0.94
荣盛发展,2014-05-20,2.6,2.54,2.62,2.51,111875,113946789.0,4.28,-1.17,-0.03,0.68
荣盛发展,2014-05-21,2.51,2.63,2.68,2.39,201011,206358390.0,11.42,3.54,0.09,1.22
荣盛发展,2014-05-22,2.58,2.81,2.93,2.58,382867,409946960.0,13.31,6.84,0.18,2.32
荣盛发展,2014-05-23,2.84,2.96,3.06,2.78,386448,427302368.0,9.96,5.34,0.15,2.34
荣盛发展,2014-05-26,3.0,2.93,3.05,2.87,226228,248819290.0,6.08,-1.01,-0.03,1.37
荣盛发展,2014-05-27,2.91,2.99,3.08,2.91,188041,209087928.0,5.8,2.05,0.06,1.14
荣盛发展,2014-05-28,3.0,3.05,3.09,2.97,167541,187491884.0,4.01,2.01,0.06,1.01
荣盛发展,2014-05-29,3.07,2.92,3.24,2.92,183721,206677868.0,10.49,-4.26,-0.13,1.11
荣盛发展,2014-05-30,2.9,2.8,2.94,2.71,149435,159612117.0,7.88,-4.11,-0.12,0.9
荣盛发展,2014-06-03,2.76,2.78,2.87,2.7,122269,130359776.0,6.07,-0.71,-0.02,0.74
荣盛发展,2014-06-04,2.77,2.51,2.77,2.44,194430,197909352.0,11.87,-9.71,-0.27,1.18
荣盛发展,2014-06-05,2.55,2.62,2.63,2.52,140641,141441455.0,4.38,4.38,0.11,0.85
荣盛发展,2014-06-06,2.67,2.77,2.83,2.56,232639,239113734.0,10.31,5.73,0.15,1.41
荣盛发展,2014-06-09,2.7,2.73,2.88,2.63,194608,203039705.0,9.03,-1.44,-0.04,1.18
荣盛发展,2014-06-10,2.74,2.94,2.98,2.67,271471,288571200.0,11.36,7.69,0.21,1.64
荣盛发展,2014-06-11,2.89,2.99,3.07,2.87,189552,206247857.0,6.8,1.7,0.05,1.15
荣盛发展,2014-06-12,2.98,2.9,3.0,2.81,192956,206567225.0,6.35,-3.01,-0.09,1.17
荣盛发展,2014-06-13,2.86,2.8,2.94,2.78,191820,203468876.0,5.52,-3.45,-0.1,1.16
荣盛发展,2014-06-16,2.81,2.84,2.87,2.74,164581,173152804.0,4.64,1.43,0.04,0.99
荣盛发展,2014-06-17,2.78,2.8,2.92,2.73,151362,159728486.0,6.69,-1.41,-0.04,0.91
荣盛发展,2014-06-18,2.76,2.62,2.81,2.61,173882,178535665.0,7.14,-6.43,-0.18,1.05
荣盛发展,2014-06-19,2.61,2.3,2.68,2.29,266073,260074310.0,14.89,-12.21,-0.32,1.61
荣盛发展,2014-06-20,2.31,2.33,2.36,2.27,112730,107301522.0,3.91,1.3,0.03,0.68
荣盛发展,2014-06-23,2.36,2.35,2.43,2.32,128992,123953945.0,4.72,0.86,0.02,0.78
荣盛发展,2014-06-24,2.35,2.36,2.39,2.31,81872,78514217.0,3.4,0.43,0.01,0.49
荣盛发展,2014-06-25,2.36,2.25,2.37,2.22,177896,168695286.0,6.36,-4.66,-0.11,1.08
荣盛发展,2014-06-26,2.25,2.28,2.34,2.23,162918,154485394.0,4.89,1.33,0.03,0.98
荣盛发展,2014-06-27,2.28,2.31,2.34,2.26,121242,115249448.0,3.51,1.32,0.03,0.73
荣盛发展,2014-06-30,2.31,2.29,2.33,2.27,135367,128573189.0,2.6,-0.87,-0.02,0.82
荣盛发展,2014-07-01,2.31,2.29,2.32,2.26,111905,105813786.0,2.62,0.0,0.0,0.68
荣盛发展,2014-07-02,2.28,2.37,2.37,2.24,202005,191643914.0,5.68,3.49,0.08,1.22
荣盛发展,2014-07-03,2.37,2.35,2.37,2.33,154829,148638943.0,1.69,-0.84,-0.02,0.94
荣盛发展,2014-07-04,2.37,2.42,2.47,2.35,201095,195890889.0,5.11,2.98,0.07,1.22
荣盛发展,2014-07-07,2.46,2.49,2.54,2.42,238442,236021292.0,4.96,2.89,0.07,1.44
荣盛发展,2014-07-08,2.5,2.42,2.51,2.37,174670,169681818.0,5.62,-2.81,-0.07,1.06
荣盛发展,2014-07-09,2.42,2.26,2.44,2.25,170003,162233072.0,7.85,-6.61,-0.16,1.03
荣盛发展,2014-07-10,2.26,2.29,2.35,2.25,118391,112150067.0,4.42,1.33,0.03,0.72
荣盛发展,2014-07-11,2.3,2.4,2.45,2.27,193290,187379377.0,7.86,4.8,0.11,1.17
荣盛发展,2014-07-14,2.42,2.45,2.5,2.38,177452,173576324.0,5.0,2.08,0.05,1.07
荣盛发展,2014-07-15,2.43,2.54,2.54,2.42,240935,237531856.0,4.9,3.67,0.09,1.46
荣盛发展,2014-07-16,2.61,2.51,2.63,2.48,217843,217288804.0,5.91,-1.18,-0.03,1.32
荣盛发展,2014-07-17,2.5,2.48,2.54,2.44,113803,112040362.0,3.98,-1.2,-0.03,0.69
荣盛发展,2014-07-18,2.45,2.65,2.72,2.43,354604,360592784.0,11.69,6.85,0.17,2.14
荣盛发展,2014-07-21,2.7,2.72,2.84,2.65,319680,333592704.0,7.17,2.64,0.07,1.93
荣盛发展,2014-07-22,2.73,2.81,2.85,2.66,243295,255843929.0,6.99,3.31,0.09,1.47
荣盛发展,2014-07-23,2.87,2.83,2.96,2.8,255412,272006208.0,5.69,0.71,0.02,1.54
荣盛发展,2014-07-24,2.88,3.15,3.2,2.84,514533,568832192.0,12.72,11.31,0.32,3.11
荣盛发展,2014-07-25,3.15,3.21,3.25,3.01,311599,347762240.0,7.62,1.9,0.06,1.88
荣盛发展,2014-07-28,3.25,3.23,3.29,3.05,359084,405243024.0,7.48,0.62,0.02,2.17
荣盛发展,2014-07-29,3.2,3.25,3.38,3.16,302385,346380128.0,6.81,0.62,0.02,1.83
荣盛发展,2014-07-30,3.2,3.01,3.29,2.96,384092,422665584.0,10.15,-7.38,-0.24,2.32
荣盛发展,2014-07-31,3.0,3.08,3.09,2.9,235301,255897842.0,6.31,2.33,0.07,1.42
荣盛发展,2014-08-01,3.02,2.93,3.09,2.92,179428,195699565.0,5.52,-4.87,-0.15,1.08
荣盛发展,2014-08-04,2.94,3.05,3.08,2.94,172384,188544696.0,4.78,4.1,0.12,1.04
荣盛发展,2014-08-05,3.04,2.98,3.04,2.95,164980,179093308.0,2.95,-2.3,-0.07,0.99
荣盛发展,2014-08-06,2.96,2.9,2.97,2.83,230633,245703346.0,4.7,-2.68,-0.08,1.38
荣盛发展,2014-08-07,2.91,2.9,2.96,2.85,192166,205824450.0,3.79,0.0,0.0,1.15
荣盛发展,2014-08-08,2.89,2.88,2.93,2.83,177379,189095762.0,3.45,-0.69,-0.02,1.06
荣盛发展,2014-08-11,2.89,3.0,3.01,2.89,192726,208685072.0,4.17,4.17,0.12,1.16
荣盛发展,2014-08-12,3.0,3.05,3.05,2.97,166269,181583244.0,2.67,1.67,0.05,1.0
荣盛发展,2014-08-13,3.15,3.0,3.15,2.97,152012,166459964.0,5.9,-1.64,-0.05,0.91
荣盛发展,2014-08-14,2.98,2.89,2.99,2.89,155562,166962661.0,3.33,-3.67,-0.11,0.93
荣盛发展,2014-08-15,2.89,2.98,3.01,2.89,119778,129525071.0,4.15,3.11,0.09,0.72
荣盛发展,2014-08-18,2.96,2.93,3.01,2.89,150482,161933967.0,4.03,-1.68,-0.05,0.9
荣盛发展,2014-08-19,2.94,2.89,2.95,2.86,184135,196752870.0,3.07,-1.37,-0.04,1.1
荣盛发展,2014-08-20,2.92,2.9,2.94,2.87,155675,166714884.0,2.42,0.35,0.01,0.93
荣盛发展,2014-08-21,2.93,2.76,2.93,2.68,325885,340310672.0,8.62,-4.83,-0.14,1.96
荣盛发展,2014-08-22,2.76,2.8,2.84,2.74,147879,154865616.0,3.62,1.45,0.04,0.89
荣盛发展,2014-08-25,2.8,2.71,2.8,2.7,152088,157443323.0,3.57,-3.21,-0.09,0.91
荣盛发展,2014-08-26,2.7,2.59,2.72,2.56,225687,229598502.0,5.9,-4.43,-0.12,1.35
荣盛发展,2014-08-27,2.59,2.62,2.68,2.58,112198,113915186.0,3.86,1.16,0.03,0.67
荣盛发展,2014-08-28,2.61,2.64,2.68,2.59,102954,104523426.0,3.44,0.76,0.02,0.62
荣盛发展,2014-08-29,2.66,2.67,2.68,2.63,81889,83625107.0,1.89,1.14,0.03,0.49
荣盛发展,2014-09-01,2.67,2.73,2.76,2.63,112987,116293872.0,4.87,2.25,0.06,0.68
荣盛发展,2014-09-02,2.74,2.85,2.88,2.74,275115,290706192.0,5.13,4.4,0.12,1.65
荣盛发展,2014-09-03,2.83,2.9,2.91,2.8,249337,265397271.0,3.86,1.75,0.05,1.5
荣盛发展,2014-09-04,2.95,2.99,3.08,2.93,360817,393102448.0,5.17,3.1,0.09,2.17
荣盛发展,2014-09-05,3.07,2.94,3.07,2.89,260565,281162032.0,6.02,-1.67,-0.05,1.56
荣盛发展,2014-09-09,2.96,2.84,2.96,2.81,227444,241293098.0,5.1,-3.4,-0.1,1.36
荣盛发展,2014-09-10,2.83,2.8,2.83,2.73,198525,207334652.0,3.52,-1.41,-0.04,1.19
荣盛发展,2014-09-11,2.79,2.96,3.15,2.77,477463,514748080.0,13.57,5.71,0.16,2.87
荣盛发展,2014-09-12,2.89,2.89,2.94,2.8,332581,353557984.0,4.73,-2.36,-0.07,2.0
荣盛发展,2014-09-15,2.92,2.86,2.92,2.8,213477,226599115.0,4.15,-1.04,-0.03,1.28
荣盛发展,2014-09-16,2.85,2.75,2.95,2.74,300063,319148304.0,7.34,-3.85,-0.11,1.8
荣盛发展,2014-09-17,2.84,2.97,2.98,2.78,463444,496102032.0,7.27,8.0,0.22,2.78
荣盛发展,2014-09-18,2.93,2.89,3.01,2.87,310379,333387616.0,4.71,-2.69,-0.08,1.86
荣盛发展,2014-09-19,2.9,2.94,2.97,2.88,255717,275165120.0,3.11,1.73,0.05,1.53
荣盛发展,2014-09-22,2.93,2.86,2.93,2.82,204766,217175391.0,3.74,-2.72,-0.08,1.23
荣盛发展,2014-09-23,2.9,2.97,2.99,2.9,306535,331154352.0,3.15,3.85,0.11,1.84
荣盛发展,2014-09-24,2.95,2.99,3.01,2.91,302055,326708752.0,3.37,0.67,0.02,1.81
荣盛发展,2014-09-25,3.0,2.91,3.02,2.88,310111,334612304.0,4.68,-2.68,-0.08,1.86
荣盛发展,2014-09-26,2.89,2.9,2.91,2.83,163864,174216397.0,2.75,-0.34,-0.01,0.98
荣盛发展,2014-09-29,2.91,2.88,2.92,2.84,248614,264373887.0,2.76,-0.69,-0.02,1.49
荣盛发展,2014-09-30,2.89,2.87,2.89,2.85,213112,226666103.0,1.39,-0.35,-0.01,1.28
荣盛发展,2014-10-08,3.02,2.97,3.04,2.93,436728,474113552.0,3.83,3.48,0.1,2.62
荣盛发展,2014-10-09,2.97,2.94,3.0,2.9,313870,338000032.0,3.37,-1.01,-0.03,1.88
荣盛发展,2014-10-10,2.91,3.05,3.08,2.9,576434,629983600.0,6.12,3.74,0.11,3.46
荣盛发展,2014-10-13,3.03,3.11,3.15,3.01,419197,463661936.0,4.59,1.97,0.06,2.52
荣盛发展,2014-10-14,3.15,3.02,3.17,3.0,316273,348356288.0,5.47,-2.89,-0.09,1.9
荣盛发展,2014-10-15,3.01,3.0,3.03,2.92,225023,243750322.0,3.64,-0.66,-0.02,1.35
荣盛发展,2014-10-16,2.95,2.93,3.04,2.92,233276,252377706.0,4.0,-2.33,-0.07,1.4
荣盛发展,2014-10-17,2.92,2.91,2.97,2.78,194323,207264987.0,6.48,-0.68,-0.02,1.17
荣盛发展,2014-10-20,2.91,2.93,2.96,2.87,146148,156878196.0,3.09,0.69,0.02,0.88
荣盛发展,2014-10-21,2.95,2.84,2.99,2.84,147609,157760223.0,5.12,-3.07,-0.09,0.89
荣盛发展,2014-10-22,2.84,2.88,2.94,2.8,196569,209203706.0,4.93,1.41,0.04,1.18
荣盛发展,2014-10-23,2.85,2.71,2.88,2.7,181631,189565930.0,6.25,-5.9,-0.17,1.09
荣盛发展,2014-10-24,2.71,2.71,2.78,2.65,120020,124043136.0,4.8,0.0,0.0,0.72
荣盛发展,2014-10-27,2.7,2.63,2.7,2.6,130414,132400361.0,3.69,-2.95,-0.08,0.78
荣盛发展,2014-10-28,2.65,2.73,2.74,2.64,120130,123774187.0,3.8,3.8,0.1,0.72
荣盛发展,2014-10-29,2.74,2.87,2.99,2.71,332881,352280944.0,10.26,5.13,0.14,2.0
荣盛发展,2014-10-30,2.85,2.82,2.86,2.78,187999,198061078.0,2.79,-1.74,-0.05,1.13
荣盛发展,2014-10-31,2.82,2.94,2.97,2.82,294196,315370592.0,5.32,4.26,0.12,1.77
荣盛发展,2014-11-03,2.99,2.95,3.02,2.92,292880,317644400.0,3.4,0.34,0.01,1.76
荣盛发展,2014-11-04,2.95,3.02,3.07,2.89,379886,413305984.0,6.1,2.37,0.07,2.28
荣盛发展,2014-11-05,3.0,2.92,3.01,2.9,203949,219851265.0,3.64,-3.31,-0.1,1.22
荣盛发展,2014-11-06,2.91,2.95,3.04,2.91,215981,234029844.0,4.45,1.03,0.03,1.3
荣盛发展,2014-11-07,2.96,2.91,3.05,2.88,335656,362999632.0,5.76,-1.36,-0.04,2.01
荣盛发展,2014-11-10,2.92,2.99,3.01,2.86,272648,293942464.0,5.15,2.75,0.08,1.64
荣盛发展,2014-11-11,3.01,2.95,3.11,2.92,492295,536840496.0,6.35,-1.34,-0.04,2.95
荣盛发展,2014-11-12,2.93,2.97,2.97,2.83,290241,310692272.0,4.75,0.68,0.02,1.74
荣盛发展,2014-11-13,2.97,3.04,3.07,2.85,448411,487577616.0,7.41,2.36,0.07,2.69
荣盛发展,2014-11-14,2.98,3.09,3.11,2.93,409061,449299504.0,5.92,1.64,0.05,2.45
荣盛发展,2014-11-17,3.09,3.28,3.38,3.09,870612,992827680.0,9.39,6.15,0.19,5.22
荣盛发展,2014-11-18,3.24,3.17,3.27,3.13,399322,450075296.0,4.27,-3.35,-0.11,2.4
荣盛发展,2014-11-19,3.17,3.18,3.34,3.15,411894,468361488.0,5.99,0.32,0.01,2.47
荣盛发展,2014-11-20,3.14,3.01,3.14,3.0,293888,323578464.0,4.4,-5.35,-0.17,1.76
荣盛发展,2014-11-21,2.99,3.06,3.08,2.98,247548,270811392.0,3.32,1.66,0.05,1.49
荣盛发展,2014-11-24,3.34,3.45,3.59,3.26,1333409,1561076848.0,10.78,12.75,0.39,8.0
荣盛发展,2014-11-25,3.43,3.42,3.43,3.34,533581,622338720.0,2.61,-0.87,-0.03,3.2
荣盛发展,2014-11-26,3.41,3.39,3.46,3.31,476799,556088224.0,4.39,-0.88,-0.03,2.86
荣盛发展,2014-11-27,3.42,3.48,3.53,3.38,554254,655680624.0,4.42,2.65,0.09,3.33
荣盛发展,2014-11-28,3.49,3.84,3.89,3.36,921782,1118275600.0,15.23,10.34,0.36,5.53
荣盛发展,2014-12-01,3.85,3.87,4.15,3.85,914991,1181315952.0,7.81,0.78,0.03,5.49
荣盛发展,2014-12-02,3.88,4.09,4.15,3.79,548429,710825216.0,9.3,5.68,0.22,3.29
荣盛发展,2014-12-03,4.15,4.23,4.66,4.15,815798,1119267456.0,12.47,3.42,0.14,4.9
荣盛发展,2014-12-04,4.23,4.49,4.55,4.18,504713,685830480.0,8.75,6.15,0.26,3.03
荣盛发展,2014-12-05,4.5,4.1,4.5,3.85,593586,786390304.0,14.48,-8.69,-0.39,3.56
荣盛发展,2014-12-08,4.0,4.74,4.76,3.88,820169,1120164112.0,21.46,15.61,0.64,4.92
荣盛发展,2014-12-09,4.55,4.22,5.33,4.21,775011,1127229024.0,23.63,-10.97,-0.52,4.65
荣盛发展,2014-12-10,4.75,4.88,4.88,4.3,737348,1048845168.0,13.74,15.64,0.66,4.42
荣盛发展,2014-12-11,4.75,5.33,5.48,4.69,636735,971407504.0,16.19,9.22,0.45,3.82
荣盛发展,2014-12-12,5.4,5.08,5.4,4.99,401996,605981648.0,7.69,-4.69,-0.25,2.41
荣盛发展,2014-12-15,5.03,4.81,5.05,4.63,442653,637778928.0,8.27,-5.31,-0.27,2.66
荣盛发展,2014-12-16,4.85,5.0,5.03,4.71,409352,600190400.0,6.65,3.95,0.19,2.46
荣盛发展,2014-12-17,4.94,5.01,5.15,4.7,482229,710361360.0,9.0,0.2,0.01,2.89
荣盛发展,2014-12-18,5.05,4.82,5.16,4.75,342425,504345232.0,8.18,-3.79,-0.19,2.05
荣盛发展,2014-12-19,4.84,4.62,4.85,4.4,358034,503237984.0,9.34,-4.15,-0.2,2.15
荣盛发展,2014-12-22,4.56,4.19,4.82,4.07,463666,641687568.0,16.23,-9.31,-0.43,2.78
荣盛发展,2014-12-23,4.08,4.22,4.5,4.08,315460,427468880.0,10.02,0.72,0.03,1.89
荣盛发展,2014-12-24,4.25,4.14,4.33,4.0,275238,363332128.0,7.82,-1.9,-0.08,1.65
荣盛发展,2014-12-25,4.16,4.44,4.47,4.16,346749,469837184.0,7.49,7.25,0.3,2.08
荣盛发展,2014-12-26,4.47,4.61,4.65,4.4,360898,503001248.0,5.63,3.83,0.17,2.17
荣盛发展,2014-12-29,4.85,4.85,5.18,4.68,669726,990561040.0,10.85,5.21,0.24,4.02
荣盛发展,2014-12-30,4.8,4.77,5.09,4.74,468705,690911312.0,7.22,-1.65,-0.08,2.81
荣盛发展,2014-12-31,4.77,5.49,5.49,4.7,737039,1114665456.0,16.56,15.09,0.72,4.4
荣盛发展,2015-01-05,5.67,5.93,6.28,5.67,932812,1567993040.0,11.11,8.01,0.44,5.57
荣盛发展,2015-01-06,5.75,5.64,5.83,5.42,490910,792795472.0,6.91,-4.89,-0.29,2.93
荣盛发展,2015-01-07,5.55,5.74,5.9,5.49,316411,516129440.0,7.27,1.77,0.1,1.89
荣盛发展,2015-01-08,5.7,5.65,5.96,5.31,375596,609467456.0,11.32,-1.57,-0.09,2.24
荣盛发展,2015-01-09,5.61,5.7,6.13,5.61,576561,962403344.0,9.2,0.88,0.05,3.44
荣盛发展,2015-02-09,4.95,4.9,5.3,4.89,488304,724838960.0,7.19,-14.04,-0.8,2.91
荣盛发展,2015-02-10,4.81,5.02,5.21,4.79,241785,361354416.0,8.57,2.45,0.12,1.44
荣盛发展,2015-02-11,5.18,5.05,5.32,4.93,342930,517613248.0,7.77,0.6,0.03,2.05
荣盛发展,2015-02-12,5.08,4.82,5.1,4.69,326895,476035120.0,8.12,-4.55,-0.23,1.95
荣盛发展,2015-02-13,4.86,5.25,5.45,4.85,434437,658198752.0,12.45,8.92,0.43,2.59
荣盛发展,2015-02-16,5.29,5.22,5.34,5.1,264790,403483808.0,4.57,-0.57,-0.03,1.58
荣盛发展,2015-02-17,5.18,5.46,5.52,5.18,339410,533744224.0,6.51,4.6,0.24,2.03
荣盛发展,2015-02-25,5.49,5.33,5.5,5.3,228763,358461776.0,3.66,-2.38,-0.13,1.37
荣盛发展,2015-02-26,5.43,5.66,5.73,5.37,350901,563071808.0,6.75,6.19,0.33,2.09
荣盛发展,2015-02-27,5.64,5.58,5.64,5.5,249840,400292560.0,2.47,-1.41,-0.08,1.49
荣盛发展,2015-03-02,5.83,5.55,5.83,5.51,407590,657135632.0,5.73,-0.54,-0.03,2.43
荣盛发展,2015-03-03,5.51,5.3,5.51,5.29,330640,517703712.0,3.96,-4.5,-0.25,1.97
荣盛发展,2015-03-04,5.29,5.3,5.35,5.16,241245,372314080.0,3.58,0.0,0.0,1.44
荣盛发展,2015-03-05,5.24,5.04,5.27,4.98,264950,400177952.0,5.47,-4.91,-0.26,1.58
荣盛发展,2015-03-06,5.05,5.07,5.18,5.02,173731,262365819.0,3.17,0.6,0.03,1.04
荣盛发展,2015-03-09,5.07,5.19,5.21,4.88,228546,342316064.0,6.51,2.37,0.12,1.36
荣盛发展,2015-03-10,5.14,5.14,5.22,5.08,155541,236281446.0,2.7,-0.96,-0.05,0.93
荣盛发展,2015-03-11,5.17,5.36,5.43,5.17,282119,439469984.0,5.06,4.28,0.22,1.68
荣盛发展,2015-03-12,5.42,5.44,5.47,5.26,260208,406699360.0,3.92,1.49,0.08,1.55
荣盛发展,2015-03-13,5.43,5.35,5.46,5.27,231399,361061120.0,3.49,-1.65,-0.09,1.38
荣盛发展,2015-03-16,5.38,5.49,5.5,5.34,340217,535613904.0,2.99,2.62,0.14,2.03
荣盛发展,2015-03-17,5.52,5.61,5.68,5.48,354103,568115872.0,3.64,2.19,0.12,2.11
荣盛发展,2015-03-18,5.65,5.77,5.83,5.6,378749,620444736.0,4.1,2.85,0.16,2.26
荣盛发展,2015-03-19,5.75,5.69,5.75,5.6,381391,617571328.0,2.6,-1.39,-0.08,2.28
荣盛发展,2015-03-20,6.13,6.5,6.5,5.99,917061,1596394912.0,8.96,14.24,0.81,5.47
荣盛发展,2015-03-23,6.82,6.99,7.14,6.64,821149,1539988784.0,7.69,7.54,0.49,4.9
荣盛发展,2015-03-24,7.17,6.89,7.17,6.56,626124,1162344592.0,8.73,-1.43,-0.1,3.74
荣盛发展,2015-03-25,6.88,6.79,6.89,6.62,510089,940009952.0,3.92,-1.45,-0.1,3.04
荣盛发展,2015-03-26,6.7,6.75,7.0,6.65,454804,844367792.0,5.15,-0.59,-0.04,2.71
荣盛发展,2015-03-27,6.94,7.51,7.65,6.78,692662,1326364048.0,12.89,11.26,0.76,4.13
荣盛发展,2015-03-30,7.66,8.31,8.49,7.47,867771,1807840288.0,13.58,10.65,0.8,5.18
荣盛发展,2015-03-31,8.69,8.18,8.79,8.1,838055,1825608320.0,8.3,-1.56,-0.13,5.0
荣盛发展,2015-04-01,8.18,9.01,9.2,7.96,748471,1617214288.0,15.16,10.15,0.83,4.47
荣盛发展,2015-04-02,9.0,9.17,9.61,8.88,740565,1726913040.0,8.1,1.78,0.16,4.42
荣盛发展,2015-04-03,8.96,9.3,9.45,8.87,521130,1217588640.0,6.32,1.42,0.13,3.11
荣盛发展,2015-04-07,9.45,9.35,9.45,9.14,547592,1285905584.0,3.33,0.54,0.05,3.27
荣盛发展,2015-04-08,9.26,8.91,9.35,8.71,696204,1592317696.0,6.84,-4.71,-0.44,4.16
荣盛发展,2015-04-09,8.95,9.09,9.15,8.2,649859,1453499024.0,10.66,2.02,0.18,3.88
荣盛发展,2015-04-10,9.0,9.13,9.33,8.84,480971,1110446160.0,5.39,0.44,0.04,2.87
荣盛发展,2015-04-13,9.22,9.25,9.45,8.96,526792,1228161376.0,5.37,1.31,0.12,3.14
荣盛发展,2015-04-14,9.26,8.95,9.27,8.83,388690,894068160.0,4.76,-3.24,-0.3,2.32
荣盛发展,2015-04-15,8.94,8.26,8.94,8.25,381161,838733728.0,7.71,-7.71,-0.69,2.28
荣盛发展,2015-04-16,8.0,8.4,8.49,7.86,367308,785233424.0,7.63,1.69,0.14,2.19
荣盛发展,2015-04-17,8.46,8.43,8.64,8.34,369396,807993040.0,3.57,0.36,0.03,2.21
荣盛发展,2015-04-20,8.4,8.15,8.79,8.1,465696,1019961456.0,8.19,-3.32,-0.28,2.78
荣盛发展,2015-04-21,8.13,8.53,8.53,8.05,322583,699779744.0,5.89,4.66,0.38,1.93
荣盛发展,2015-04-22,8.56,8.85,8.89,8.55,433451,970152240.0,3.99,3.75,0.32,2.59
荣盛发展,2015-04-23,9.02,9.1,9.25,8.67,610924,1399359040.0,6.55,2.82,0.25,3.65
荣盛发展,2015-04-24,8.86,8.73,9.03,8.64,356511,803174560.0,4.29,-4.07,-0.37,2.13
荣盛发展,2015-04-27,8.45,8.5,8.65,8.34,502766,1099595008.0,3.55,-2.63,-0.23,3.0
荣盛发展,2015-04-28,8.49,8.54,8.89,8.35,418522,926175824.0,6.35,0.47,0.04,2.5
荣盛发展,2015-04-29,8.48,8.7,8.78,8.2,327697,719403168.0,6.79,1.87,0.16,1.96
荣盛发展,2015-04-30,8.6,9.34,9.58,8.6,848824,1966439936.0,11.26,7.36,0.64,5.07
荣盛发展,2015-05-04,9.88,9.11,9.9,9.05,878290,2104299728.0,9.1,-2.46,-0.23,5.24
荣盛发展,2015-05-05,8.92,8.18,9.0,8.04,546349,1199172768.0,10.54,-10.21,-0.93,3.26
荣盛发展,2015-05-06,8.18,7.6,8.28,7.47,414181,861988704.0,9.9,-7.09,-0.58,2.47
荣盛发展,2015-05-07,7.6,7.64,7.82,7.5,237752,482063984.0,4.21,0.53,0.04,1.42
荣盛发展,2015-05-08,7.8,7.65,7.93,7.33,398711,802908224.0,7.85,0.13,0.01,2.38
荣盛发展,2015-05-11,7.91,7.95,8.09,7.65,452047,934258368.0,5.75,3.92,0.3,2.7
荣盛发展,2015-05-12,7.96,7.85,7.98,7.74,357118,732905232.0,3.02,-1.26,-0.1,2.13
荣盛发展,2015-05-13,7.79,7.95,7.97,7.6,415590,848418656.0,4.71,1.27,0.1,2.48
荣盛发展,2015-05-14,7.88,7.77,8.01,7.77,268072,552714384.0,3.02,-2.26,-0.18,1.6
荣盛发展,2015-05-15,7.75,7.7,7.95,7.62,245920,502938736.0,4.25,-0.9,-0.07,1.47
荣盛发展,2015-05-18,7.6,7.53,7.72,7.52,244995,492113808.0,2.6,-2.21,-0.17,1.46
荣盛发展,2015-05-19,7.53,7.82,7.85,7.53,270334,551298160.0,4.25,3.85,0.29,1.61
荣盛发展,2015-05-20,7.9,7.92,8.14,7.75,433985,901777456.0,4.99,1.28,0.1,2.59
荣盛发展,2015-05-21,7.9,8.11,8.13,7.85,370011,773349888.0,3.54,2.4,0.19,2.21
荣盛发展,2015-05-22,8.19,8.55,8.71,8.19,510903,1112896592.0,6.41,5.43,0.44,3.05
荣盛发展,2015-05-25,8.54,8.74,8.86,8.37,479765,1067986528.0,5.73,2.22,0.19,2.86
荣盛发展,2015-05-26,8.8,8.96,9.02,8.56,579631,1305137360.0,5.26,2.52,0.22,3.46
荣盛发展,2015-05-27,8.91,8.68,8.95,8.56,464379,1036861376.0,4.35,-3.13,-0.28,2.77
荣盛发展,2015-05-28,8.69,7.73,8.95,7.73,565387,1243740144.0,14.06,-10.94,-0.95,3.37
荣盛发展,2015-05-29,7.79,7.83,8.0,7.27,389043,792446592.0,9.44,1.29,0.1,2.32
荣盛发展,2015-06-01,7.88,8.64,8.66,7.78,409878,872938976.0,11.24,10.34,0.81,2.45
荣盛发展,2015-06-02,8.68,9.17,9.18,8.55,619641,1397942240.0,7.29,6.13,0.53,3.7
荣盛发展,2015-06-03,9.8,9.63,10.05,9.2,766445,1860280992.0,9.27,5.02,0.46,4.57
荣盛发展,2015-06-04,9.75,9.92,9.98,8.8,568508,1372631568.0,12.25,3.01,0.29,3.39
荣盛发展,2015-06-05,10.11,10.2,10.3,9.65,625153,1564707104.0,6.55,2.82,0.28,3.73
荣盛发展,2015-06-08,10.34,11.38,11.47,10.34,1015659,2743852544.0,11.08,11.57,1.18,6.05
荣盛发展,2015-06-09,11.72,10.73,11.85,10.5,837675,2259592496.0,11.86,-5.71,-0.65,4.99
荣盛发展,2015-06-10,10.15,10.98,11.42,10.06,1339842,1759121312.0,12.67,2.33,0.25,3.99
荣盛发展,2015-06-11,10.9,11.18,11.32,10.65,1232068,1651700880.0,6.1,1.82,0.2,3.67
荣盛发展,2015-06-12,11.25,11.15,11.45,10.85,1097128,1480778864.0,5.37,-0.27,-0.03,3.27
荣盛发展,2015-06-15,11.47,12.44,12.5,11.21,2121200,3029419568.0,11.57,11.57,1.29,6.32
荣盛发展,2015-06-16,11.95,11.38,12.48,11.05,1536804,2187911536.0,11.5,-8.52,-1.06,4.58
荣盛发展,2015-06-17,11.38,11.22,11.63,10.45,1100046,1467641952.0,10.37,-1.41,-0.16,3.28
荣盛发展,2015-06-18,11.22,10.78,11.98,10.55,1117692,1526284096.0,12.75,-3.92,-0.44,3.33
荣盛发展,2015-06-19,10.36,9.47,10.64,9.47,792657,971941360.0,10.85,-12.15,-1.31,2.36
荣盛发展,2015-06-23,9.47,9.44,9.65,8.32,721166,826409280.0,14.04,-0.32,-0.03,2.15
荣盛发展,2015-06-24,9.64,9.56,9.87,9.06,829258,986383408.0,8.58,1.27,0.12,2.47
荣盛发展,2015-06-25,9.71,9.92,10.7,9.55,1340668,1670244640.0,12.03,3.77,0.36,4.0
荣盛发展,2015-06-26,9.29,8.69,9.83,8.69,865433,992493600.0,11.49,-12.4,-1.23,2.58
荣盛发展,2015-06-29,9.26,9.02,9.51,7.65,1325861,1498371424.0,21.4,3.8,0.33,3.95
荣盛发展,2015-06-30,8.95,10.15,10.16,8.35,1427604,1668796320.0,20.07,12.53,1.13,4.25
荣盛发展,2015-07-01,10.16,10.15,11.04,9.5,1463169,1870135200.0,15.17,0.0,0.0,4.36
荣盛发展,2015-07-02,9.75,8.9,10.31,8.9,1201961,1403780352.0,13.89,-12.32,-1.25,3.58
荣盛发展,2015-07-03,8.16,7.78,8.95,7.78,861315,898026304.0,13.15,-12.58,-1.12,2.57
荣盛发展,2015-07-06,8.74,7.01,8.75,6.77,1364627,1353221472.0,25.45,-9.9,-0.77,4.07
荣盛发展,2015-07-07,6.45,6.07,6.55,6.07,1128835,954560000.0,6.85,-13.41,-0.94,3.36
荣盛发展,2015-07-13,6.91,6.91,6.91,6.91,76028,70401779.0,0.0,13.84,0.84,0.23
荣盛发展,2015-07-14,7.84,7.84,7.84,7.84,159913,162951265.0,0.0,13.46,0.93,0.48
荣盛发展,2015-07-15,7.95,6.82,7.95,6.82,1146650,1110708880.0,14.41,-13.01,-1.02,3.42
荣盛发展,2015-07-16,6.82,6.91,7.31,6.15,796832,729010048.0,17.01,1.32,0.09,2.37
荣盛发展,2015-07-17,7.03,7.53,7.62,6.93,723620,699493248.0,9.99,8.97,0.62,2.16
荣盛发展,2015-07-20,7.68,7.8,8.04,7.45,770316,778598240.0,7.84,3.59,0.27,2.3
荣盛发展,2015-07-21,7.64,7.77,7.99,7.45,583569,588335152.0,6.92,-0.38,-0.03,1.74
荣盛发展,2015-07-22,7.65,7.53,7.83,7.22,643178,634420144.0,7.85,-3.09,-0.24,1.92
荣盛发展,2015-07-23,7.52,7.73,7.82,7.3,755486,751877760.0,6.91,2.66,0.2,2.25
荣盛发展,2015-07-24,7.76,7.95,8.53,7.66,1218443,1261157728.0,11.25,2.85,0.22,3.63
荣盛发展,2015-07-27,7.66,6.94,8.5,6.92,1342135,1379662688.0,19.87,-12.7,-1.01,4.0
荣盛发展,2015-07-28,6.55,6.98,7.32,6.11,966236,872445264.0,17.44,0.58,0.04,2.88
荣盛发展,2015-07-29,7.16,7.47,7.5,6.88,624611,592708496.0,8.88,7.02,0.49,1.86
荣盛发展,2015-07-30,7.64,7.14,7.93,7.1,660128,658317568.0,11.11,-4.42,-0.33,1.97
荣盛发展,2015-07-31,7.06,7.46,7.51,6.93,594461,571917152.0,8.12,4.48,0.32,1.77
荣盛发展,2015-08-03,7.64,8.44,8.44,7.54,1294682,1334618400.0,12.06,13.14,0.98,3.86
荣盛发展,2015-08-04,8.64,8.86,9.05,8.18,1258340,1393156336.0,10.31,4.98,0.42,3.75
荣盛发展,2015-08-05,8.66,8.42,8.85,8.26,875975,954216480.0,6.66,-4.97,-0.44,2.6
荣盛发展,2015-08-06,8.0,7.95,8.29,7.87,525824,547306944.0,4.99,-5.58,-0.47,1.56
荣盛发展,2015-08-07,8.15,8.18,8.23,8.03,457565,479682032.0,2.52,2.89,0.23,1.36
荣盛发展,2015-08-10,8.16,8.6,8.73,8.15,789888,852876496.0,7.09,5.13,0.42,2.35
荣盛发展,2015-08-11,8.57,8.36,8.59,8.15,753361,809730144.0,5.12,-2.79,-0.24,2.24
荣盛发展,2015-08-12,8.16,7.93,8.25,7.9,528589,550128912.0,4.19,-5.14,-0.43,1.57
荣盛发展,2015-08-13,7.91,8.16,8.19,7.87,365621,381529616.0,4.04,2.9,0.23,1.09
荣盛发展,2015-08-14,8.2,8.34,8.6,8.1,644957,691258640.0,6.13,2.21,0.18,1.92
荣盛发展,2015-08-17,8.25,8.27,8.41,8.07,397455,419394192.0,4.08,-0.84,-0.07,1.18
荣盛发展,2015-08-18,8.29,7.24,8.54,7.23,646978,669920544.0,15.84,-12.45,-1.03,1.92
荣盛发展,2015-08-19,6.95,7.45,7.53,6.5,572764,539016576.0,14.23,2.9,0.21,1.7
荣盛发展,2015-08-20,7.25,7.53,8.28,7.15,642805,655872320.0,15.17,1.07,0.08,1.91
荣盛发展,2015-08-21,7.25,6.72,7.39,6.65,435794,408055872.0,9.83,-10.76,-0.81,1.3
荣盛发展,2015-08-24,6.33,5.81,6.4,5.81,344013,284686016.0,8.78,-13.54,-0.91,1.02
荣盛发展,2015-08-25,4.99,4.99,5.19,4.99,892347,656097136.0,3.44,-14.11,-0.82,2.65
荣盛发展,2015-08-26,5.2,4.99,5.6,4.76,609179,458717568.0,16.83,0.0,0.0,1.81
荣盛发展,2015-08-27,5.2,5.14,5.37,4.57,453088,333278928.0,16.03,3.01,0.15,1.35
荣盛发展,2015-08-28,5.32,5.68,5.71,5.23,603736,469688736.0,9.34,10.51,0.54,1.79
荣盛发展,2015-08-31,5.72,6.06,6.06,5.36,512327,409226224.0,12.32,6.69,0.38,1.52
荣盛发展,2015-09-01,5.85,6.31,6.45,5.51,883983,746252736.0,15.51,4.13,0.25,2.63
荣盛发展,2015-09-02,5.9,6.48,6.63,5.76,866730,751107872.0,13.79,2.69,0.17,2.58
荣盛发展,2015-09-07,6.44,5.98,6.78,5.93,499125,433177792.0,13.12,-7.72,-0.5,1.48
荣盛发展,2015-09-08,5.9,6.14,6.22,5.6,251355,206290724.0,10.37,2.68,0.16,0.75
荣盛发展,2015-09-09,6.14,6.3,6.38,6.04,327897,281668832.0,5.54,2.61,0.16,0.97
荣盛发展,2015-09-10,6.12,6.05,6.37,6.02,196781,168158659.0,5.56,-3.97,-0.25,0.58
荣盛发展,2015-09-11,6.08,6.17,6.25,6.03,144878,122915144.0,3.64,1.98,0.12,0.43
荣盛发展,2015-09-14,6.18,5.37,6.27,5.32,314692,254505248.0,15.4,-12.97,-0.8,0.94
荣盛发展,2015-09-15,5.23,4.99,5.37,4.84,218470,162008132.0,9.87,-7.08,-0.38,0.65
荣盛发展,2015-09-16,5.02,5.54,5.7,4.88,237303,181310894.0,16.43,11.02,0.55,0.71
荣盛发展,2015-09-17,5.5,5.14,5.6,5.14,238060,185022515.0,8.3,-7.22,-0.4,0.71
荣盛发展,2015-09-18,5.25,5.22,5.34,5.16,106904,81198858.0,3.5,1.56,0.08,0.32
荣盛发展,2015-09-21,5.13,5.37,5.43,5.06,128924,98699582.0,7.09,2.87,0.15,0.38
荣盛发展,2015-09-22,5.4,5.48,5.59,5.36,164286,128725029.0,4.28,2.05,0.11,0.49
荣盛发展,2015-09-23,5.36,5.2,5.39,5.14,153274,116873390.0,4.56,-5.11,-0.28,0.46
荣盛发展,2015-09-24,5.33,5.31,5.43,5.23,149999,114829227.0,3.85,2.12,0.11,0.45
荣盛发展,2015-09-25,5.41,5.34,5.54,5.22,233182,180847851.0,6.03,0.56,0.03,0.69
荣盛发展,2015-09-28,5.35,5.29,5.41,5.09,113994,86749787.0,5.99,-0.94,-0.05,0.34
荣盛发展,2015-09-29,5.2,4.99,5.21,4.91,142150,105275880.0,5.67,-5.67,-0.3,0.42
荣盛发展,2015-09-30,5.01,5.14,5.2,4.97,138319,103119266.0,4.61,3.01,0.15,0.41
荣盛发展,2015-10-08,5.44,5.4,5.47,5.35,205482,159799402.0,2.33,5.06,0.26,0.61
荣盛发展,2015-10-09,5.4,5.49,5.56,5.37,196623,154275388.0,3.52,1.67,0.09,0.58
荣盛发展,2015-10-12,5.59,5.85,5.97,5.55,331307,271024096.0,7.65,6.56,0.36,0.98
荣盛发展,2015-10-13,5.8,5.87,5.94,5.71,263273,215438331.0,3.93,0.34,0.02,0.78
荣盛发展,2015-10-14,5.87,5.59,5.9,5.59,252481,203668040.0,5.28,-4.77,-0.28,0.75
荣盛发展,2015-10-15,5.56,5.91,5.94,5.52,266378,216411827.0,7.51,5.72,0.32,0.79
荣盛发展,2015-10-16,5.95,6.18,6.31,5.95,401815,340179616.0,6.09,4.57,0.27,1.19
荣盛发展,2015-10-19,6.24,6.03,6.3,5.94,273721,231568479.0,5.83,-2.43,-0.15,0.81
荣盛发展,2015-10-20,6.16,6.21,6.41,6.1,328579,282285472.0,5.14,2.99,0.18,0.98
荣盛发展,2015-10-21,6.16,5.71,6.37,5.59,353039,297128944.0,12.56,-8.05,-0.5,1.05
荣盛发展,2015-10-22,5.68,5.91,5.92,5.68,200365,163679783.0,4.2,3.5,0.2,0.6
荣盛发展,2015-10-23,5.95,6.43,6.43,5.83,422246,360966880.0,10.15,8.8,0.52,1.25
荣盛发展,2015-10-26,6.72,6.43,6.74,6.33,499640,445099408.0,6.38,0.0,0.0,1.48
荣盛发展,2015-10-27,6.38,6.25,6.4,5.98,262208,223790224.0,6.53,-2.8,-0.18,0.78
荣盛发展,2015-10-28,6.23,5.97,6.36,5.94,207017,176164535.0,6.72,-4.48,-0.28,0.62
荣盛发展,2015-10-29,6.05,6.1,6.2,5.96,161423,135979126.0,4.02,2.18,0.13,0.48
荣盛发展,2015-10-30,6.11,5.99,6.14,5.95,158430,133123805.0,3.11,-1.8,-0.11,0.47
荣盛发展,2015-11-02,5.91,5.95,6.16,5.85,174219,146468134.0,5.18,-0.67,-0.04,0.52
荣盛发展,2015-11-03,5.97,5.86,6.05,5.81,159927,131617222.0,4.03,-1.51,-0.09,0.48
荣盛发展,2015-11-04,5.87,6.21,6.23,5.85,236862,200198244.0,6.48,5.97,0.35,0.7
荣盛发展,2015-11-05,6.18,6.41,6.44,6.15,453836,393816736.0,4.67,3.22,0.2,1.35
荣盛发展,2015-11-06,6.41,6.54,6.64,6.35,410153,363488400.0,4.52,2.03,0.13,1.22
荣盛发展,2015-11-09,6.64,7.01,7.43,6.6,646770,611287424.0,12.69,7.19,0.47,1.92
荣盛发展,2015-11-10,6.93,6.95,7.09,6.85,252109,234072325.0,3.42,-0.86,-0.06,0.75
荣盛发展,2015-11-11,7.03,7.04,7.26,6.92,289786,273654784.0,4.89,1.29,0.09,0.86
荣盛发展,2015-11-12,7.23,7.04,7.29,6.97,225265,212728356.0,4.55,0.0,0.0,0.67
荣盛发展,2015-11-13,6.93,6.65,6.95,6.63,309988,281916880.0,4.55,-5.54,-0.39,0.92
荣盛发展,2015-11-16,6.56,6.67,6.71,6.42,271704,242147527.0,4.36,0.3,0.02,0.81
荣盛发展,2015-11-17,6.76,6.85,7.16,6.76,393880,366498752.0,6.0,2.7,0.18,1.17
荣盛发展,2015-11-18,6.9,7.3,7.77,6.86,972975,953590176.0,13.28,6.57,0.45,2.89
荣盛发展,2015-11-19,7.35,7.66,7.67,7.07,484784,472292880.0,8.22,4.93,0.36,1.44
荣盛发展,2015-11-20,7.83,8.15,8.35,7.81,719794,753073296.0,7.05,6.4,0.49,2.14
荣盛发展,2015-11-23,8.9,8.18,8.9,8.15,599111,651243536.0,9.2,0.37,0.03,1.78
荣盛发展,2015-11-24,8.08,8.4,8.43,7.9,264147,275987568.0,6.48,2.69,0.22,0.79
荣盛发展,2015-11-25,8.29,8.28,8.51,8.15,243335,259723211.0,4.29,-1.43,-0.12,0.72
荣盛发展,2015-11-26,8.33,7.95,8.52,7.86,303083,319378640.0,7.97,-3.99,-0.33,0.9
荣盛发展,2015-11-27,7.93,7.15,7.93,6.98,417615,412633264.0,11.95,-10.06,-0.8,1.24
荣盛发展,2015-11-30,7.16,7.53,7.53,6.95,258482,248717318.0,8.11,5.31,0.38,0.77
荣盛发展,2015-12-01,7.4,8.5,8.52,7.4,603095,636408464.0,14.87,12.88,0.97,1.79
荣盛发展,2015-12-02,8.44,8.99,9.27,8.1,1106252,1238192768.0,13.76,5.76,0.49,3.29
荣盛发展,2015-12-03,8.95,8.87,9.24,8.67,609262,692356944.0,6.34,-1.33,-0.12,1.81
荣盛发展,2015-12-04,8.75,8.4,8.75,8.33,396385,431102192.0,4.74,-5.3,-0.47,1.18
荣盛发展,2015-12-07,8.4,8.16,8.49,7.9,360999,377360672.0,7.02,-2.86,-0.24,1.07
荣盛发展,2015-12-08,8.2,8.26,8.41,7.88,375469,395384624.0,6.5,1.23,0.1,1.12
荣盛发展,2015-12-09,8.21,8.96,9.09,8.03,665973,731900880.0,12.83,8.47,0.7,1.98
荣盛发展,2015-12-10,8.84,8.35,8.96,8.31,352956,387836704.0,7.25,-6.81,-0.61,1.05
荣盛发展,2015-12-11,8.18,8.26,8.34,8.05,175775,185155626.0,3.47,-1.08,-0.09,0.52
荣盛发展,2015-12-14,8.22,8.26,8.41,7.9,211240,220984615.0,6.17,0.0,0.0,0.63
荣盛发展,2015-12-15,8.54,8.33,9.02,8.23,366617,403259344.0,9.56,0.85,0.07,1.09
荣盛发展,2015-12-16,8.27,8.13,8.35,7.97,307059,322077696.0,4.56,-2.4,-0.2,0.91
荣盛发展,2015-12-17,8.11,8.45,8.9,8.11,1003438,1087040048.0,9.72,3.94,0.32,2.98
荣盛发展,2015-12-18,8.43,8.24,8.6,8.09,597661,638462000.0,6.04,-2.49,-0.21,1.78
荣盛发展,2015-12-21,8.17,8.09,8.43,8.03,1001877,1051202144.0,4.85,-1.82,-0.15,2.98
荣盛发展,2015-12-22,8.19,8.05,8.2,7.96,467705,486948224.0,2.97,-0.49,-0.04,1.39
荣盛发展,2015-12-23,8.1,8.04,8.26,8.0,500731,525151680.0,3.23,-0.12,-0.01,1.49
荣盛发展,2015-12-24,8.04,7.7,8.08,7.46,433149,434169136.0,7.71,-4.23,-0.34,1.29
荣盛发展,2015-12-25,7.68,7.66,7.76,7.55,230299,229824266.0,2.73,-0.52,-0.04,0.68
荣盛发展,2015-12-28,7.71,7.3,7.81,7.25,325632,322170128.0,7.31,-4.7,-0.36,0.97
荣盛发展,2015-12-29,7.31,7.4,7.47,7.25,265071,257094921.0,3.01,1.37,0.1,0.79
荣盛发展,2015-12-30,7.44,7.43,7.62,7.31,294070,289015008.0,4.19,0.41,0.03,0.87
荣盛发展,2015-12-31,7.43,7.18,7.49,7.16,283978,273642304.0,4.44,-3.36,-0.25,0.84
荣盛发展,2016-01-04,7.18,6.23,7.18,6.23,288645,259303419.0,13.23,-13.23,-0.95,0.86
荣盛发展,2016-01-05,5.84,5.84,6.21,5.45,460938,377855568.0,12.2,-6.26,-0.39,1.37
荣盛发展,2016-01-06,5.93,6.08,6.09,5.78,319684,265071558.0,5.31,4.11,0.24,0.95
荣盛发展,2016-01-07,5.93,5.25,5.94,5.24,65336,51776747.0,11.51,-13.65,-0.83,0.19
荣盛发展,2016-01-08,5.45,5.46,5.6,5.0,298164,231872411.0,11.43,4.0,0.21,0.89
荣盛发展,2016-01-11,5.35,5.14,5.61,4.96,291518,223426202.0,11.9,-5.86,-0.32,0.87
荣盛发展,2016-01-12,5.16,5.33,5.44,5.13,237353,181645163.0,6.03,3.7,0.19,0.71
荣盛发展,2016-01-13,5.39,5.32,5.6,5.27,254422,197987378.0,6.19,-0.19,-0.01,0.76
荣盛发展,2016-01-14,5.14,5.49,5.52,4.93,299062,229154857.0,11.09,3.2,0.17,0.89
荣盛发展,2016-01-15,5.43,5.15,5.53,5.05,231350,176834161.0,8.74,-6.19,-0.34,0.69
荣盛发展,2016-01-18,4.98,5.15,5.27,4.95,141466,106268628.0,6.21,0.0,0.0,0.42
荣盛发展,2016-01-19,5.17,5.45,5.57,5.01,341709,262097064.0,10.87,5.83,0.3,1.02
荣盛发展,2016-01-20,5.36,5.27,5.45,5.2,216180,165824772.0,4.59,-3.3,-0.18,0.64
荣盛发展,2016-01-21,5.15,5.1,5.28,4.95,179048,133322348.0,6.26,-3.23,-0.17,0.53
荣盛发展,2016-01-22,5.1,5.01,5.15,4.83,176762,129416481.0,6.27,-1.76,-0.09,0.53
荣盛发展,2016-01-25,5.03,5.07,5.22,4.99,147773,109863937.0,4.59,1.2,0.06,0.44
荣盛发展,2016-01-26,4.97,4.6,5.11,4.33,274656,194230476.0,15.38,-9.27,-0.47,0.82
荣盛发展,2016-01-27,4.55,4.45,4.63,4.16,223492,149989230.0,10.22,-3.26,-0.15,0.66
荣盛发展,2016-01-28,4.4,4.09,4.6,4.09,195466,131132879.0,11.46,-8.09,-0.36,0.58
荣盛发展,2016-01-29,4.11,4.4,4.51,3.99,222525,147669094.0,12.71,7.58,0.31,0.66
荣盛发展,2016-02-01,4.35,4.55,4.55,4.31,179661,122044448.0,5.45,3.41,0.15,0.53
荣盛发展,2016-02-02,4.54,4.77,4.82,4.49,189447,133359070.0,7.25,4.84,0.22,0.56
荣盛发展,2016-02-03,4.81,4.89,5.04,4.8,241664,175596069.0,5.03,2.52,0.12,0.72
荣盛发展,2016-02-04,4.86,4.85,5.0,4.78,228270,164832252.0,4.5,-0.82,-0.04,0.68
荣盛发展,2016-02-05,4.86,4.78,4.89,4.65,152132,107973101.0,4.95,-1.44,-0.07,0.45
荣盛发展,2016-02-15,4.58,4.53,4.6,4.34,127676,87519889.0,5.44,-5.23,-0.25,0.38
荣盛发展,2016-02-16,4.6,4.78,4.8,4.55,160178,113022252.0,5.52,5.52,0.25,0.48
荣盛发展,2016-02-17,4.73,4.8,4.82,4.69,163744,116418372.0,2.72,0.42,0.02,0.49
荣盛发展,2016-02-18,4.86,4.92,5.07,4.82,241513,176492769.0,5.21,2.5,0.12,0.72
荣盛发展,2016-02-19,4.87,4.78,4.96,4.76,203298,146091573.0,4.07,-2.85,-0.14,0.6
荣盛发展,2016-02-22,4.99,5.15,5.21,4.99,323176,241253640.0,4.6,7.74,0.37,0.96
荣盛发展,2016-02-23,5.15,4.92,5.18,4.87,226191,166326072.0,6.02,-4.47,-0.23,0.67
荣盛发展,2016-02-24,4.92,5.05,5.08,4.87,152355,111709776.0,4.27,2.64,0.13,0.45
荣盛发展,2016-02-25,5.04,4.31,5.04,4.31,271222,189935288.0,14.46,-14.65,-0.74,0.81
荣盛发展,2016-02-26,4.43,4.53,4.56,4.34,231318,157439243.0,5.1,5.1,0.22,0.69
荣盛发展,2016-02-29,4.57,4.67,4.92,4.35,362455,255755609.0,12.58,3.09,0.14,1.08
荣盛发展,2016-03-01,4.7,5.05,5.27,4.7,460441,340594896.0,12.21,8.14,0.38,1.37
荣盛发展,2016-03-02,4.96,5.79,5.79,4.93,719888,568966208.0,17.03,14.65,0.74,2.14
荣盛发展,2016-03-03,6.15,5.9,6.6,5.85,1197948,1027851520.0,12.95,1.9,0.11,3.56
荣盛发展,2016-03-04,5.87,5.71,6.13,5.55,677713,556720880.0,9.83,-3.22,-0.19,2.02
荣盛发展,2016-03-07,5.87,5.67,5.93,5.45,436033,350200496.0,8.41,-0.7,-0.04,1.3
荣盛发展,2016-03-08,5.68,5.43,5.68,5.02,400316,304417680.0,11.64,-4.23,-0.24,1.19
荣盛发展,2016-03-09,5.28,5.2,5.29,5.08,190957,143950232.0,3.87,-4.24,-0.23,0.57
荣盛发展,2016-03-10,5.17,4.9,5.34,4.9,254337,190267746.0,8.46,-5.77,-0.3,0.76
荣盛发展,2016-03-11,4.85,4.88,5.02,4.67,178820,128263842.0,7.14,-0.41,-0.02,0.53
荣盛发展,2016-03-14,4.92,5.15,5.27,4.92,231814,173939784.0,7.17,5.53,0.27,0.69
荣盛发展,2016-03-15,5.14,4.95,5.15,4.84,202383,147953346.0,6.02,-3.88,-0.2,0.6
荣盛发展,2016-03-16,5.02,4.81,5.02,4.76,167476,120676082.0,5.25,-2.83,-0.14,0.5
荣盛发展,2016-03-17,4.85,5.04,5.07,4.75,276934,201770387.0,6.65,4.78,0.23,0.82
荣盛发展,2016-03-18,5.03,5.27,5.31,5.02,280347,212734024.0,5.75,4.56,0.23,0.83
荣盛发展,2016-03-21,5.31,5.39,5.44,5.27,294329,226636592.0,3.23,2.28,0.12,0.88
荣盛发展,2016-03-22,5.32,5.2,5.32,5.17,317492,240437436.0,2.78,-3.53,-0.19,0.94
荣盛发展,2016-03-23,5.19,5.25,5.29,5.11,224624,169766376.0,3.46,0.96,0.05,0.67
荣盛发展,2016-03-24,5.19,5.41,5.65,5.08,496558,386343856.0,10.86,3.05,0.16,1.48
荣盛发展,2016-03-25,5.35,5.31,5.46,5.21,284814,218195481.0,4.62,-1.85,-0.1,0.85
荣盛发展,2016-03-28,5.3,5.05,5.32,5.03,351329,264299527.0,5.46,-4.9,-0.26,1.04
荣盛发展,2016-03-29,5.02,4.8,5.05,4.73,307950,221370609.0,6.34,-4.95,-0.25,0.92
荣盛发展,2016-03-30,4.9,5.01,5.03,4.82,235546,171029484.0,4.38,4.38,0.21,0.7
荣盛发展,2016-03-31,5.01,4.91,5.03,4.86,233091,169939053.0,3.39,-2.0,-0.1,0.69
荣盛发展,2016-04-01,4.9,4.93,4.97,4.75,245284,177303603.0,4.48,0.41,0.02,0.73
荣盛发展,2016-04-05,4.94,5.27,5.28,4.87,381713,284053632.0,8.32,6.9,0.34,1.14
荣盛发展,2016-04-06,5.19,5.15,5.23,5.09,255753,192326371.0,2.66,-2.28,-0.12,0.76
荣盛发展,2016-04-07,5.2,5.0,5.23,5.0,235263,174505537.0,4.47,-2.91,-0.15,0.7
荣盛发展,2016-04-08,4.95,4.83,4.97,4.8,240654,173747849.0,3.4,-3.4,-0.17,0.72
荣盛发展,2016-04-11,4.88,4.96,5.01,4.85,177941,130057277.0,3.31,2.69,0.13,0.53
荣盛发展,2016-04-12,4.98,4.9,4.98,4.81,172057,124248935.0,3.43,-1.21,-0.06,0.51
荣盛发展,2016-04-13,4.92,5.01,5.1,4.92,318379,235182616.0,3.67,2.24,0.11,0.95
荣盛发展,2016-04-14,5.04,5.07,5.13,5.0,230806,171189149.0,2.59,1.2,0.06,0.69
荣盛发展,2016-04-15,5.04,5.1,5.18,5.04,227387,169667743.0,2.76,0.59,0.03,0.68
荣盛发展,2016-04-18,5.06,4.97,5.09,4.86,229586,167457943.0,4.51,-2.55,-0.13,0.68
荣盛发展,2016-04-19,5.03,5.04,5.05,4.86,191428,140194882.0,3.82,1.41,0.07,0.57
荣盛发展,2016-04-20,5.03,4.77,5.1,4.61,296367,212714734.0,9.72,-5.36,-0.27,0.88
荣盛发展,2016-04-21,4.74,4.69,4.8,4.67,135023,95722473.0,2.73,-1.68,-0.08,0.4
荣盛发展,2016-04-22,4.69,4.73,4.74,4.65,84378,59517869.0,1.92,0.85,0.04,0.25
荣盛发展,2016-04-25,4.71,4.52,4.71,4.46,205161,141722110.0,5.29,-4.44,-0.21,0.61
荣盛发展,2016-04-26,4.54,4.65,4.65,4.5,136187,94460313.0,3.32,2.88,0.13,0.41
荣盛发展,2016-04-27,4.64,4.62,4.7,4.57,161994,112969997.0,2.8,-0.65,-0.03,0.48
荣盛发展,2016-04-28,4.61,4.61,4.64,4.48,130100,89753033.0,3.46,-0.22,-0.01,0.39
荣盛发展,2016-04-29,4.56,4.58,4.66,4.56,143207,99836748.0,2.17,-0.65,-0.03,0.43
荣盛发展,2016-05-03,4.58,4.77,4.79,4.53,224520,157918209.0,5.68,4.15,0.19,0.67
荣盛发展,2016-05-04,4.77,4.71,4.79,4.65,158314,111991049.0,2.94,-1.26,-0.06,0.47
荣盛发展,2016-05-05,4.71,4.81,4.89,4.7,218443,156125838.0,4.03,2.12,0.1,0.65
荣盛发展,2016-05-06,4.79,4.55,4.83,4.55,236618,166012130.0,5.82,-5.41,-0.26,0.7
荣盛发展,2016-05-09,4.53,4.39,4.53,4.33,140449,94936573.0,4.4,-3.52,-0.16,0.42
荣盛发展,2016-05-10,4.39,4.4,4.45,4.35,73617,49685368.0,2.28,0.23,0.01,0.22
荣盛发展,2016-05-11,4.45,4.37,4.46,4.34,85346,57560761.0,2.73,-0.68,-0.03,0.25
荣盛发展,2016-05-12,4.33,4.33,4.35,4.18,97006,64234805.0,3.89,-0.92,-0.04,0.29
荣盛发展,2016-05-13,4.32,4.35,4.4,4.27,88364,59207166.0,3.0,0.46,0.02,0.26
荣盛发展,2016-05-16,4.35,4.38,4.39,4.31,73611,49356515.0,1.84,0.69,0.03,0.22
荣盛发展,2016-05-17,4.41,4.35,4.43,4.32,98546,66149889.0,2.51,-0.68,-0.03,0.29
荣盛发展,2016-05-18,4.32,4.3,4.33,4.17,133730,88148125.0,3.68,-1.15,-0.05,0.4
荣盛发展,2016-05-19,4.27,4.28,4.37,4.26,57308,38192137.0,2.56,-0.47,-0.02,0.17
荣盛发展,2016-05-20,4.24,4.31,4.36,4.23,69145,45955534.0,3.04,0.7,0.03,0.21
荣盛发展,2016-05-23,4.34,4.39,4.45,4.31,77922,52509500.0,3.25,1.86,0.08,0.23
荣盛发展,2016-05-24,4.36,4.3,4.43,4.25,82217,54890747.0,4.1,-2.05,-0.09,0.24
荣盛发展,2016-05-25,4.37,4.33,4.42,4.32,72035,48383284.0,2.33,0.7,0.03,0.21
荣盛发展,2016-05-26,4.33,4.34,4.38,4.23,87279,57968032.0,3.46,0.23,0.01,0.26
荣盛发展,2016-05-27,4.34,4.33,4.37,4.28,80801,53931691.0,2.07,-0.23,-0.01,0.24
荣盛发展,2016-05-30,4.32,4.26,4.34,4.23,85071,56372584.0,2.54,-1.62,-0.07,0.25
荣盛发展,2016-05-31,4.27,4.46,4.47,4.27,178033,120342658.0,4.69,4.69,0.2,0.53
荣盛发展,2016-06-01,4.47,4.42,4.49,4.39,124717,84650303.0,2.24,-0.9,-0.04,0.37
荣盛发展,2016-06-02,4.43,4.49,4.49,4.39,132944,90381076.0,2.26,1.58,0.07,0.4
荣盛发展,2016-06-03,4.49,4.52,4.53,4.42,120098,81953961.0,2.45,0.67,0.03,0.36
荣盛发展,2016-06-06,4.51,4.47,4.55,4.46,86131,58998208.0,1.99,-1.11,-0.05,0.26
荣盛发展,2016-06-07,4.47,4.48,4.52,4.43,99974,68301266.0,2.01,0.22,0.01,0.3
荣盛发展,2016-06-08,4.5,4.44,4.51,4.43,76565,52146290.0,1.79,-0.89,-0.04,0.23
荣盛发展,2016-06-13,4.4,4.23,4.4,4.22,103155,68761473.0,4.05,-4.73,-0.21,0.31
荣盛发展,2016-06-14,4.07,4.14,4.22,4.07,123715,80251938.0,3.55,-2.13,-0.09,0.37
荣盛发展,2016-06-15,4.08,4.35,4.36,4.06,125574,82905382.0,7.25,5.07,0.21,0.37
荣盛发展,2016-06-16,4.3,4.4,4.42,4.24,129650,86731413.0,4.14,1.15,0.05,0.39
荣盛发展,2016-06-17,4.41,4.52,4.53,4.39,142476,97485547.0,3.18,2.73,0.12,0.42
荣盛发展,2016-06-20,4.53,4.57,4.57,4.4,124237,84770756.0,3.76,1.11,0.05,0.37
荣盛发展,2016-06-21,4.57,4.68,4.82,4.57,280598,198546214.0,5.47,2.41,0.11,0.83
荣盛发展,2016-06-22,4.73,4.73,4.76,4.63,109542,77030072.0,2.78,1.07,0.05,0.33
荣盛发展,2016-06-23,4.72,4.73,4.8,4.66,129092,91320540.0,2.96,0.0,0.0,0.38
荣盛发展,2016-06-24,4.76,4.6,4.76,4.4,204060,136546983.0,7.61,-2.75,-0.13,0.61
荣盛发展,2016-06-27,4.56,4.62,4.63,4.54,107465,71920277.0,1.96,0.43,0.02,0.32
荣盛发展,2016-06-28,4.56,4.61,4.62,4.51,96470,64431012.0,2.38,-0.22,-0.01,0.29
荣盛发展,2016-06-29,4.61,4.58,4.65,4.55,110845,74319117.0,2.17,-0.65,-0.03,0.33
荣盛发展,2016-06-30,4.6,4.62,4.63,4.55,87421,58493139.0,1.75,0.87,0.04,0.26
荣盛发展,2016-07-01,4.62,4.67,4.72,4.6,181666,123332585.0,2.6,1.08,0.05,0.54
荣盛发展,2016-07-04,4.63,4.81,4.83,4.63,217696,149719755.0,4.28,3.0,0.14,0.65
荣盛发展,2016-07-05,4.79,4.87,4.94,4.78,171880,119627537.0,3.33,1.25,0.06,0.51
荣盛发展,2016-07-06,4.89,4.92,5.07,4.87,206064,145754414.0,4.11,1.03,0.05,0.61
荣盛发展,2016-07-07,4.93,4.85,4.95,4.8,119556,83025014.0,3.05,-1.42,-0.07,0.36
荣盛发展,2016-07-08,4.84,4.85,4.87,4.79,78370,54338111.0,1.65,0.0,0.0,0.23
荣盛发展,2016-07-11,4.84,4.82,4.91,4.81,104095,72381961.0,2.06,-0.62,-0.03,0.31
荣盛发展,2016-07-12,4.82,4.93,4.93,4.78,127058,88407076.0,3.11,2.28,0.11,0.38
荣盛发展,2016-07-13,4.94,5.1,5.15,4.94,275157,196520817.0,4.26,3.45,0.17,0.82
荣盛发展,2016-07-14,5.13,5.07,5.22,5.01,191380,138189130.0,4.12,-0.59,-0.03,0.57
荣盛发展,2016-07-15,5.08,5.12,5.21,5.08,142601,103284505.0,2.56,0.99,0.05,0.42
荣盛发展,2016-07-18,5.12,5.02,5.15,4.95,133856,95445206.0,3.91,-1.95,-0.1,0.4
荣盛发展,2016-07-19,4.99,5.03,5.07,4.98,97137,69201770.0,1.79,0.2,0.01,0.29
荣盛发展,2016-07-20,5.01,4.99,5.07,4.96,94362,67168913.0,2.19,-0.8,-0.04,0.28
荣盛发展,2016-07-21,4.99,5.01,5.03,4.93,94589,67119983.0,2.0,0.4,0.02,0.28
荣盛发展,2016-07-22,5.0,4.9,5.01,4.89,103916,73105577.0,2.4,-2.2,-0.11,0.31
荣盛发展,2016-07-25,4.93,4.96,5.02,4.92,70117,49584230.0,2.04,1.22,0.06,0.21
荣盛发展,2016-07-26,5.06,5.12,5.2,5.06,180963,130849550.0,2.82,3.23,0.16,0.54
荣盛发展,2016-07-27,5.08,4.84,5.13,4.76,223994,157150529.0,7.23,-5.47,-0.28,0.67
荣盛发展,2016-07-28,4.81,4.89,4.93,4.81,108420,75607506.0,2.48,1.03,0.05,0.32
荣盛发展,2016-07-29,4.88,4.88,4.93,4.85,79502,55595386.0,1.64,-0.2,-0.01,0.24
荣盛发展,2016-08-01,4.85,4.91,4.92,4.78,123915,86241687.0,2.87,0.61,0.03,0.37
荣盛发展,2016-08-02,4.92,5.02,5.02,4.91,95146,67449717.0,2.24,2.24,0.11,0.28
荣盛发展,2016-08-03,5.02,5.08,5.14,4.97,127614,91562244.0,3.39,1.2,0.06,0.38
荣盛发展,2016-08-04,5.13,5.18,5.2,5.05,289219,209267602.0,2.95,1.97,0.1,0.86
荣盛发展,2016-08-05,5.19,5.2,5.31,5.08,287227,209528591.0,4.44,0.39,0.02,0.85
荣盛发展,2016-08-08,5.19,5.5,5.78,5.12,443922,338443968.0,12.69,5.77,0.3,1.32
荣盛发展,2016-08-09,5.52,5.56,5.71,5.36,308186,233108344.0,6.36,1.09,0.06,0.92
荣盛发展,2016-08-10,5.5,5.37,5.53,5.33,177742,133380986.0,3.6,-3.42,-0.19,0.53
荣盛发展,2016-08-11,5.34,5.28,5.39,5.28,125045,92921081.0,2.05,-1.68,-0.09,0.37
荣盛发展,2016-08-12,5.31,6.02,6.02,5.3,921151,729642976.0,13.64,14.02,0.74,2.74
荣盛发展,2016-08-15,6.18,6.48,6.8,6.12,1396660,1190746224.0,11.3,7.64,0.46,4.15
荣盛发展,2016-08-16,6.49,6.23,6.5,6.21,846993,712467808.0,4.48,-3.86,-0.25,2.52
荣盛发展,2016-08-17,6.27,6.05,6.27,6.02,525587,431654224.0,4.01,-2.89,-0.18,1.56
荣盛发展,2016-08-18,6.1,6.24,6.63,6.06,1007541,850958608.0,9.42,3.14,0.19,3.0
荣盛发展,2016-08-19,6.13,6.05,6.22,5.92,395766,323905472.0,4.81,-3.04,-0.19,1.18
荣盛发展,2016-08-22,6.08,6.05,6.19,5.93,291052,237305292.0,4.3,0.0,0.0,0.87
荣盛发展,2016-08-23,5.95,6.04,6.05,5.91,215029,173522272.0,2.31,-0.17,-0.01,0.64
荣盛发展,2016-08-24,6.04,5.9,6.07,5.82,257087,206433458.0,4.14,-2.32,-0.14,0.76
荣盛发展,2016-08-25,5.8,5.64,5.81,5.55,353427,273409824.0,4.41,-4.41,-0.26,1.05
荣盛发展,2016-08-26,5.67,5.63,5.73,5.61,159428,123804524.0,2.13,-0.18,-0.01,0.47
荣盛发展,2016-08-29,5.6,5.62,5.68,5.57,165313,127591988.0,1.95,-0.18,-0.01,0.49
荣盛发展,2016-08-30,5.64,5.72,5.78,5.61,196245,153136389.0,3.02,1.78,0.1,0.58
荣盛发展,2016-08-31,5.72,5.8,5.98,5.64,382053,303660288.0,5.94,1.4,0.08,1.14
荣盛发展,2016-09-01,5.72,5.5,5.77,5.49,333800,256379587.0,4.83,-5.17,-0.3,0.99
荣盛发展,2016-09-02,5.48,5.46,5.57,5.41,173186,131219720.0,2.91,-0.73,-0.04,0.51
荣盛发展,2016-09-05,5.5,5.56,5.66,5.45,154192,117960001.0,3.85,1.83,0.1,0.46
荣盛发展,2016-09-06,5.55,5.57,5.57,5.34,186582,141083151.0,4.14,0.18,0.01,0.55
荣盛发展,2016-09-07,5.56,5.55,5.63,5.52,141465,108692760.0,1.97,-0.36,-0.02,0.42
荣盛发展,2016-09-08,5.53,5.59,5.68,5.53,131767,101392626.0,2.7,0.72,0.04,0.39
荣盛发展,2016-09-09,5.55,5.42,5.6,5.41,160026,121363078.0,3.4,-3.04,-0.17,0.48
荣盛发展,2016-09-12,5.23,5.27,5.3,5.21,156014,114796617.0,1.66,-2.77,-0.15,0.46
荣盛发展,2016-09-13,5.29,5.3,5.33,5.25,106202,78502228.0,1.52,0.57,0.03,0.32
荣盛发展,2016-09-14,5.27,5.31,5.41,5.24,118404,88142748.0,3.21,0.19,0.01,0.35
荣盛发展,2016-09-19,5.33,5.5,5.5,5.32,130437,98188217.0,3.39,3.58,0.19,0.39
荣盛发展,2016-09-20,5.46,5.59,5.7,5.46,240252,185108445.0,4.36,1.64,0.09,0.71
荣盛发展,2016-09-21,5.59,5.55,5.63,5.52,120522,92379636.0,1.97,-0.72,-0.04,0.36
荣盛发展,2016-09-22,5.64,5.68,5.83,5.61,318974,250179464.0,3.96,2.34,0.13,0.95
荣盛发展,2016-09-23,5.74,5.74,5.83,5.58,329679,258038553.0,4.4,1.06,0.06,0.98
荣盛发展,2016-09-26,5.73,5.72,5.94,5.67,307583,243122183.0,4.7,-0.35,-0.02,0.91
荣盛发展,2016-09-27,5.73,5.93,6.0,5.6,386157,308213904.0,6.99,3.67,0.21,1.15
荣盛发展,2016-09-28,5.94,5.73,5.95,5.71,205548,162613897.0,4.05,-3.37,-0.2,0.61
荣盛发展,2016-09-29,5.71,5.72,5.79,5.68,133560,104605833.0,1.92,-0.17,-0.01,0.4
荣盛发展,2016-09-30,5.71,5.72,5.78,5.66,113337,88696637.0,2.1,0.0,0.0,0.34
荣盛发展,2016-10-10,5.58,5.43,5.61,5.21,316939,237413469.0,6.99,-5.07,-0.29,0.94
荣盛发展,2016-10-11,5.44,5.51,5.59,5.34,200481,152579221.0,4.6,1.47,0.08,0.6
荣盛发展,2016-10-12,5.55,5.66,5.75,5.49,192513,149205213.0,4.72,2.72,0.15,0.57
荣盛发展,2016-10-13,5.66,5.63,5.73,5.52,149436,115287680.0,3.71,-0.53,-0.03,0.44
荣盛发展,2016-10-14,5.6,5.66,5.71,5.53,156158,120846020.0,3.2,0.53,0.03,0.46
荣盛发展,2016-10-17,5.67,5.56,5.71,5.53,108668,83842183.0,3.18,-1.77,-0.1,0.32
荣盛发展,2016-10-18,5.53,5.67,5.68,5.52,95776,73696152.0,2.88,1.98,0.11,0.28
荣盛发展,2016-10-19,5.65,5.61,5.77,5.58,109077,84814113.0,3.35,-1.06,-0.06,0.32
荣盛发展,2016-10-20,5.61,5.57,5.69,5.57,110610,85531510.0,2.14,-0.71,-0.04,0.33
荣盛发展,2016-10-21,5.57,5.62,5.64,5.43,176700,135062550.0,3.77,0.9,0.05,0.53
荣盛发展,2016-10-24,5.62,5.64,5.68,5.53,198164,152813707.0,2.67,0.36,0.02,0.59
荣盛发展,2016-10-25,5.63,5.64,5.66,5.57,142374,109833444.0,1.6,0.0,0.0,0.42
荣盛发展,2016-10-26,5.63,5.76,5.78,5.54,260890,202576538.0,4.26,2.13,0.12,0.78
荣盛发展,2016-10-27,5.79,6.0,6.15,5.79,558800,455771392.0,6.25,4.17,0.24,1.66
荣盛发展,2016-10-28,6.03,5.93,6.15,5.92,282192,229863627.0,3.83,-1.17,-0.07,0.84
荣盛发展,2016-10-31,5.95,6.08,6.12,5.9,212094,172629653.0,3.71,2.53,0.15,0.63
荣盛发展,2016-11-01,6.08,6.07,6.12,6.0,114369,93214276.0,1.97,-0.16,-0.01,0.34
荣盛发展,2016-11-02,6.09,5.95,6.12,5.81,250218,201066281.0,5.11,-1.98,-0.12,0.74
荣盛发展,2016-11-03,5.92,5.94,6.05,5.85,195606,158033342.0,3.36,-0.17,-0.01,0.58
荣盛发展,2016-11-04,5.96,6.17,6.17,5.93,328185,268443376.0,4.04,3.87,0.23,0.98
荣盛发展,2016-11-07,6.19,6.18,6.29,6.08,286109,236632955.0,3.4,0.16,0.01,0.85
荣盛发展,2016-11-08,6.19,6.29,6.3,6.09,287990,238827256.0,3.4,1.78,0.11,0.86
荣盛发展,2016-11-09,6.27,6.32,6.45,6.21,309513,261198796.0,3.82,0.48,0.03,0.92
荣盛发展,2016-11-10,6.31,6.49,6.52,6.31,240941,205428077.0,3.32,2.69,0.17,0.72
荣盛发展,2016-11-11,6.49,6.53,6.65,6.37,284998,244343455.0,4.31,0.62,0.04,0.85
荣盛发展,2016-11-14,6.47,6.42,6.56,6.37,258929,221208741.0,2.91,-1.68,-0.11,0.77
荣盛发展,2016-11-15,6.44,6.51,6.55,6.28,216579,185408489.0,4.21,1.4,0.09,0.64
荣盛发展,2016-11-16,6.48,6.37,6.49,6.3,175272,148791855.0,2.92,-2.15,-0.14,0.52
荣盛发展,2016-11-17,6.37,6.47,6.48,6.28,178395,150874095.0,3.14,1.57,0.1,0.53
荣盛发展,2016-11-18,6.43,6.43,6.57,6.4,169536,145828152.0,2.63,-0.62,-0.04,0.5
荣盛发展,2016-11-21,6.4,6.44,6.58,6.38,186884,160202254.0,3.11,0.16,0.01,0.56
荣盛发展,2016-11-22,6.45,6.4,6.49,6.35,113025,96166098.0,2.17,-0.62,-0.04,0.34
荣盛发展,2016-11-23,6.39,6.4,6.54,6.32,190208,162174305.0,3.44,0.0,0.0,0.57
荣盛发展,2016-11-24,6.36,6.35,6.4,6.33,120038,101606083.0,1.09,-0.78,-0.05,0.36
荣盛发展,2016-11-25,6.39,6.47,6.52,6.34,196814,167832658.0,2.83,1.89,0.12,0.59
荣盛发展,2016-11-28,6.5,6.53,6.75,6.48,382294,332987616.0,4.17,0.93,0.06,1.14
荣盛发展,2016-11-29,6.5,6.59,6.68,6.47,218663,189527803.0,3.22,0.92,0.06,0.65
荣盛发展,2016-11-30,6.57,6.76,6.78,6.49,347331,302928928.0,4.4,2.58,0.17,1.03
荣盛发展,2016-12-01,6.8,7.19,7.3,6.74,599812,552091904.0,8.28,6.36,0.43,1.78
荣盛发展,2016-12-02,7.14,6.99,7.14,6.92,269915,245971190.0,3.06,-2.78,-0.2,0.8
荣盛发展,2016-12-05,6.91,6.69,6.91,6.56,246951,217771211.0,5.01,-4.29,-0.3,0.73
荣盛发展,2016-12-06,6.71,6.84,6.84,6.6,119812,105612010.0,3.59,2.24,0.15,0.36
荣盛发展,2016-12-07,6.68,6.87,6.96,6.63,137928,122959970.0,4.82,0.44,0.03,0.41
荣盛发展,2016-12-08,6.82,6.75,6.91,6.65,127650,112644482.0,3.78,-1.75,-0.12,0.38
荣盛发展,2016-12-09,6.71,6.79,6.88,6.63,146930,130385772.0,3.7,0.59,0.04,0.44
荣盛发展,2016-12-12,6.63,6.55,6.84,6.26,242636,210089962.0,8.54,-3.53,-0.24,0.72
荣盛发展,2016-12-13,6.47,6.41,6.54,6.38,129475,110642680.0,2.44,-2.14,-0.14,0.38
荣盛发展,2016-12-14,6.47,6.44,6.58,6.41,107201,92298951.0,2.65,0.47,0.03,0.32
荣盛发展,2016-12-15,6.4,6.47,6.58,6.33,117611,101157862.0,3.88,0.47,0.03,0.35
荣盛发展,2016-12-16,6.43,6.56,6.57,6.41,102402,88147198.0,2.47,1.39,0.09,0.3
荣盛发展,2016-12-19,6.51,6.44,6.57,6.42,60752,52042891.0,2.29,-1.83,-0.12,0.18
荣盛发展,2016-12-20,6.42,6.21,6.48,6.19,75398,63120318.0,4.5,-3.57,-0.23,0.22
荣盛发展,2016-12-21,6.24,6.24,6.37,6.21,60239,50394651.0,2.58,0.48,0.03,0.18
荣盛发展,2016-12-22,6.25,5.99,6.27,5.99,117363,96144773.0,4.49,-4.01,-0.25,0.35
荣盛发展,2016-12-23,6.0,6.03,6.09,5.88,80866,65258218.0,3.51,0.67,0.04,0.24
荣盛发展,2016-12-26,6.04,5.98,6.04,5.9,73661,59223396.0,2.32,-0.83,-0.05,0.22
荣盛发展,2016-12-27,5.98,5.95,6.07,5.93,62947,51001667.0,2.34,-0.5,-0.03,0.19
荣盛发展,2016-12-28,5.96,5.73,5.97,5.7,143780,113755263.0,4.54,-3.7,-0.22,0.43
荣盛发展,2016-12-29,5.73,5.67,5.74,5.55,123284,95607314.0,3.32,-1.05,-0.06,0.37
荣盛发展,2016-12-30,5.67,5.75,5.82,5.67,92191,72377139.0,2.65,1.41,0.08,0.27
荣盛发展,2017-01-03,5.78,5.75,5.88,5.73,100666,79454135.0,2.61,0.0,0.0,0.26
荣盛发展,2017-01-04,5.76,5.83,5.83,5.66,116629,91412543.0,2.96,1.39,0.08,0.3
荣盛发展,2017-01-05,5.83,5.83,5.87,5.78,76722,60817603.0,1.54,0.0,0.0,0.2
荣盛发展,2017-01-06,5.84,5.78,5.84,5.76,50264,39706551.0,1.37,-0.86,-0.05,0.13
荣盛发展,2017-01-09,5.79,5.81,5.87,5.77,50074,39682255.0,1.73,0.52,0.03,0.13
荣盛发展,2017-01-10,5.79,5.83,5.89,5.77,69253,55001040.0,2.07,0.34,0.02,0.18
荣盛发展,2017-01-11,5.84,5.7,5.84,5.64,74858,58565445.0,3.43,-2.23,-0.13,0.19
荣盛发展,2017-01-12,5.68,5.65,5.74,5.64,34774,27074884.0,1.75,-0.88,-0.05,0.09
荣盛发展,2017-01-13,5.69,5.69,5.78,5.63,64948,50843783.0,2.65,0.71,0.04,0.17
荣盛发展,2017-01-16,5.68,5.6,5.71,5.42,93566,71930560.0,5.1,-1.58,-0.09,0.24
荣盛发展,2017-01-17,5.58,5.57,5.62,5.43,65125,49679728.0,3.39,-0.54,-0.03,0.17
荣盛发展,2017-01-18,5.56,5.72,5.74,5.53,81798,63693545.0,3.77,2.69,0.15,0.21
荣盛发展,2017-01-19,5.73,5.73,5.84,5.68,84339,66352024.0,2.8,0.17,0.01,0.22
荣盛发展,2017-01-20,5.85,5.93,5.94,5.78,179636,143097786.0,2.79,3.49,0.2,0.46
荣盛发展,2017-01-23,5.94,5.92,6.03,5.9,83185,67003473.0,2.19,-0.17,-0.01,0.21
荣盛发展,2017-01-24,5.91,6.05,6.12,5.9,147842,120189899.0,3.72,2.2,0.13,0.38
荣盛发展,2017-01-25,6.05,6.02,6.05,5.91,100458,81297834.0,2.31,-0.5,-0.03,0.26
荣盛发展,2017-01-26,6.04,6.02,6.08,5.99,79759,64907462.0,1.5,0.0,0.0,0.21
荣盛发展,2017-02-03,6.02,6.04,6.09,6.01,55284,45015578.0,1.33,0.33,0.02,0.14
荣盛发展,2017-02-06,6.02,6.08,6.1,6.01,74848,61076179.0,1.49,0.66,0.04,0.19
荣盛发展,2017-02-07,6.11,6.04,6.12,5.98,90062,73270901.0,2.3,-0.66,-0.04,0.23
荣盛发展,2017-02-08,6.03,6.05,6.07,6.0,67181,54715356.0,1.16,0.17,0.01,0.17
荣盛发展,2017-02-09,6.08,6.24,6.25,6.06,143170,118610752.0,3.14,3.14,0.19,0.37
荣盛发展,2017-02-10,6.35,6.25,6.37,6.21,121573,101878040.0,2.56,0.16,0.01,0.31
荣盛发展,2017-02-13,6.26,6.34,6.36,6.18,119958,100290437.0,2.88,1.44,0.09,0.31
荣盛发展,2017-02-14,6.32,6.58,6.74,6.3,214725,185784997.0,6.94,3.79,0.24,0.55
荣盛发展,2017-02-15,6.56,6.59,6.7,6.5,146645,127895416.0,3.04,0.15,0.01,0.38
荣盛发展,2017-02-16,6.56,6.57,6.61,6.45,94732,81784673.0,2.43,-0.3,-0.02,0.24
荣盛发展,2017-02-17,6.54,6.6,6.75,6.49,89661,78366488.0,3.96,0.46,0.03,0.23
荣盛发展,2017-02-20,6.61,6.92,6.94,6.6,260281,233175724.0,5.15,4.85,0.32,0.67
荣盛发展,2017-02-21,6.92,6.85,7.0,6.8,130222,116994985.0,2.89,-1.01,-0.07,0.33
荣盛发展,2017-02-22,6.85,7.02,7.12,6.79,242236,219744621.0,4.82,2.48,0.17,0.62
荣盛发展,2017-02-23,6.99,6.78,6.99,6.64,199416,176971423.0,4.99,-3.42,-0.24,0.51
荣盛发展,2017-02-24,6.79,6.63,6.79,6.48,259583,225991681.0,4.57,-2.21,-0.15,0.67
荣盛发展,2017-02-27,6.63,6.34,6.65,6.22,289463,246789334.0,6.49,-4.37,-0.29,0.74
荣盛发展,2017-02-28,6.37,6.42,6.53,6.37,202145,172878300.0,2.52,1.26,0.08,0.52
荣盛发展,2017-03-01,6.42,6.54,6.62,6.42,145751,126144014.0,3.12,1.87,0.12,0.37
荣盛发展,2017-03-02,6.53,6.51,6.61,6.49,87568,75837060.0,1.83,-0.46,-0.03,0.23
荣盛发展,2017-03-03,6.49,6.54,6.57,6.36,98370,84119881.0,3.23,0.46,0.03,0.25
荣盛发展,2017-03-06,6.55,6.68,6.77,6.52,157204,138024575.0,3.82,2.14,0.14,0.4
荣盛发展,2017-03-07,6.69,6.73,6.77,6.6,122905,108263644.0,2.54,0.75,0.05,0.32
荣盛发展,2017-03-08,6.74,6.94,7.03,6.71,280037,252714336.0,4.75,3.12,0.21,0.72
荣盛发展,2017-03-09,6.93,6.82,6.94,6.78,102676,91705138.0,2.31,-1.73,-0.12,0.26
荣盛发展,2017-03-10,6.78,6.9,7.08,6.77,176611,160063636.0,4.55,1.17,0.08,0.45
荣盛发展,2017-03-13,6.88,7.09,7.18,6.71,353195,323110976.0,6.81,2.75,0.19,0.91
荣盛发展,2017-03-14,7.1,6.98,7.23,6.96,244357,224803402.0,3.81,-1.55,-0.11,0.63
荣盛发展,2017-03-15,6.96,7.12,7.27,6.93,216491,199682999.0,4.87,2.01,0.14,0.56
荣盛发展,2017-03-16,7.12,7.15,7.29,7.09,162921,151301720.0,2.81,0.42,0.03,0.42
荣盛发展,2017-03-17,7.15,7.01,7.22,6.98,142814,130813642.0,3.36,-1.96,-0.14,0.37
荣盛发展,2017-03-20,6.97,6.88,6.97,6.73,202270,180488275.0,3.42,-1.85,-0.13,0.52
荣盛发展,2017-03-21,6.89,6.9,6.98,6.76,138235,123565860.0,3.2,0.29,0.02,0.36
荣盛发展,2017-03-22,6.84,6.77,6.91,6.6,193496,171410131.0,4.49,-1.88,-0.13,0.5
荣盛发展,2017-03-23,6.71,6.77,6.87,6.68,106073,94199748.0,2.81,0.0,0.0,0.27
荣盛发展,2017-03-24,6.8,6.81,6.84,6.72,98676,87718083.0,1.77,0.59,0.04,0.25
荣盛发展,2017-03-27,6.8,6.58,6.84,6.54,158473,138497007.0,4.41,-3.38,-0.23,0.41
荣盛发展,2017-03-28,6.59,6.65,6.72,6.58,94077,82440363.0,2.13,1.06,0.07,0.24
荣盛发展,2017-03-29,6.67,6.58,6.69,6.56,52257,45573135.0,1.95,-1.05,-0.07,0.13
荣盛发展,2017-03-30,6.56,6.83,6.87,6.45,184461,162159551.0,6.38,3.8,0.25,0.47
荣盛发展,2017-03-31,6.83,6.62,6.85,6.54,170666,149695332.0,4.54,-3.07,-0.21,0.44
荣盛发展,2017-04-05,7.49,7.49,7.49,7.49,84243,80789152.0,0.0,13.14,0.87,0.22
荣盛发展,2017-04-06,8.45,8.45,8.45,8.45,73104,77124983.0,0.0,12.82,0.96,0.19
荣盛发展,2017-04-07,9.51,9.51,9.51,9.5,2769305,3215154176.0,0.12,12.54,1.06,7.12
荣盛发展,2017-04-10,9.9,10.67,10.67,9.78,2751131,3439140096.0,9.36,12.2,1.16,7.07
荣盛发展,2017-04-11,11.77,11.95,11.95,11.51,1235568,1728726272.0,4.12,12.0,1.28,3.18
荣盛发展,2017-04-12,12.7,12.1,13.36,11.55,5150898,7495652096.0,15.15,1.26,0.15,13.24
荣盛发展,2017-04-13,11.85,12.1,12.67,11.61,3396886,4828921600.0,8.76,0.0,0.0,8.73
荣盛发展,2017-04-14,13.3,11.81,13.45,11.61,3035967,4398370304.0,15.21,-2.4,-0.29,7.81
荣盛发展,2017-04-17,11.46,10.78,11.6,10.42,2476025,3182971888.0,9.99,-8.72,-1.03,6.37
荣盛发展,2017-04-18,10.78,10.85,11.26,10.58,1930067,2509569680.0,6.31,0.65,0.07,4.96
荣盛发展,2017-04-19,10.69,10.47,10.89,10.36,1434128,1824931424.0,4.88,-3.5,-0.38,3.69
荣盛发展,2017-04-20,10.47,9.51,10.57,9.36,2015120,2421727440.0,11.56,-9.17,-0.96,5.18
荣盛发展,2017-04-21,9.58,9.63,10.04,9.21,1723319,2023079584.0,8.73,1.26,0.12,4.43
荣盛发展,2017-04-24,9.55,9.44,9.86,9.31,1049440,1225093456.0,5.71,-1.97,-0.19,2.7
荣盛发展,2017-04-25,9.52,9.3,10.09,9.14,1942906,2276464272.0,10.06,-1.48,-0.14,5.0
荣盛发展,2017-04-26,9.04,9.69,9.95,8.87,2064498,2367039696.0,11.61,4.19,0.39,5.31
荣盛发展,2017-04-27,9.6,9.08,9.74,9.03,1683171,1936825680.0,7.33,-6.3,-0.61,4.33
荣盛发展,2017-04-28,8.95,9.65,9.73,8.95,1738568,2014703296.0,8.59,6.28,0.57,4.47
荣盛发展,2017-05-02,9.55,10.01,10.01,9.41,1912516,2268653472.0,6.22,3.73,0.36,4.92
荣盛发展,2017-05-03,9.81,9.18,9.84,9.12,1539871,1779751312.0,7.19,-8.29,-0.83,3.96
荣盛发展,2017-05-04,9.08,9.26,9.83,9.02,1543773,1782302208.0,8.82,0.87,0.08,3.97
荣盛发展,2017-05-05,9.1,9.24,9.69,9.08,1228280,1411866848.0,6.59,-0.22,-0.02,3.16
荣盛发展,2017-05-08,9.12,8.12,9.23,8.11,1649684,1766297632.0,12.12,-12.12,-1.12,4.24
荣盛发展,2017-05-09,8.14,8.29,8.29,8.03,697017,716532608.0,3.2,2.09,0.17,1.79
荣盛发展,2017-05-10,8.25,7.82,8.35,7.62,1059036,1066229360.0,8.81,-5.67,-0.47,2.72
荣盛发展,2017-05-11,7.87,8.04,8.09,7.55,909432,909658992.0,6.91,2.81,0.22,2.34
荣盛发展,2017-05-12,7.91,7.98,8.22,7.73,1123776,1134823168.0,6.09,-0.75,-0.06,2.89
荣盛发展,2017-05-15,7.91,8.0,8.24,7.83,952061,963323280.0,5.14,0.25,0.02,2.45
荣盛发展,2017-05-16,8.11,8.55,8.73,8.06,1693739,1771870080.0,8.38,6.88,0.55,4.36
荣盛发展,2017-05-17,8.4,8.74,8.93,8.36,1714137,1838873456.0,6.67,2.22,0.19,4.41
荣盛发展,2017-05-18,8.55,8.42,8.71,8.32,1012583,1071552496.0,4.46,-3.66,-0.32,2.6
荣盛发展,2017-05-19,8.39,8.44,8.52,8.27,686385,721820880.0,2.97,0.24,0.02,1.76
荣盛发展,2017-05-22,8.4,7.89,8.42,7.86,755958,770649072.0,6.64,-6.52,-0.55,1.94
荣盛发展,2017-05-23,7.85,7.9,8.35,7.84,855994,871223936.0,6.46,0.13,0.01,2.2
荣盛发展,2017-05-24,7.77,8.0,8.04,7.61,593477,592294640.0,5.44,1.27,0.1,1.53
荣盛发展,2017-05-25,8.04,8.26,8.36,7.83,906075,926158448.0,6.63,3.25,0.26,2.33
荣盛发展,2017-05-26,8.34,8.11,8.53,8.09,800775,833347792.0,5.33,-1.82,-0.15,2.06
荣盛发展,2017-05-31,8.4,8.27,8.53,8.25,831662,871199536.0,3.45,1.97,0.16,2.14
荣盛发展,2017-06-01,8.15,8.41,8.66,8.12,1151277,1212940128.0,6.53,1.69,0.14,2.96
荣盛发展,2017-06-02,8.28,8.31,8.41,8.02,818671,843413888.0,4.64,-1.19,-0.1,2.11
荣盛发展,2017-06-05,8.31,8.4,8.49,8.24,658850,690883216.0,3.01,1.08,0.09,1.69
荣盛发展,2017-06-06,8.39,8.5,8.56,8.29,622084,654827104.0,3.21,1.19,0.1,1.6
荣盛发展,2017-06-07,8.42,8.73,8.74,8.42,994875,1063614624.0,3.76,2.71,0.23,2.56
荣盛发展,2017-06-08,8.68,8.46,8.69,8.43,759916,810787088.0,2.98,-3.09,-0.27,1.95
荣盛发展,2017-06-09,8.47,8.39,8.5,8.25,638265,668418336.0,2.96,-0.83,-0.07,1.64
荣盛发展,2017-06-12,8.35,8.32,8.47,8.26,509620,534246752.0,2.5,-0.83,-0.07,1.31
荣盛发展,2017-06-13,8.32,8.41,8.44,8.28,453537,474500928.0,1.92,1.08,0.09,1.17
荣盛发展,2017-06-14,8.42,8.14,8.44,8.14,485276,503443744.0,3.57,-3.21,-0.27,1.25
荣盛发展,2017-06-15,8.13,8.17,8.25,8.1,350390,360061328.0,1.84,0.37,0.03,0.9
荣盛发展,2017-06-16,8.17,8.19,8.34,8.15,346241,358046080.0,2.33,0.24,0.02,0.89
荣盛发展,2017-06-19,8.18,8.13,8.22,8.07,372068,380403968.0,1.83,-0.73,-0.06,0.96
荣盛发展,2017-06-20,8.15,8.17,8.24,8.12,378070,388504416.0,1.48,0.49,0.04,0.97
荣盛发展,2017-06-21,8.24,8.44,8.45,8.19,719177,750313936.0,3.18,3.3,0.27,1.85
荣盛发展,2017-06-22,8.43,8.12,8.48,8.12,534167,556897504.0,4.27,-3.79,-0.32,1.37
荣盛发展,2017-06-23,8.15,8.27,8.35,8.12,487090,503217392.0,2.83,1.85,0.15,1.25
荣盛发展,2017-06-26,8.28,8.45,8.52,8.2,667261,699596432.0,3.87,2.18,0.18,1.72
荣盛发展,2017-06-27,8.53,8.46,8.57,8.4,432605,457453456.0,2.01,0.12,0.01,1.11
荣盛发展,2017-06-28,8.48,8.46,8.62,8.44,582737,619313776.0,2.13,0.0,0.0,1.5
荣盛发展,2017-06-29,8.43,8.34,8.48,8.31,528996,532445376.0,2.01,-1.42,-0.12,1.36
荣盛发展,2017-06-30,8.3,8.17,8.32,8.16,414454,411081536.0,1.92,-2.04,-0.17,1.07
荣盛发展,2017-07-03,8.21,8.32,8.32,8.18,272191,271052224.0,1.71,1.84,0.15,0.7
荣盛发展,2017-07-04,8.3,8.39,8.45,8.29,373999,377591632.0,1.92,0.84,0.07,0.96
荣盛发展,2017-07-05,8.41,8.35,8.44,8.24,335141,335959392.0,2.38,-0.48,-0.04,0.86
荣盛发展,2017-07-06,8.33,8.31,8.48,8.28,257878,259495453.0,2.4,-0.48,-0.04,0.66
荣盛发展,2017-07-07,8.3,8.24,8.31,8.22,261200,259931124.0,1.08,-0.84,-0.07,0.67
荣盛发展,2017-07-10,8.27,8.31,8.36,8.25,277718,278043216.0,1.33,0.85,0.07,0.71
荣盛发展,2017-07-11,8.36,8.15,8.36,8.13,253518,252210283.0,2.77,-1.93,-0.16,0.65
荣盛发展,2017-07-12,8.14,7.98,8.21,7.79,441374,426270864.0,5.15,-2.09,-0.17,1.13
荣盛发展,2017-07-13,7.95,7.9,8.0,7.86,218048,209852443.0,1.75,-1.0,-0.08,0.56
荣盛发展,2017-07-14,7.89,7.97,8.04,7.88,263575,255421391.0,2.03,0.89,0.07,0.68
荣盛发展,2017-07-17,7.92,7.36,7.98,7.31,421544,390801680.0,8.41,-7.65,-0.61,1.08
荣盛发展,2017-07-18,7.39,7.56,7.63,7.35,294255,269719280.0,3.8,2.72,0.2,0.76
荣盛发展,2017-07-19,7.53,7.69,7.71,7.52,205000,191471775.0,2.51,1.72,0.13,0.53
荣盛发展,2017-07-20,7.7,8.0,8.03,7.69,370648,355906080.0,4.42,4.03,0.31,0.95
荣盛发展,2017-07-21,8.2,8.47,8.63,8.2,820356,833810128.0,5.38,5.88,0.47,2.11
荣盛发展,2017-07-24,8.59,8.66,8.77,8.42,818610,845453360.0,4.13,2.24,0.19,2.1
荣盛发展,2017-07-25,8.59,8.43,8.7,8.38,385162,392551184.0,3.7,-2.66,-0.23,0.99
荣盛发展,2017-07-26,8.45,8.5,8.59,8.36,267496,271753904.0,2.73,0.83,0.07,0.69
荣盛发展,2017-07-27,8.51,8.45,8.54,8.35,403975,409165472.0,2.24,-0.59,-0.05,1.04
荣盛发展,2017-07-28,8.55,8.67,8.84,8.43,669922,696331744.0,4.85,2.6,0.22,1.72
荣盛发展,2017-07-31,8.67,8.85,9.12,8.63,920333,975169456.0,5.65,2.08,0.18,2.37
荣盛发展,2017-08-01,8.8,9.42,9.59,8.73,1318604,1443753744.0,9.72,6.44,0.57,3.39
荣盛发展,2017-08-02,9.4,9.14,9.47,9.0,998383,1091274800.0,4.99,-2.97,-0.28,2.57
荣盛发展,2017-08-03,9.08,8.94,9.34,8.85,700320,755362848.0,5.36,-2.19,-0.2,1.8
荣盛发展,2017-08-04,9.0,8.71,9.08,8.68,447760,474574640.0,4.47,-2.57,-0.23,1.15
荣盛发展,2017-08-07,8.69,8.96,9.03,8.64,402039,426110640.0,4.48,2.87,0.25,1.03
荣盛发展,2017-08-08,9.11,8.83,9.26,8.78,573918,616268336.0,5.36,-1.45,-0.13,1.48
荣盛发展,2017-08-09,8.74,8.86,9.02,8.66,382578,405258080.0,4.08,0.34,0.03,0.98
荣盛发展,2017-08-10,8.81,8.58,8.86,8.52,422980,437903504.0,3.84,-3.16,-0.28,1.09
荣盛发展,2017-08-11,8.58,8.61,8.86,8.52,493978,512362448.0,3.96,0.35,0.03,1.27
荣盛发展,2017-08-14,8.64,8.82,8.95,8.61,678814,711400496.0,3.95,2.44,0.21,1.74
荣盛发展,2017-08-15,8.87,8.95,9.0,8.77,423363,448134784.0,2.61,1.47,0.13,1.09
荣盛发展,2017-08-16,8.9,8.98,9.15,8.86,594675,637506272.0,3.24,0.34,0.03,1.53
荣盛发展,2017-08-17,8.86,8.97,9.03,8.86,459267,488636640.0,1.89,-0.11,-0.01,1.18
荣盛发展,2017-08-18,8.96,9.29,9.34,8.8,1081572,1172415328.0,6.02,3.57,0.32,2.78
荣盛发展,2017-08-21,9.28,9.39,9.57,9.18,1109533,1226866000.0,4.2,1.08,0.1,2.85
荣盛发展,2017-08-22,9.29,9.01,9.4,8.95,712731,774002416.0,4.79,-4.05,-0.38,1.83
荣盛发展,2017-08-23,9.02,8.96,9.16,8.93,378799,406602800.0,2.55,-0.55,-0.05,0.97
荣盛发展,2017-08-24,8.98,8.77,9.03,8.7,421711,442253808.0,3.68,-2.12,-0.19,1.08
荣盛发展,2017-08-25,8.77,8.86,8.93,8.67,366131,384928752.0,2.96,1.03,0.09,0.94
荣盛发展,2017-08-28,8.87,8.78,8.95,8.71,685116,720883376.0,2.71,-0.9,-0.08,1.76
荣盛发展,2017-08-29,8.78,8.68,8.78,8.58,481504,499373104.0,2.28,-1.14,-0.1,1.24
荣盛发展,2017-08-30,8.68,8.77,8.84,8.65,404977,423098864.0,2.19,1.04,0.09,1.04
荣盛发展,2017-08-31,8.76,8.5,8.76,8.36,828296,845469888.0,4.56,-3.08,-0.27,2.13
荣盛发展,2017-09-01,8.45,8.39,8.51,8.36,478643,484667600.0,1.76,-1.29,-0.11,1.23
荣盛发展,2017-09-04,8.39,8.46,8.52,8.38,326092,331205888.0,1.67,0.83,0.07,0.84
荣盛发展,2017-09-05,8.46,8.51,8.56,8.43,274372,280181936.0,1.54,0.59,0.05,0.71
荣盛发展,2017-09-06,8.53,8.43,8.57,8.38,336926,341412480.0,2.23,-0.94,-0.08,0.87
荣盛发展,2017-09-07,8.45,8.69,8.82,8.4,888815,922069472.0,4.98,3.08,0.26,2.28
荣盛发展,2017-09-08,8.67,8.64,8.74,8.54,382810,395763808.0,2.3,-0.58,-0.05,0.98
荣盛发展,2017-09-11,8.6,8.5,8.7,8.44,409308,419316816.0,3.01,-1.62,-0.14,1.05
荣盛发展,2017-09-12,8.5,8.45,8.52,8.4,363242,368701568.0,1.41,-0.59,-0.05,0.93
荣盛发展,2017-09-13,8.49,8.46,8.49,8.4,196863,199698421.0,1.07,0.12,0.01,0.51
荣盛发展,2017-09-14,8.45,8.6,8.66,8.41,448824,460680272.0,2.96,1.65,0.14,1.15
荣盛发展,2017-09-15,8.6,8.89,9.08,8.55,1121530,1187688976.0,6.16,3.37,0.29,2.88
荣盛发展,2017-09-18,8.87,8.94,9.06,8.75,579595,614339920.0,3.49,0.56,0.05,1.49
荣盛发展,2017-09-19,8.94,8.92,9.25,8.83,847017,912602352.0,4.7,-0.22,-0.02,2.18
荣盛发展,2017-09-20,8.96,8.8,8.98,8.66,452779,475494144.0,3.59,-1.35,-0.12,1.16
荣盛发展,2017-09-21,8.84,8.64,8.89,8.63,369280,385445664.0,2.95,-1.82,-0.16,0.95
荣盛发展,2017-09-22,8.62,8.6,8.71,8.6,212919,220366512.0,1.27,-0.46,-0.04,0.55
荣盛发展,2017-09-25,8.52,7.96,8.52,7.96,641041,630372480.0,6.51,-7.44,-0.64,1.65
荣盛发展,2017-09-26,7.9,8.02,8.02,7.82,351299,337498416.0,2.51,0.75,0.06,0.9
荣盛发展,2017-09-27,8.08,8.12,8.16,8.0,263818,257978979.0,2.0,1.25,0.1,0.68
荣盛发展,2017-09-28,8.09,7.82,8.1,7.79,283622,272820800.0,3.82,-3.69,-0.3,0.73
荣盛发展,2017-09-29,7.83,7.86,7.93,7.8,194977,186334226.0,1.66,0.51,0.04,0.5
荣盛发展,2017-10-09,8.05,7.93,8.11,7.89,255050,246860822.0,2.8,0.89,0.07,0.66
荣盛发展,2017-10-10,7.9,7.86,7.92,7.79,264933,252795847.0,1.64,-0.88,-0.07,0.68
荣盛发展,2017-10-11,7.85,7.81,7.92,7.8,217207,207230581.0,1.53,-0.64,-0.05,0.56
荣盛发展,2017-10-12,7.85,7.83,7.86,7.77,155018,147509024.0,1.15,0.26,0.02,0.4
荣盛发展,2017-10-13,7.82,7.91,7.96,7.77,229282,219185189.0,2.43,1.02,0.08,0.59
荣盛发展,2017-10-16,7.92,7.81,7.92,7.8,183808,175618642.0,1.52,-1.26,-0.1,0.47
荣盛发展,2017-10-17,7.82,7.77,7.86,7.75,149835,142139173.0,1.41,-0.51,-0.04,0.39
荣盛发展,2017-10-18,7.78,7.68,7.81,7.66,138603,130842948.0,1.93,-1.16,-0.09,0.36
荣盛发展,2017-10-19,7.66,7.4,7.68,7.37,240188,220565791.0,4.04,-3.65,-0.28,0.62
荣盛发展,2017-10-20,7.41,7.56,7.57,7.38,130140,119819215.0,2.57,2.16,0.16,0.33
荣盛发展,2017-10-23,7.56,7.6,7.66,7.51,138072,128334872.0,1.98,0.53,0.04,0.35
荣盛发展,2017-10-24,7.59,7.67,7.77,7.55,187011,175467945.0,2.89,0.92,0.07,0.48
荣盛发展,2017-10-25,7.65,7.69,7.75,7.62,106617,100263500.0,1.69,0.26,0.02,0.27
荣盛发展,2017-10-26,7.69,7.61,7.69,7.58,191456,178571214.0,1.43,-1.04,-0.08,0.49
荣盛发展,2017-10-27,7.76,7.93,7.96,7.75,545446,521220272.0,2.76,4.2,0.32,1.4
荣盛发展,2017-10-30,7.96,7.76,7.96,7.71,284844,270370512.0,3.15,-2.14,-0.17,0.73
荣盛发展,2017-10-31,7.75,7.8,7.86,7.7,156145,147601603.0,2.06,0.52,0.04,0.4
荣盛发展,2017-11-01,7.79,7.79,7.88,7.75,204855,195167832.0,1.67,-0.13,-0.01,0.53
荣盛发展,2017-11-02,7.82,7.57,7.82,7.57,200749,187531468.0,3.21,-2.82,-0.22,0.52
荣盛发展,2017-11-03,7.56,7.46,7.6,7.41,182423,167218539.0,2.51,-1.45,-0.11,0.47
荣盛发展,2017-11-06,7.46,7.52,7.52,7.42,115295,105805372.0,1.34,0.8,0.06,0.3
荣盛发展,2017-11-07,7.52,7.49,7.52,7.42,179166,164101116.0,1.33,-0.4,-0.03,0.46
荣盛发展,2017-11-08,7.48,7.46,7.57,7.45,186672,171728121.0,1.6,-0.4,-0.03,0.48
荣盛发展,2017-11-09,7.45,7.44,7.48,7.39,190014,173548468.0,1.21,-0.27,-0.02,0.49
荣盛发展,2017-11-10,7.45,7.24,7.46,7.23,405587,366479792.0,3.09,-2.69,-0.2,1.04
荣盛发展,2017-11-13,7.25,7.1,7.26,6.99,435900,383315360.0,3.73,-1.93,-0.14,1.12
荣盛发展,2017-11-14,7.07,7.13,7.21,6.99,249089,219690805.0,3.1,0.42,0.03,0.64
荣盛发展,2017-11-15,7.09,7.11,7.11,7.02,188098,164707186.0,1.26,-0.28,-0.02,0.48
荣盛发展,2017-11-16,7.07,7.14,7.27,7.07,249363,221605090.0,2.81,0.42,0.03,0.64
荣盛发展,2017-11-17,7.17,6.89,7.18,6.88,245940,214093289.0,4.2,-3.5,-0.25,0.63
荣盛发展,2017-11-20,6.92,6.85,6.92,6.76,211017,179982071.0,2.32,-0.58,-0.04,0.54
荣盛发展,2017-11-21,6.84,7.15,7.17,6.82,365244,319515984.0,5.11,4.38,0.3,0.94
荣盛发展,2017-11-22,7.18,7.13,7.27,7.07,264673,234823278.0,2.8,-0.28,-0.02,0.68
荣盛发展,2017-11-23,7.11,6.89,7.14,6.89,270065,235382485.0,3.51,-3.37,-0.24,0.69
荣盛发展,2017-11-24,6.87,6.9,6.95,6.78,198077,169608398.0,2.47,0.15,0.01,0.51
荣盛发展,2017-11-27,6.88,6.86,6.96,6.83,202306,174106019.0,1.88,-0.58,-0.04,0.52
荣盛发展,2017-11-28,6.84,6.89,6.91,6.79,167266,142910634.0,1.75,0.44,0.03,0.43
荣盛发展,2017-11-29,6.87,7.25,7.29,6.84,563961,495787936.0,6.53,5.22,0.36,1.45
荣盛发展,2017-11-30,7.23,7.03,7.27,6.98,342577,302073344.0,4.0,-3.03,-0.22,0.88
荣盛发展,2017-12-01,7.0,7.05,7.17,6.98,235942,206994873.0,2.7,0.28,0.02,0.61
荣盛发展,2017-12-04,7.01,6.91,7.05,6.88,188929,163659187.0,2.41,-1.99,-0.14,0.49
荣盛发展,2017-12-05,6.88,6.78,6.93,6.76,231494,197888446.0,2.46,-1.88,-0.13,0.6
荣盛发展,2017-12-06,6.78,6.8,6.86,6.67,252564,214328607.0,2.8,0.29,0.02,0.65
荣盛发展,2017-12-07,6.78,6.87,7.0,6.78,277206,239077285.0,3.24,1.03,0.07,0.71
荣盛发展,2017-12-08,6.88,6.91,6.92,6.8,191144,163943370.0,1.75,0.58,0.04,0.49
荣盛发展,2017-12-11,6.92,6.92,6.93,6.87,161118,138525730.0,0.87,0.14,0.01,0.41
荣盛发展,2017-12-12,7.12,7.1,7.23,7.03,463936,409558176.0,2.89,2.6,0.18,1.19
荣盛发展,2017-12-13,7.11,7.14,7.14,7.02,174760,153552613.0,1.69,0.56,0.04,0.45
荣盛发展,2017-12-14,7.13,7.15,7.22,7.11,211648,187497087.0,1.54,0.14,0.01,0.54
荣盛发展,2017-12-15,7.15,7.1,7.15,7.03,162207,142464020.0,1.68,-0.7,-0.05,0.42
荣盛发展,2017-12-18,7.07,7.1,7.11,7.0,129559,113427350.0,1.55,0.0,0.0,0.33
荣盛发展,2017-12-19,7.1,7.09,7.13,7.07,107469,94543686.0,0.85,-0.14,-0.01,0.28
荣盛发展,2017-12-20,7.08,6.94,7.08,6.86,226305,195849048.0,3.1,-2.12,-0.15,0.58
荣盛发展,2017-12-21,6.9,7.0,7.15,6.83,295828,257454399.0,4.61,0.86,0.06,0.76
荣盛发展,2017-12-22,6.97,7.0,7.07,6.89,194349,168773351.0,2.57,0.0,0.0,0.5
荣盛发展,2017-12-25,7.04,7.12,7.34,7.0,548149,488642288.0,4.86,1.71,0.12,1.41
荣盛发展,2017-12-26,7.08,7.14,7.22,7.02,249142,219152116.0,2.81,0.28,0.02,0.64
荣盛发展,2017-12-27,7.14,7.16,7.3,7.06,330919,295431664.0,3.36,0.28,0.02,0.85
荣盛发展,2017-12-28,7.16,7.31,7.34,7.14,364417,327149456.0,2.79,2.09,0.15,0.94
荣盛发展,2017-12-29,7.34,7.83,7.93,7.34,1101702,1032966640.0,8.07,7.11,0.52,2.83
荣盛发展,2018-01-02,8.05,8.65,8.69,8.03,1903576,1917625600.0,8.43,10.47,0.82,4.89
荣盛发展,2018-01-03,8.49,8.7,9.16,8.45,1448288,1522059200.0,8.21,0.58,0.05,3.72
荣盛发展,2018-01-04,8.83,8.7,8.83,8.47,867371,898507648.0,4.14,0.0,0.0,2.23
荣盛发展,2018-01-05,8.71,8.93,9.33,8.63,1556929,1675012064.0,8.05,2.64,0.23,4.0
荣盛发展,2018-01-08,9.3,9.21,9.78,8.93,2185612,2432383456.0,9.52,3.14,0.28,5.62
荣盛发展,2018-01-09,9.18,9.24,9.48,9.1,823048,906138960.0,4.13,0.33,0.03,2.11
荣盛发展,2018-01-10,9.23,9.4,9.75,9.18,892729,995480240.0,6.17,1.73,0.16,2.29
荣盛发展,2018-01-11,9.31,9.28,9.36,9.01,566171,616067872.0,3.72,-1.28,-0.12,1.45
荣盛发展,2018-01-12,9.39,9.35,9.68,9.08,756251,841541040.0,6.47,0.75,0.07,1.94
荣盛发展,2018-01-15,9.35,9.84,10.06,9.32,1415871,1621064928.0,7.91,5.24,0.49,3.64
荣盛发展,2018-01-16,9.7,10.99,10.99,9.6,1114942,1347255312.0,14.13,11.69,1.15,2.86
荣盛发展,2018-01-17,11.65,11.28,11.89,10.46,2088595,2699031232.0,13.01,2.64,0.29,5.37
荣盛发展,2018-01-18,10.93,10.89,11.3,10.65,1469423,1862856912.0,5.76,-3.46,-0.39,3.78
荣盛发展,2018-01-19,10.88,10.67,11.37,10.44,1299661,1644295152.0,8.54,-2.02,-0.22,3.34
荣盛发展,2018-01-22,10.63,10.96,11.13,10.41,933115,1172170400.0,6.75,2.72,0.29,2.4
荣盛发展,2018-01-23,11.0,11.82,12.23,11.0,1516836,2015307040.0,11.22,7.85,0.86,3.9
荣盛发展,2018-01-24,11.76,11.96,12.26,11.61,1055408,1443977376.0,5.5,1.18,0.14,2.71
荣盛发展,2018-01-25,11.81,11.85,12.03,11.26,970073,1294015328.0,6.44,-0.92,-0.11,2.49
荣盛发展,2018-01-26,11.75,12.02,12.5,11.58,776403,1067062080.0,7.76,1.43,0.17,1.99
荣盛发展,2018-01-29,12.02,12.18,12.59,11.77,836904,1161467024.0,6.82,1.33,0.16,2.15
荣盛发展,2018-01-30,12.08,11.03,12.25,10.99,1034070,1365352144.0,10.34,-9.44,-1.15,2.66
荣盛发展,2018-01-31,11.47,12.06,12.3,11.33,1731835,2367970720.0,8.79,9.34,1.03,4.45
荣盛发展,2018-02-01,12.32,11.99,12.33,11.68,1253560,1728436128.0,5.39,-0.58,-0.07,3.22
荣盛发展,2018-02-02,11.85,12.08,12.26,10.86,1241436,1660415040.0,11.68,0.75,0.09,3.19
荣盛发展,2018-02-05,11.83,11.88,12.07,11.48,786479,1062498064.0,4.88,-1.66,-0.2,2.02
荣盛发展,2018-02-06,11.46,11.09,12.19,11.01,1012583,1350433440.0,9.93,-6.65,-0.79,2.6
荣盛发展,2018-02-07,11.51,9.84,11.69,9.81,1730342,2117860224.0,16.95,-11.27,-1.25,4.45
荣盛发展,2018-02-08,9.99,9.93,10.28,9.67,992295,1154996336.0,6.2,0.91,0.09,2.55
荣盛发展,2018-02-09,9.68,9.0,9.78,8.77,1292874,1406267440.0,10.17,-9.37,-0.93,3.32
荣盛发展,2018-02-12,9.09,9.2,9.36,8.76,920842,991986096.0,6.67,2.22,0.2,2.37
荣盛发展,2018-02-13,9.33,9.39,9.83,9.21,969925,1084817552.0,6.74,2.07,0.19,2.49
荣盛发展,2018-02-14,9.4,9.53,9.6,9.0,513291,562598976.0,6.39,1.49,0.14,1.32
荣盛发展,2018-02-22,9.79,9.92,10.01,9.55,747618,857530608.0,4.83,4.09,0.39,1.92
荣盛发展,2018-02-23,10.03,9.85,10.51,9.8,1216899,1437699792.0,7.16,-0.71,-0.07,3.13
荣盛发展,2018-02-26,9.9,9.69,10.0,9.15,1311339,1466534720.0,8.63,-1.62,-0.16,3.37
荣盛发展,2018-02-27,9.58,9.2,9.62,9.16,943104,1041918704.0,4.75,-5.06,-0.49,2.42
荣盛发展,2018-02-28,8.98,9.26,9.44,8.91,748038,814257392.0,5.76,0.65,0.06,1.92
荣盛发展,2018-03-01,9.1,9.01,9.37,8.93,915938,989579584.0,4.75,-2.7,-0.25,2.35
荣盛发展,2018-03-02,8.85,8.9,9.12,8.69,735529,781496560.0,4.77,-1.22,-0.11,1.89
荣盛发展,2018-03-05,9.01,8.97,9.28,8.83,742741,799034624.0,5.06,0.79,0.07,1.91
荣盛发展,2018-03-06,9.05,9.55,9.56,8.8,1125218,1230886480.0,8.47,6.47,0.58,2.89
荣盛发展,2018-03-07,9.52,9.36,9.62,9.31,669190,746785632.0,3.25,-1.99,-0.19,1.72
荣盛发展,2018-03-08,9.38,9.79,9.86,9.36,786291,889603696.0,5.34,4.59,0.43,2.02
荣盛发展,2018-03-09,9.86,9.76,9.9,9.59,558821,637540720.0,3.17,-0.31,-0.03,1.44
荣盛发展,2018-03-12,9.76,9.21,9.76,9.08,1209218,1323190240.0,6.97,-5.64,-0.55,3.11
荣盛发展,2018-03-13,9.13,9.09,9.25,9.08,465090,504367776.0,1.85,-1.3,-0.12,1.19
荣盛发展,2018-03-14,9.03,9.11,9.18,8.92,458849,493272928.0,2.86,0.22,0.02,1.18
荣盛发展,2018-03-15,9.05,8.98,9.15,8.89,345513,370051248.0,2.85,-1.43,-0.13,0.89
荣盛发展,2018-03-16,8.99,8.95,9.18,8.94,356700,383437728.0,2.67,-0.33,-0.03,0.92
荣盛发展,2018-03-19,8.88,8.62,8.93,8.6,481268,500751840.0,3.69,-3.69,-0.33,1.24
荣盛发展,2018-03-20,8.51,8.6,8.62,8.38,387758,395718880.0,2.78,-0.23,-0.02,1.0
荣盛发展,2018-03-21,8.61,8.53,8.84,8.47,418501,434869808.0,4.3,-0.81,-0.07,1.08
荣盛发展,2018-03-22,8.53,8.24,8.58,8.23,502872,504564016.0,4.1,-3.4,-0.29,1.29
荣盛发展,2018-03-23,7.91,7.58,7.97,7.44,617090,581601424.0,6.43,-8.01,-0.66,1.59
荣盛发展,2018-03-26,7.53,7.72,7.74,7.41,435306,405416416.0,4.35,1.85,0.14,1.12
荣盛发展,2018-03-27,7.89,7.83,7.97,7.72,404332,385838944.0,3.24,1.42,0.11,1.04
荣盛发展,2018-03-28,7.77,7.87,8.05,7.71,396789,381604480.0,4.34,0.51,0.04,1.02
荣盛发展,2018-03-29,7.91,8.5,8.64,7.61,857325,849107504.0,13.09,8.01,0.63,2.2
荣盛发展,2018-03-30,8.39,8.32,8.5,8.28,505224,508520288.0,2.59,-2.12,-0.18,1.3
荣盛发展,2018-04-02,8.3,8.34,8.61,8.28,459845,465652992.0,3.97,0.24,0.02,1.18
荣盛发展,2018-04-03,8.12,8.07,8.23,8.01,333867,327415600.0,2.64,-3.24,-0.27,0.86
荣盛发展,2018-04-04,8.13,8.06,8.25,8.04,330820,325262448.0,2.6,-0.12,-0.01,0.85
荣盛发展,2018-04-09,8.03,7.92,8.12,7.8,219164,211136251.0,3.97,-1.74,-0.14,0.56
荣盛发展,2018-04-10,8.0,8.45,8.47,7.93,532145,530827808.0,6.82,6.69,0.53,1.37
荣盛发展,2018-04-11,8.42,8.72,8.91,8.36,764604,795912368.0,6.51,3.2,0.27,1.96
荣盛发展,2018-04-12,8.69,8.78,8.95,8.65,492457,517610960.0,3.44,0.69,0.06,1.27
荣盛发展,2018-04-13,8.86,8.96,9.09,8.86,504383,539070496.0,2.62,2.05,0.18,1.3
荣盛发展,2018-04-16,8.88,8.43,8.96,8.35,649728,665546320.0,6.81,-5.92,-0.53,1.67
荣盛发展,2018-04-17,8.45,8.42,8.64,8.41,358200,366622896.0,2.73,-0.12,-0.01,0.92
荣盛发展,2018-04-18,8.61,8.7,8.75,8.45,501921,519018032.0,3.56,3.33,0.28,1.29
荣盛发展,2018-04-19,8.66,8.68,8.89,8.57,360010,374691792.0,3.68,-0.23,-0.02,0.92
荣盛发展,2018-04-20,8.64,8.38,8.71,8.35,291671,296824512.0,4.15,-3.46,-0.3,0.75
荣盛发展,2018-04-23,8.5,8.58,8.6,8.38,253415,258514305.0,2.63,2.39,0.2,0.65
荣盛发展,2018-04-24,8.7,9.07,9.19,8.67,709891,761898544.0,6.06,5.71,0.49,1.82
荣盛发展,2018-04-25,8.93,8.84,9.11,8.78,379554,402707552.0,3.64,-2.54,-0.23,0.98
荣盛发展,2018-04-26,8.88,8.52,8.93,8.49,311155,321319216.0,4.98,-3.62,-0.32,0.8
荣盛发展,2018-04-27,8.65,8.52,8.67,8.31,345620,352176000.0,4.23,0.0,0.0,0.89
荣盛发展,2018-05-02,8.54,8.41,8.56,8.27,257766,260085417.0,3.4,-1.29,-0.11,0.66
荣盛发展,2018-05-03,8.38,8.57,8.59,8.25,277629,281754496.0,4.04,1.9,0.16,0.71
荣盛发展,2018-05-04,8.52,8.64,8.75,8.49,235066,243571594.0,3.03,0.82,0.07,0.6
荣盛发展,2018-05-07,8.73,8.73,8.86,8.61,302844,316934240.0,2.89,1.04,0.09,0.78
荣盛发展,2018-05-08,8.74,8.99,9.07,8.71,421701,448343056.0,4.12,2.98,0.26,1.08
荣盛发展,2018-05-09,9.0,9.0,9.16,8.96,363689,390684704.0,2.22,0.11,0.01,0.93
荣盛发展,2018-05-10,9.0,9.0,9.12,8.83,309676,329468544.0,3.22,0.0,0.0,0.8
荣盛发展,2018-05-11,8.96,8.77,9.01,8.76,261731,276124144.0,2.78,-2.56,-0.23,0.67
荣盛发展,2018-05-14,8.72,8.72,8.91,8.7,197796,207381194.0,2.39,-0.57,-0.05,0.51
荣盛发展,2018-05-15,8.8,8.72,8.8,8.64,216568,225417300.0,1.83,0.0,0.0,0.56
荣盛发展,2018-05-16,8.69,8.71,8.85,8.66,240216,251762896.0,2.18,-0.11,-0.01,0.62
荣盛发展,2018-05-17,8.71,8.85,8.98,8.69,283222,298987632.0,3.33,1.61,0.14,0.73
荣盛发展,2018-05-18,8.8,8.95,9.0,8.78,268545,285169824.0,2.49,1.13,0.1,0.69
荣盛发展,2018-05-21,9.05,8.78,9.05,8.68,350226,368803552.0,4.13,-1.9,-0.17,0.9
荣盛发展,2018-05-22,8.76,8.44,8.78,8.32,563398,572284192.0,5.24,-3.87,-0.34,1.45
荣盛发展,2018-05-23,8.41,8.23,8.42,8.21,294448,293770448.0,2.49,-2.49,-0.21,0.76
荣盛发展,2018-05-24,8.23,8.04,8.26,7.96,279078,273854816.0,3.65,-2.31,-0.19,0.72
荣盛发展,2018-05-25,8.07,7.95,8.13,7.87,202428,196307432.0,3.23,-1.12,-0.09,0.52
荣盛发展,2018-05-28,7.95,7.86,8.01,7.83,203032,195028158.0,2.26,-1.13,-0.09,0.52
荣盛发展,2018-05-29,7.88,7.61,7.88,7.49,417993,390281696.0,4.96,-3.18,-0.25,1.07
荣盛发展,2018-05-30,7.49,7.41,7.54,7.31,258501,236526685.0,3.02,-2.63,-0.2,0.66
荣盛发展,2018-05-31,7.5,7.57,7.58,7.36,272085,249758689.0,2.97,2.16,0.16,0.7
荣盛发展,2018-06-01,7.47,7.51,7.78,7.45,326008,304362992.0,4.36,-0.79,-0.06,0.84
荣盛发展,2018-06-04,7.56,7.91,8.01,7.56,502536,479743360.0,5.99,5.33,0.4,1.29
荣盛发展,2018-06-05,7.91,7.99,8.03,7.87,245113,236797194.0,2.02,1.01,0.08,0.63
荣盛发展,2018-06-06,7.97,7.85,7.99,7.81,253445,242525010.0,2.25,-1.75,-0.14,0.65
荣盛发展,2018-06-07,7.89,8.08,8.13,7.86,305356,297012560.0,3.44,2.93,0.23,0.78
荣盛发展,2018-06-08,8.0,7.73,8.05,7.66,235636,223901845.0,4.83,-4.33,-0.35,0.61
荣盛发展,2018-06-11,7.7,7.94,8.05,7.68,230336,221862329.0,4.79,2.72,0.21,0.59
荣盛发展,2018-06-12,7.95,7.95,8.05,7.87,236810,228413897.0,2.27,0.13,0.01,0.61
荣盛发展,2018-06-13,7.94,8.17,8.42,7.9,554439,551879584.0,6.54,2.77,0.22,1.42
荣盛发展,2018-06-14,8.11,8.22,8.3,8.03,222610,220005204.0,3.3,0.61,0.05,0.57
荣盛发展,2018-06-15,8.25,8.25,8.53,8.14,526267,528995664.0,4.74,0.36,0.03,1.35
荣盛发展,2018-06-19,8.03,7.57,8.03,7.48,402336,381830336.0,6.67,-8.24,-0.68,1.03
荣盛发展,2018-06-20,7.6,7.81,7.82,7.58,249977,235135071.0,3.17,3.17,0.24,0.64
荣盛发展,2018-06-21,7.79,7.87,8.17,7.78,336527,326102496.0,4.99,0.77,0.06,0.86
荣盛发展,2018-06-22,7.82,7.96,8.08,7.81,218200,210113732.0,3.43,1.14,0.09,0.56
荣盛发展,2018-06-25,8.11,7.6,8.15,7.57,274562,260656034.0,7.29,-4.52,-0.36,0.71
荣盛发展,2018-06-26,7.42,7.1,7.44,6.72,540525,472347392.0,9.47,-6.58,-0.5,1.39
荣盛发展,2018-06-27,7.15,6.81,7.18,6.71,320901,275833744.0,6.62,-4.08,-0.29,0.82
荣盛发展,2018-06-28,6.78,6.71,6.92,6.68,218753,185941301.0,3.52,-1.47,-0.1,0.56
荣盛发展,2018-06-29,6.76,7.03,7.04,6.69,270883,233200746.0,5.22,4.77,0.32,0.7
荣盛发展,2018-07-02,7.0,6.5,7.09,6.37,373211,313569872.0,10.24,-7.54,-0.53,0.96
荣盛发展,2018-07-03,6.55,6.6,6.64,6.4,262531,216481571.0,3.69,1.54,0.1,0.67
荣盛发展,2018-07-04,6.65,6.48,6.74,6.48,253095,199656109.0,3.94,-1.82,-0.12,0.65
荣盛发展,2018-07-05,6.44,6.23,6.56,6.17,253126,192600669.0,6.02,-3.86,-0.25,0.65
荣盛发展,2018-07-06,6.26,6.17,6.32,5.93,289054,213851418.0,6.26,-0.96,-0.06,0.74
荣盛发展,2018-07-09,6.17,6.34,6.39,6.16,293212,222119463.0,3.73,2.76,0.17,0.75
荣盛发展,2018-07-10,6.36,6.51,6.64,6.3,351936,272778736.0,5.36,2.68,0.17,0.9
荣盛发展,2018-07-11,6.44,6.42,6.45,6.23,286895,219054729.0,3.38,-1.38,-0.09,0.74
荣盛发展,2018-07-12,6.43,6.57,6.6,6.43,293893,229835041.0,2.65,2.34,0.15,0.75
荣盛发展,2018-07-13,6.72,6.57,6.81,6.55,353697,280352400.0,3.96,0.0,0.0,0.91
荣盛发展,2018-07-16,6.58,6.4,6.6,6.3,287414,220910024.0,4.57,-2.59,-0.17,0.74
荣盛发展,2018-07-17,6.4,6.41,6.47,6.31,163185,125286812.0,2.5,0.16,0.01,0.42
荣盛发展,2018-07-18,6.41,6.22,6.45,6.2,241326,182689669.0,3.9,-2.96,-0.19,0.62
荣盛发展,2018-07-19,6.24,6.26,6.34,6.2,153343,115655369.0,2.25,0.64,0.04,0.39
荣盛发展,2018-07-20,6.25,6.43,6.52,6.05,415399,313563776.0,7.51,2.72,0.17,1.07
荣盛发展,2018-07-23,6.36,6.69,6.74,6.31,425356,332517008.0,6.69,4.04,0.26,1.09
荣盛发展,2018-07-24,6.72,6.93,7.06,6.72,457973,375471440.0,5.08,3.59,0.24,1.18
荣盛发展,2018-07-25,6.91,6.9,6.99,6.82,275555,225849517.0,2.45,-0.43,-0.03,0.71
荣盛发展,2018-07-26,6.92,6.82,7.0,6.78,299234,244769262.0,3.19,-1.16,-0.08,0.77
荣盛发展,2018-07-27,6.78,6.85,6.9,6.74,195216,158623294.0,2.35,0.44,0.03,0.5
荣盛发展,2018-07-30,6.84,6.88,7.01,6.81,236901,193410626.0,2.92,0.44,0.03,0.61
荣盛发展,2018-07-31,6.9,6.93,6.97,6.79,209663,171586972.0,2.62,0.73,0.05,0.54
荣盛发展,2018-08-01,6.82,6.37,6.82,6.37,393748,309499456.0,6.49,-8.08,-0.56,1.01
荣盛发展,2018-08-02,6.38,6.18,6.42,6.02,275093,205764041.0,6.28,-2.98,-0.19,0.71
荣盛发展,2018-08-03,6.2,6.02,6.23,6.0,198842,146922385.0,3.72,-2.59,-0.16,0.51
荣盛发展,2018-08-06,6.05,5.81,6.08,5.73,257399,184300539.0,5.81,-3.49,-0.21,0.66
荣盛发展,2018-08-07,5.81,6.04,6.06,5.81,234705,169400345.0,4.3,3.96,0.23,0.6
荣盛发展,2018-08-08,6.02,5.98,6.13,5.96,225894,165754101.0,2.81,-0.99,-0.06,0.58
荣盛发展,2018-08-09,5.97,6.19,6.32,5.92,324911,242298490.0,6.69,3.51,0.21,0.83
荣盛发展,2018-08-10,6.3,6.33,6.56,6.29,334772,257088948.0,4.36,2.26,0.14,0.86
荣盛发展,2018-08-13,6.21,6.26,6.32,6.08,220825,164594366.0,3.79,-1.11,-0.07,0.57
荣盛发展,2018-08-14,6.26,6.23,6.31,6.13,247613,185864429.0,2.88,-0.48,-0.03,0.64
荣盛发展,2018-08-15,6.25,6.2,6.35,6.14,279215,210719312.0,3.37,-0.48,-0.03,0.72
荣盛发展,2018-08-16,6.12,6.52,6.57,6.03,465034,357238496.0,8.71,5.16,0.32,1.19
荣盛发展,2018-08-17,6.57,6.55,6.73,6.47,393856,311366528.0,3.99,0.46,0.03,1.01
荣盛发展,2018-08-20,6.65,6.78,6.82,6.56,354081,284014800.0,3.97,3.51,0.23,0.91
荣盛发展,2018-08-21,6.79,6.75,6.88,6.68,265061,213804971.0,2.95,-0.44,-0.03,0.68
荣盛发展,2018-08-22,6.73,6.7,6.85,6.68,185981,149641125.0,2.52,-0.74,-0.05,0.48
荣盛发展,2018-08-23,6.69,6.67,6.82,6.59,179732,143546191.0,3.43,-0.45,-0.03,0.46
荣盛发展,2018-08-24,6.66,6.72,6.82,6.65,186414,149424053.0,2.55,0.75,0.05,0.48
荣盛发展,2018-08-27,6.72,6.99,6.99,6.7,314009,256211725.0,4.32,4.02,0.27,0.81
荣盛发展,2018-08-28,6.99,6.78,6.99,6.77,206537,168455013.0,3.15,-3.0,-0.21,0.53
荣盛发展,2018-08-29,6.77,6.92,6.96,6.76,220361,179809416.0,2.95,2.06,0.14,0.57
荣盛发展,2018-08-30,6.88,6.81,6.93,6.8,209368,170494511.0,1.88,-1.59,-0.11,0.54
荣盛发展,2018-08-31,6.81,6.84,6.96,6.67,234351,190078259.0,4.26,0.44,0.03,0.6
荣盛发展,2018-09-03,6.83,6.72,6.89,6.68,235720,189904565.0,3.07,-1.75,-0.12,0.61
荣盛发展,2018-09-04,6.74,6.94,6.97,6.72,234456,190893263.0,3.72,3.27,0.22,0.6
荣盛发展,2018-09-05,6.93,6.82,6.97,6.79,170527,139199388.0,2.59,-1.73,-0.12,0.44
荣盛发展,2018-09-06,6.78,6.55,6.83,6.51,230760,183336748.0,4.69,-3.96,-0.27,0.59
荣盛发展,2018-09-07,6.57,6.58,6.73,6.52,201991,159747148.0,3.21,0.46,0.03,0.52
荣盛发展,2018-09-10,6.59,6.54,6.72,6.54,162194,128166536.0,2.74,-0.61,-0.04,0.42
荣盛发展,2018-09-11,6.57,6.56,6.61,6.43,180928,140805370.0,2.75,0.31,0.02,0.46
荣盛发展,2018-09-12,6.54,6.5,6.56,6.39,167861,130160419.0,2.59,-0.91,-0.06,0.43
荣盛发展,2018-09-13,6.56,6.54,6.6,6.46,127686,99743122.0,2.15,0.62,0.04,0.33
荣盛发展,2018-09-14,6.54,6.55,6.57,6.43,204052,158980201.0,2.14,0.15,0.01,0.52
荣盛发展,2018-09-17,6.5,6.25,6.5,6.23,178005,135476097.0,4.12,-4.58,-0.3,0.46
荣盛发展,2018-09-18,6.24,6.39,6.42,6.22,183428,139044352.0,3.2,2.24,0.14,0.47
荣盛发展,2018-09-19,6.38,6.9,6.97,6.37,453028,365692880.0,9.39,7.98,0.51,1.16
荣盛发展,2018-09-20,6.86,6.95,6.97,6.82,239560,196148038.0,2.17,0.72,0.05,0.62
荣盛发展,2018-09-21,6.97,7.23,7.3,6.93,334120,280695296.0,5.32,4.03,0.28,0.86
荣盛发展,2018-09-25,6.95,6.89,6.98,6.78,304650,248620058.0,2.77,-4.7,-0.34,0.78
荣盛发展,2018-09-26,6.92,6.79,6.96,6.74,325735,264772868.0,3.19,-1.45,-0.1,0.84
荣盛发展,2018-09-27,6.79,6.75,6.84,6.72,172617,139112416.0,1.77,-0.59,-0.04,0.44
荣盛发展,2018-09-28,6.77,6.7,6.81,6.64,232605,186339070.0,2.52,-0.74,-0.05,0.6
荣盛发展,2018-10-08,6.46,6.26,6.51,6.23,249594,190833718.0,4.18,-6.57,-0.44,0.64
荣盛发展,2018-10-09,6.26,6.26,6.36,6.15,200268,151105345.0,3.35,0.0,0.0,0.51
荣盛发展,2018-10-10,6.29,6.25,6.32,6.15,166505,125347879.0,2.72,-0.16,-0.01,0.43
荣盛发展,2018-10-11,6.1,5.76,6.18,5.65,265462,191296287.0,8.48,-7.84,-0.49,0.68
荣盛发展,2018-10-12,5.42,5.82,5.87,5.42,270193,187529566.0,7.81,1.04,0.06,0.69
荣盛发展,2018-10-15,5.8,5.61,5.81,5.57,145077,101188655.0,4.12,-3.61,-0.21,0.37
荣盛发展,2018-10-16,5.63,5.42,5.72,5.37,181828,124553697.0,6.24,-3.39,-0.19,0.47
荣盛发展,2018-10-17,5.51,5.56,5.61,5.44,136371,92759349.0,3.14,2.58,0.14,0.35
荣盛发展,2018-10-18,5.55,5.54,5.64,5.45,147467,100845850.0,3.42,-0.36,-0.02,0.38
荣盛发展,2018-10-19,5.5,5.87,5.87,5.47,205267,143820713.0,7.22,5.96,0.33,0.53
荣盛发展,2018-10-22,5.87,6.13,6.25,5.87,206468,152451071.0,6.47,4.43,0.26,0.53
荣盛发展,2018-10-23,6.15,5.98,6.15,5.92,133077,97367580.0,3.75,-2.45,-0.15,0.34
荣盛发展,2018-10-24,5.97,6.07,6.21,5.97,122423,90205824.0,4.01,1.51,0.09,0.31
荣盛发展,2018-10-25,5.91,6.25,6.32,5.85,266135,198792609.0,7.74,2.97,0.18,0.68
荣盛发展,2018-10-26,6.38,6.5,6.78,6.34,359057,281454240.0,7.04,4.0,0.25,0.92
荣盛发展,2018-10-29,6.52,6.5,6.64,6.35,246398,191942521.0,4.46,0.0,0.0,0.63
荣盛发展,2018-10-30,6.54,6.66,6.8,6.39,250068,198097728.0,6.31,2.46,0.16,0.64
荣盛发展,2018-10-31,6.7,6.66,6.74,6.56,189115,150070444.0,2.7,0.0,0.0,0.49
荣盛发展,2018-11-01,6.75,6.53,6.98,6.53,363967,292524032.0,6.76,-1.95,-0.13,0.93
荣盛发展,2018-11-02,6.69,6.69,6.74,6.5,299031,237068444.0,3.68,2.45,0.16,0.77
荣盛发展,2018-11-05,6.64,6.56,6.69,6.5,213095,167286660.0,2.84,-1.94,-0.13,0.55
荣盛发展,2018-11-06,6.59,6.65,6.72,6.59,177635,140720023.0,1.98,1.37,0.09,0.46
荣盛发展,2018-11-07,6.62,6.53,6.68,6.51,208110,164010695.0,2.56,-1.8,-0.12,0.53
荣盛发展,2018-11-08,6.6,6.53,6.64,6.52,114606,90087487.0,1.84,0.0,0.0,0.29
荣盛发展,2018-11-09,6.5,6.51,6.58,6.45,123888,96617654.0,1.99,-0.31,-0.02,0.32
荣盛发展,2018-11-12,6.51,6.69,6.7,6.47,156119,123533104.0,3.53,2.76,0.18,0.4
荣盛发展,2018-11-13,6.61,6.79,6.82,6.61,189526,151562608.0,3.14,1.49,0.1,0.49
荣盛发展,2018-11-14,6.79,6.84,6.94,6.76,229713,186668387.0,2.65,0.74,0.05,0.59
荣盛发展,2018-11-15,6.82,6.89,6.9,6.79,130838,106442576.0,1.61,0.73,0.05,0.34
荣盛发展,2018-11-16,6.91,6.96,7.03,6.8,202527,166261685.0,3.34,1.02,0.07,0.52
荣盛发展,2018-11-19,6.92,7.5,7.56,6.9,461523,393315712.0,9.48,7.76,0.54,1.19
荣盛发展,2018-11-20,7.35,7.22,7.67,7.14,411240,355477072.0,7.07,-3.73,-0.28,1.06
荣盛发展,2018-11-21,7.11,7.45,7.59,7.04,418398,363550624.0,7.62,3.19,0.23,1.07
荣盛发展,2018-11-22,7.46,7.25,7.49,7.17,203957,174198499.0,4.3,-2.68,-0.2,0.52
荣盛发展,2018-11-23,7.21,6.94,7.24,6.86,240820,199692404.0,5.24,-4.28,-0.31,0.62
荣盛发展,2018-11-26,6.96,6.96,7.15,6.88,159212,131836920.0,3.89,0.29,0.02,0.41
荣盛发展,2018-11-27,7.0,7.0,7.18,6.97,168988,141194893.0,3.02,0.57,0.04,0.43
荣盛发展,2018-11-28,7.0,7.23,7.23,6.99,147021,124110565.0,3.43,3.29,0.23,0.38
荣盛发展,2018-11-29,7.25,6.98,7.32,6.98,193230,162620858.0,4.7,-3.46,-0.25,0.5
荣盛发展,2018-11-30,7.02,7.1,7.12,6.86,125138,103461380.0,3.72,1.72,0.12,0.32
荣盛发展,2018-12-03,7.25,7.11,7.3,6.92,336916,281672512.0,5.35,0.14,0.01,0.87
荣盛发展,2018-12-04,7.05,6.9,7.08,6.83,271809,222194741.0,3.52,-2.95,-0.21,0.7
荣盛发展,2018-12-05,6.81,6.97,7.04,6.78,212517,174962083.0,3.77,1.01,0.07,0.55
荣盛发展,2018-12-06,6.9,6.86,6.97,6.82,125315,102489240.0,2.15,-1.58,-0.11,0.32
荣盛发展,2018-12-07,6.9,6.98,7.06,6.87,147271,121803950.0,2.77,1.75,0.12,0.38
荣盛发展,2018-12-10,6.94,6.84,7.07,6.82,201183,165362724.0,3.58,-2.01,-0.14,0.52
荣盛发展,2018-12-11,6.94,7.43,7.45,6.84,483044,409668224.0,8.92,8.63,0.59,1.24
荣盛发展,2018-12-12,7.4,7.48,7.64,7.38,378902,332799824.0,3.5,0.67,0.05,0.97
荣盛发展,2018-12-13,7.51,7.49,7.73,7.44,384334,340735456.0,3.88,0.13,0.01,0.99
荣盛发展,2018-12-14,7.52,7.42,7.67,7.41,290362,256336565.0,3.47,-0.93,-0.07,0.75
荣盛发展,2018-12-17,7.47,7.42,7.56,7.34,194334,169279358.0,2.96,0.0,0.0,0.5
荣盛发展,2018-12-18,7.33,7.12,7.5,7.07,281515,239510750.0,5.8,-4.04,-0.3,0.72
荣盛发展,2018-12-19,7.2,7.24,7.49,7.17,325089,280775168.0,4.49,1.69,0.12,0.83
荣盛发展,2018-12-20,7.4,7.29,7.51,7.16,216316,185924488.0,4.83,0.69,0.05,0.56
荣盛发展,2018-12-21,7.26,6.89,7.26,6.73,370131,302146592.0,7.27,-5.49,-0.4,0.95
荣盛发展,2018-12-24,6.86,6.7,6.86,6.65,236650,189468096.0,3.05,-2.76,-0.19,0.61
荣盛发展,2018-12-25,6.61,6.84,6.92,6.55,282206,226123803.0,5.52,2.09,0.14,0.72
荣盛发展,2018-12-26,6.82,6.74,6.86,6.73,145476,117247190.0,1.9,-1.46,-0.1,0.37
荣盛发展,2018-12-27,6.84,6.71,6.95,6.67,250932,202883005.0,4.15,-0.45,-0.03,0.64
荣盛发展,2018-12-28,6.77,6.67,6.78,6.58,203365,161778523.0,2.98,-0.6,-0.04,0.52
荣盛发展,2019-01-02,6.73,6.57,6.8,6.51,147079,116237240.0,4.35,-1.5,-0.1,0.38
荣盛发展,2019-01-03,6.57,6.48,6.72,6.39,197058,153599622.0,5.02,-1.37,-0.09,0.51
荣盛发展,2019-01-04,6.42,6.67,6.69,6.36,197593,154338510.0,5.09,2.93,0.19,0.51
荣盛发展,2019-01-07,6.76,6.69,6.85,6.62,325951,260160803.0,3.45,0.3,0.02,0.84
荣盛发展,2019-01-08,6.73,6.65,6.74,6.57,190594,150640792.0,2.54,-0.6,-0.04,0.49
荣盛发展,2019-01-09,6.61,6.78,6.89,6.61,252871,203453363.0,4.21,1.95,0.13,0.65
荣盛发展,2019-01-10,6.75,6.68,6.77,6.66,152039,121636780.0,1.62,-1.47,-0.1,0.39
荣盛发展,2019-01-11,6.69,6.93,6.94,6.67,243312,197002699.0,4.04,3.74,0.25,0.63
荣盛发展,2019-01-14,6.97,7.01,7.02,6.87,183702,151442835.0,2.16,1.15,0.08,0.47
荣盛发展,2019-01-15,6.97,7.16,7.16,6.87,215254,179269397.0,4.14,2.14,0.15,0.55
荣盛发展,2019-01-16,7.13,7.06,7.26,7.01,251039,211154248.0,3.49,-1.4,-0.1,0.65
荣盛发展,2019-01-17,7.09,7.08,7.21,7.03,192384,161308681.0,2.55,0.28,0.02,0.49
荣盛发展,2019-01-18,7.05,7.15,7.18,7.01,166595,139846941.0,2.4,0.99,0.07,0.43
荣盛发展,2019-01-21,7.17,7.07,7.3,6.96,239650,200933759.0,4.76,-1.12,-0.08,0.62
荣盛发展,2019-01-22,7.06,6.99,7.24,6.96,174716,146189828.0,3.96,-1.13,-0.08,0.45
荣盛发展,2019-01-23,7.01,6.97,7.05,6.94,139185,114966800.0,1.57,-0.29,-0.02,0.36
荣盛发展,2019-01-24,7.01,7.02,7.05,6.97,167473,138874277.0,1.15,0.72,0.05,0.43
荣盛发展,2019-01-25,7.1,7.2,7.28,7.05,250023,211693577.0,3.28,2.56,0.18,0.64
荣盛发展,2019-01-28,7.35,7.41,7.48,7.3,276310,239789997.0,2.5,2.92,0.21,0.71
荣盛发展,2019-01-29,7.45,7.75,7.87,7.42,437499,390990160.0,6.07,4.59,0.34,1.12
荣盛发展,2019-01-30,7.75,7.85,8.14,7.68,419660,385121952.0,5.94,1.29,0.1,1.08
荣盛发展,2019-01-31,7.9,7.9,8.01,7.8,221050,203277872.0,2.68,0.64,0.05,0.57
荣盛发展,2019-02-01,7.97,7.87,8.07,7.75,289537,264242061.0,4.05,-0.38,-0.03,0.74
荣盛发展,2019-02-11,7.84,7.9,7.97,7.64,401194,363965616.0,4.19,0.38,0.03,1.03
荣盛发展,2019-02-12,7.87,7.81,7.88,7.7,386013,349275072.0,2.28,-1.14,-0.09,0.99
荣盛发展,2019-02-13,7.81,8.09,8.22,7.77,472712,437286032.0,5.76,3.59,0.28,1.21
荣盛发展,2019-02-14,8.02,8.0,8.09,7.91,289484,268928688.0,2.22,-1.11,-0.09,0.74
荣盛发展,2019-02-15,7.93,7.61,7.95,7.61,368802,332965328.0,4.25,-4.88,-0.39,0.95
荣盛发展,2019-02-18,7.67,7.79,7.8,7.65,403885,364101632.0,1.97,2.37,0.18,1.04
荣盛发展,2019-02-19,7.82,7.73,7.87,7.69,314248,284508720.0,2.31,-0.77,-0.06,0.81
荣盛发展,2019-02-20,7.74,7.85,7.98,7.67,435322,397279728.0,4.01,1.55,0.12,1.12
荣盛发展,2019-02-21,7.82,7.71,7.85,7.64,398910,360414160.0,2.68,-1.78,-0.14,1.03
荣盛发展,2019-02-22,7.67,7.74,7.77,7.55,302134,269737248.0,2.85,0.39,0.03,0.78
荣盛发展,2019-02-25,7.74,8.28,8.31,7.74,712531,667981792.0,7.36,6.98,0.54,1.83
荣盛发展,2019-02-26,8.32,8.27,8.59,8.2,594536,573782976.0,4.71,-0.12,-0.01,1.53
荣盛发展,2019-02-27,8.17,8.27,8.52,8.15,546640,523582448.0,4.47,0.0,0.0,1.4
荣盛发展,2019-02-28,8.27,8.27,8.49,8.2,406543,390916208.0,3.51,0.0,0.0,1.04
荣盛发展,2019-03-01,8.32,8.49,8.49,8.17,407148,391032464.0,3.87,2.66,0.22,1.05
荣盛发展,2019-03-04,8.58,9.06,9.21,8.57,980565,1003048080.0,7.54,6.71,0.57,2.52
荣盛发展,2019-03-05,9.05,9.55,9.61,9.05,736327,789082528.0,6.18,5.41,0.49,1.89
荣盛发展,2019-03-06,9.62,9.48,9.72,9.29,462672,494462656.0,4.5,-0.73,-0.07,1.19
荣盛发展,2019-03-07,9.44,9.1,9.44,8.89,546848,568073024.0,5.8,-4.01,-0.38,1.41
荣盛发展,2019-03-08,8.86,8.66,8.98,8.6,579304,582816224.0,4.18,-4.84,-0.44,1.49
荣盛发展,2019-03-11,8.52,8.94,8.98,8.47,560394,558167760.0,5.89,3.23,0.28,1.44
荣盛发展,2019-03-12,9.04,8.91,9.36,8.72,600436,623248496.0,7.16,-0.34,-0.03,1.54
荣盛发展,2019-03-13,8.96,9.02,9.22,8.77,560683,578038192.0,5.05,1.23,0.11,1.44
荣盛发展,2019-03-14,8.99,8.95,9.28,8.77,346895,357580368.0,5.65,-0.78,-0.07,0.89
荣盛发展,2019-03-15,8.96,9.27,9.36,8.88,517599,543195504.0,5.36,3.58,0.32,1.33
荣盛发展,2019-03-18,9.27,9.93,9.97,9.22,681536,740965264.0,8.09,7.12,0.66,1.75
荣盛发展,2019-03-19,9.97,9.66,10.3,9.55,574805,641859296.0,7.55,-2.72,-0.27,1.48
荣盛发展,2019-03-20,9.68,9.7,9.84,9.45,398600,436483424.0,4.04,0.41,0.04,1.02
荣盛发展,2019-03-21,9.79,9.72,10.1,9.67,493585,549815008.0,4.43,0.21,0.02,1.27
荣盛发展,2019-03-22,9.67,9.6,9.77,9.45,261317,283465488.0,3.29,-1.23,-0.12,0.67
荣盛发展,2019-03-25,9.42,9.22,9.55,9.19,363349,386964400.0,3.75,-3.96,-0.38,0.93
荣盛发展,2019-03-26,9.32,9.32,9.6,9.22,364959,389953696.0,4.12,1.08,0.1,0.94
荣盛发展,2019-03-27,9.48,9.72,9.79,9.33,397987,433275360.0,4.94,4.29,0.4,1.02
荣盛发展,2019-03-28,9.69,9.52,9.93,9.46,329271,360277488.0,4.84,-2.06,-0.2,0.85
荣盛发展,2019-03-29,9.54,9.97,10.12,9.53,684579,765765056.0,6.2,4.73,0.45,1.76
荣盛发展,2019-04-01,10.23,10.23,10.44,10.06,658084,756765984.0,3.81,2.61,0.26,1.69
荣盛发展,2019-04-02,10.27,10.28,10.34,10.05,456702,523520624.0,2.83,0.49,0.05,1.17
荣盛发展,2019-04-03,10.11,10.34,10.39,9.93,493342,565779616.0,4.47,0.58,0.06,1.27
荣盛发展,2019-04-04,10.38,10.34,10.51,10.18,478868,556824848.0,3.19,0.0,0.0,1.23
荣盛发展,2019-04-08,10.4,10.61,10.83,10.32,763561,905517648.0,4.93,2.61,0.27,1.96
荣盛发展,2019-04-09,10.82,11.23,11.32,10.81,887255,1094923536.0,4.81,5.84,0.62,2.28
荣盛发展,2019-04-10,11.08,11.02,11.17,10.82,467078,572339824.0,3.12,-1.87,-0.21,1.2
荣盛发展,2019-04-11,11.0,10.6,11.11,10.53,332552,400107904.0,5.26,-3.81,-0.42,0.85
荣盛发展,2019-04-12,10.58,10.68,10.82,10.55,258739,309655712.0,2.55,0.75,0.08,0.66
荣盛发展,2019-04-15,10.93,10.46,10.97,10.44,351113,422472256.0,4.96,-2.06,-0.22,0.9
荣盛发展,2019-04-16,10.39,10.48,10.5,9.82,701322,802208416.0,6.5,0.19,0.02,1.8
荣盛发展,2019-04-17,10.44,10.21,10.49,10.11,495932,573263184.0,3.63,-2.58,-0.27,1.27
荣盛发展,2019-04-18,10.23,9.96,10.28,9.92,321524,364478656.0,3.53,-2.45,-0.25,0.83
荣盛发展,2019-04-19,9.98,10.05,10.14,9.92,319577,360740016.0,2.21,0.9,0.09,0.82
荣盛发展,2019-04-22,9.96,9.16,9.96,9.12,930323,989332096.0,8.36,-8.86,-0.89,2.39
荣盛发展,2019-04-23,9.16,9.32,9.43,9.14,402355,426218352.0,3.17,1.75,0.16,1.03
荣盛发展,2019-04-24,9.39,9.38,9.46,9.14,300845,318226112.0,3.43,0.64,0.06,0.77
荣盛发展,2019-04-25,9.38,9.19,9.47,9.13,298042,315595984.0,3.62,-2.03,-0.19,0.77
荣盛发展,2019-04-26,9.14,8.97,9.31,8.88,399692,414123760.0,4.68,-2.39,-0.22,1.03
荣盛发展,2019-04-29,8.97,8.94,9.12,8.91,287138,295456800.0,2.34,-0.33,-0.03,0.74
荣盛发展,2019-04-30,8.96,9.07,9.1,8.82,349392,359255072.0,3.13,1.45,0.13,0.9
荣盛发展,2019-05-06,8.82,8.31,8.93,8.28,469090,462115792.0,7.17,-8.38,-0.76,1.21
荣盛发展,2019-05-07,8.45,8.44,8.62,8.32,350925,341484864.0,3.61,1.56,0.13,0.9
荣盛发展,2019-05-08,8.27,8.42,8.62,8.18,279019,270724224.0,5.21,-0.24,-0.02,0.72
荣盛发展,2019-05-09,8.37,8.17,8.49,8.12,234716,223214140.0,4.39,-2.97,-0.25,0.6
荣盛发展,2019-05-10,8.26,8.43,8.45,8.05,378666,363131328.0,4.9,3.18,0.26,0.97
荣盛发展,2019-05-13,8.34,8.33,8.36,8.22,217544,208378069.0,1.66,-1.19,-0.1,0.56
荣盛发展,2019-05-14,8.25,8.24,8.37,8.19,270889,259101400.0,2.16,-1.08,-0.09,0.7
荣盛发展,2019-05-15,8.32,8.56,8.59,8.29,334064,324144816.0,3.64,3.88,0.32,0.86
荣盛发展,2019-05-16,8.52,8.68,8.69,8.5,236783,233484577.0,2.22,1.4,0.12,0.61
荣盛发展,2019-05-17,8.7,8.18,8.71,8.12,317957,306872912.0,6.8,-5.76,-0.5,0.82
荣盛发展,2019-05-20,8.16,8.06,8.21,7.93,179569,167564408.0,3.42,-1.47,-0.12,0.46
荣盛发展,2019-05-21,8.1,8.36,8.43,8.04,303616,290549792.0,4.84,3.72,0.3,0.78
荣盛发展,2019-05-22,8.37,8.28,8.39,8.2,122982,117676394.0,2.27,-0.96,-0.08,0.32
荣盛发展,2019-05-23,8.24,8.11,8.24,8.06,168022,158271717.0,2.17,-2.05,-0.17,0.43
荣盛发展,2019-05-24,8.15,8.15,8.25,8.1,110624,104502992.0,1.85,0.49,0.04,0.28
荣盛发展,2019-05-27,8.13,8.27,8.32,7.95,226044,212674732.0,4.54,1.47,0.12,0.58
荣盛发展,2019-05-28,8.25,8.33,8.39,8.2,244110,234127621.0,2.3,0.73,0.06,0.63
荣盛发展,2019-05-29,8.25,8.23,8.29,8.17,151336,143875000.0,1.44,-1.2,-0.1,0.39
荣盛发展,2019-05-30,8.19,8.11,8.19,8.04,149662,140399699.0,1.82,-1.46,-0.12,0.38
荣盛发展,2019-05-31,8.14,8.13,8.26,8.1,138059,130450708.0,1.97,0.25,0.02,0.35
荣盛发展,2019-06-03,8.15,7.95,8.18,7.92,224167,208377523.0,3.2,-2.21,-0.18,0.58
荣盛发展,2019-06-04,7.97,7.97,8.02,7.9,153474,142055999.0,1.51,0.25,0.02,0.39
荣盛发展,2019-06-05,8.1,8.29,8.37,8.05,318315,303073984.0,4.02,4.02,0.32,0.82
荣盛发展,2019-06-06,8.29,8.25,8.38,8.18,181438,173495457.0,2.41,-0.48,-0.04,0.47
荣盛发展,2019-06-10,8.36,8.4,8.54,8.26,218438,212054182.0,3.39,1.82,0.15,0.56
荣盛发展,2019-06-11,8.37,8.61,8.67,8.37,268368,264151572.0,3.57,2.5,0.21,0.69
荣盛发展,2019-06-12,8.54,8.46,8.58,8.42,194901,190290602.0,1.86,-1.74,-0.15,0.5
荣盛发展,2019-06-13,8.45,8.37,8.47,8.29,152919,147497125.0,2.13,-1.06,-0.09,0.39
荣盛发展,2019-06-14,8.42,8.27,8.51,8.27,156134,150911055.0,2.87,-1.19,-0.1,0.4
荣盛发展,2019-06-17,8.24,8.27,8.37,8.2,144356,137868060.0,2.06,0.0,0.0,0.37
荣盛发展,2019-06-18,8.27,8.22,8.31,8.18,122112,116047049.0,1.57,-0.6,-0.05,0.31
荣盛发展,2019-06-19,8.44,8.28,8.49,8.24,187240,180590187.0,3.04,0.73,0.06,0.48
荣盛发展,2019-06-20,8.26,8.57,8.59,8.2,286646,278669280.0,4.71,3.5,0.29,0.74
荣盛发展,2019-06-21,8.54,8.56,8.64,8.52,174767,172267512.0,1.4,-0.12,-0.01,0.45
荣盛发展,2019-06-24,8.59,8.47,8.59,8.42,150537,147020234.0,1.99,-1.05,-0.09,0.39
荣盛发展,2019-06-25,8.49,8.36,8.49,8.23,207939,199879384.0,3.07,-1.3,-0.11,0.53
荣盛发展,2019-06-26,8.34,8.25,8.38,8.2,242179,231227471.0,2.15,-1.32,-0.11,0.62
荣盛发展,2019-06-27,8.27,8.23,8.35,8.17,327891,312499600.0,2.18,-0.24,-0.02,0.84
荣盛发展,2019-06-28,8.22,8.11,8.23,8.08,213308,200849884.0,1.82,-1.46,-0.12,0.55
荣盛发展,2019-07-01,8.23,8.34,8.35,8.18,415245,396038112.0,2.1,2.84,0.23,1.07
荣盛发展,2019-07-02,8.34,8.38,8.38,8.25,339320,324776080.0,1.56,0.48,0.04,0.87
荣盛发展,2019-07-03,8.33,8.54,8.58,8.23,563269,548588240.0,4.18,1.91,0.16,1.45
荣盛发展,2019-07-04,8.52,8.78,8.91,8.5,745658,749688528.0,4.8,2.81,0.24,1.92
荣盛发展,2019-07-05,8.76,8.77,8.86,8.63,353747,355059808.0,2.62,-0.11,-0.01,0.91
荣盛发展,2019-07-08,8.72,8.52,8.72,8.41,377233,370356528.0,3.53,-2.85,-0.25,0.97
荣盛发展,2019-07-09,8.47,8.49,8.7,8.45,265656,261144043.0,2.93,-0.35,-0.03,0.68
荣盛发展,2019-07-10,8.54,8.21,8.58,8.17,401431,385381792.0,4.83,-3.3,-0.28,1.03
荣盛发展,2019-07-11,8.27,8.14,8.35,8.12,319663,303507664.0,2.8,-0.85,-0.07,0.82
荣盛发展,2019-07-12,8.21,8.33,8.37,8.16,290398,264602755.0,2.58,2.33,0.19,0.75
荣盛发展,2019-07-15,8.28,8.32,8.41,8.1,290414,263632533.0,3.72,-0.12,-0.01,0.75
荣盛发展,2019-07-16,8.3,8.38,8.44,8.27,225949,207832939.0,2.04,0.72,0.06,0.58
荣盛发展,2019-07-17,8.35,8.49,8.54,8.3,277319,256738156.0,2.86,1.31,0.11,0.71
荣盛发展,2019-07-18,8.43,8.24,8.44,8.23,216983,198059398.0,2.47,-2.94,-0.25,0.56
荣盛发展,2019-07-19,8.33,8.62,8.68,8.32,559663,522406160.0,4.37,4.61,0.38,1.44
荣盛发展,2019-07-22,8.57,8.46,8.78,8.44,550601,518319872.0,3.94,-1.86,-0.16,1.41
荣盛发展,2019-07-23,8.44,8.35,8.49,8.28,352556,324573344.0,2.48,-1.3,-0.11,0.91
荣盛发展,2019-07-24,8.36,8.34,8.44,8.29,369344,338766864.0,1.8,-0.12,-0.01,0.95
荣盛发展,2019-07-25,8.34,8.25,8.35,8.18,390763,354038304.0,2.04,-1.08,-0.09,1.0
荣盛发展,2019-07-26,8.22,8.24,8.29,8.2,232759,211035951.0,1.09,-0.12,-0.01,0.6
荣盛发展,2019-07-29,8.21,8.12,8.26,8.1,313136,281750880.0,1.94,-1.46,-0.12,0.8
荣盛发展,2019-07-30,8.11,8.23,8.28,8.11,213588,193371667.0,2.09,1.35,0.11,0.55
荣盛发展,2019-07-31,8.17,7.92,8.17,7.89,433278,382567904.0,3.4,-3.77,-0.31,1.11
荣盛发展,2019-08-01,7.93,7.77,7.98,7.74,239147,206964893.0,3.03,-1.89,-0.15,0.61
荣盛发展,2019-08-02,7.65,7.69,7.74,7.57,220003,186537567.0,2.19,-1.03,-0.08,0.57
荣盛发展,2019-08-05,7.59,7.47,7.64,7.47,270415,225842205.0,2.21,-2.86,-0.22,0.69
荣盛发展,2019-08-06,7.34,7.55,7.6,7.25,310385,256956286.0,4.69,1.07,0.08,0.8
荣盛发展,2019-08-07,7.59,7.55,7.63,7.5,137451,115473628.0,1.72,0.0,0.0,0.35
荣盛发展,2019-08-08,7.56,7.57,7.62,7.49,128592,107790963.0,1.72,0.26,0.02,0.33
荣盛发展,2019-08-09,7.61,7.44,7.62,7.4,149945,124453369.0,2.91,-1.72,-0.13,0.39
荣盛发展,2019-08-12,7.39,7.52,7.53,7.37,108757,90313628.0,2.15,1.08,0.08,0.28
荣盛发展,2019-08-13,7.47,7.34,7.48,7.31,158755,130154397.0,2.26,-2.39,-0.18,0.41
荣盛发展,2019-08-14,7.43,7.44,7.48,7.38,127567,105322632.0,1.36,1.36,0.1,0.33
荣盛发展,2019-08-15,7.37,7.54,7.57,7.33,202559,168066518.0,3.23,1.34,0.1,0.52
荣盛发展,2019-08-16,7.58,7.65,7.7,7.53,270024,228967847.0,2.25,1.46,0.11,0.69
荣盛发展,2019-08-19,7.73,7.79,7.81,7.63,246305,210932639.0,2.35,1.83,0.14,0.63
荣盛发展,2019-08-20,7.81,7.77,7.87,7.76,230568,199067149.0,1.41,-0.26,-0.02,0.59
荣盛发展,2019-08-21,7.75,7.7,7.84,7.68,228160,195568966.0,2.06,-0.9,-0.07,0.59
荣盛发展,2019-08-22,7.73,7.71,7.75,7.65,149757,127940564.0,1.3,0.13,0.01,0.38
荣盛发展,2019-08-23,7.73,7.61,7.74,7.59,185584,157216171.0,1.95,-1.3,-0.1,0.48
荣盛发展,2019-08-26,7.43,7.41,7.52,7.38,177982,146969357.0,1.84,-2.63,-0.2,0.46
荣盛发展,2019-08-27,7.46,7.48,7.56,7.42,305256,254106264.0,1.89,0.94,0.07,0.78
荣盛发展,2019-08-28,7.48,7.48,7.55,7.39,165993,137945243.0,2.14,0.0,0.0,0.43
荣盛发展,2019-08-29,7.5,7.39,7.51,7.33,172313,142033965.0,2.41,-1.2,-0.09,0.44
荣盛发展,2019-08-30,7.43,7.28,7.47,7.25,194325,158681208.0,2.98,-1.49,-0.11,0.5
荣盛发展,2019-09-02,7.29,7.35,7.38,7.23,212477,172953458.0,2.06,0.96,0.07,0.55
荣盛发展,2019-09-03,7.35,7.29,7.38,7.24,198993,161809042.0,1.9,-0.82,-0.06,0.51
荣盛发展,2019-09-04,7.28,7.67,7.7,7.27,394337,328166656.0,5.9,5.21,0.38,1.01
荣盛发展,2019-09-05,7.68,7.64,7.84,7.63,420886,360699664.0,2.74,-0.39,-0.03,1.08
荣盛发展,2019-09-06,7.67,7.72,7.72,7.59,232651,197510797.0,1.7,1.05,0.08,0.6
荣盛发展,2019-09-09,7.82,7.79,7.89,7.69,265199,228127965.0,2.59,0.91,0.07,0.68
荣盛发展,2019-09-10,7.77,7.71,7.77,7.59,212795,180985362.0,2.31,-1.03,-0.08,0.55
荣盛发展,2019-09-11,7.7,7.73,7.73,7.62,166810,141935166.0,1.43,0.26,0.02,0.43
荣盛发展,2019-09-12,7.76,7.95,7.99,7.75,367551,321645792.0,3.1,2.85,0.22,0.94
荣盛发展,2019-09-16,7.94,7.92,7.98,7.88,173816,152215050.0,1.26,-0.38,-0.03,0.45
荣盛发展,2019-09-17,7.88,7.74,7.89,7.71,196153,169070464.0,2.27,-2.27,-0.18,0.5
荣盛发展,2019-09-18,7.76,7.83,7.91,7.74,209988,181911346.0,2.2,1.16,0.09,0.54
荣盛发展,2019-09-19,7.9,7.85,7.92,7.8,164596,142978043.0,1.53,0.26,0.02,0.42
荣盛发展,2019-09-20,7.85,7.82,7.89,7.75,204738,176773968.0,1.78,-0.38,-0.03,0.53
荣盛发展,2019-09-23,7.79,7.58,7.79,7.48,227711,191790349.0,3.96,-3.07,-0.24,0.58
荣盛发展,2019-09-24,7.59,7.59,7.65,7.54,121168,102156786.0,1.45,0.13,0.01,0.31
荣盛发展,2019-09-25,7.59,7.51,7.6,7.47,135590,113145331.0,1.71,-1.05,-0.08,0.35
荣盛发展,2019-09-26,7.54,7.52,7.72,7.5,227421,191835263.0,2.93,0.13,0.01,0.58
荣盛发展,2019-09-27,7.53,7.48,7.56,7.44,100074,83305624.0,1.6,-0.53,-0.04,0.26
荣盛发展,2019-09-30,7.48,7.45,7.54,7.43,107770,89674510.0,1.47,-0.4,-0.03,0.28
荣盛发展,2019-10-08,7.47,7.63,7.72,7.4,222167,187489887.0,4.3,2.42,0.18,0.57
荣盛发展,2019-10-09,7.58,7.97,7.97,7.58,390589,339170656.0,5.11,4.46,0.34,1.0
荣盛发展,2019-10-10,7.91,7.9,7.94,7.83,199385,173870586.0,1.38,-0.88,-0.07,0.51
荣盛发展,2019-10-11,7.9,8.05,8.11,7.87,281069,249083469.0,3.04,1.9,0.15,0.72
荣盛发展,2019-10-14,8.05,8.13,8.22,7.98,304475,272996672.0,2.98,0.99,0.08,0.78
荣盛发展,2019-10-15,8.13,8.07,8.24,8.02,159522,142513728.0,2.71,-0.74,-0.06,0.41
荣盛发展,2019-10-16,8.1,8.17,8.44,8.09,333171,302824896.0,4.34,1.24,0.1,0.86
荣盛发展,2019-10-17,8.17,8.07,8.21,8.03,142999,127742507.0,2.2,-1.22,-0.1,0.37
荣盛发展,2019-10-18,8.09,7.82,8.15,7.79,217370,190401191.0,4.46,-3.1,-0.25,0.56
荣盛发展,2019-10-21,7.83,8.2,8.27,7.83,358181,320135568.0,5.63,4.86,0.38,0.92
荣盛发展,2019-10-22,8.21,8.11,8.22,8.04,209007,186356713.0,2.2,-1.1,-0.09,0.54
荣盛发展,2019-10-23,8.07,7.96,8.15,7.91,156281,137828813.0,2.96,-1.85,-0.15,0.4
荣盛发展,2019-10-24,8.0,8.09,8.11,7.96,123296,109423453.0,1.88,1.63,0.13,0.32
荣盛发展,2019-10-25,8.15,8.13,8.3,8.04,221458,198879795.0,3.21,0.49,0.04,0.57
荣盛发展,2019-10-28,8.08,8.05,8.09,7.94,177282,157184551.0,1.85,-0.98,-0.08,0.46
荣盛发展,2019-10-29,8.05,7.96,8.05,7.93,148316,130820522.0,1.49,-1.12,-0.09,0.38
荣盛发展,2019-10-30,7.98,7.95,8.06,7.89,139614,122702402.0,2.14,-0.13,-0.01,0.36
荣盛发展,2019-10-31,7.95,7.87,8.01,7.83,131598,114733735.0,2.26,-1.01,-0.08,0.34
荣盛发展,2019-11-01,7.87,8.01,8.04,7.8,208712,183064490.0,3.05,1.78,0.14,0.54
荣盛发展,2019-11-04,8.05,8.0,8.06,7.95,155566,137273859.0,1.37,-0.12,-0.01,0.4
荣盛发展,2019-11-05,8.0,8.04,8.22,7.9,342707,304300000.0,4.0,0.5,0.04,0.88
荣盛发展,2019-11-06,8.01,7.9,8.04,7.87,203966,178597162.0,2.11,-1.74,-0.14,0.52
荣盛发展,2019-11-07,7.91,7.92,7.98,7.86,173304,151917438.0,1.52,0.25,0.02,0.45
荣盛发展,2019-11-08,7.99,7.9,8.08,7.89,212759,187576415.0,2.4,-0.25,-0.02,0.55
荣盛发展,2019-11-11,7.86,7.65,7.86,7.55,360026,305245952.0,3.92,-3.16,-0.25,0.92
荣盛发展,2019-11-12,7.61,7.5,7.65,7.48,207790,174000092.0,2.22,-1.96,-0.15,0.53
荣盛发展,2019-11-13,7.53,7.49,7.53,7.44,147525,122630805.0,1.2,-0.13,-0.01,0.38
荣盛发展,2019-11-14,7.49,7.37,7.5,7.37,195671,161370466.0,1.74,-1.6,-0.12,0.5
荣盛发展,2019-11-15,7.38,7.4,7.48,7.36,189912,156836526.0,1.63,0.41,0.03,0.49
荣盛发展,2019-11-18,7.4,7.58,7.59,7.36,157937,131776394.0,3.11,2.43,0.18,0.41
荣盛发展,2019-11-19,7.56,7.65,7.74,7.55,190088,161362484.0,2.51,0.92,0.07,0.49
荣盛发展,2019-11-20,7.66,7.69,7.72,7.63,203343,173217399.0,1.18,0.52,0.04,0.52
荣盛发展,2019-11-21,7.69,7.65,7.71,7.53,156313,131983250.0,2.34,-0.52,-0.04,0.4
荣盛发展,2019-11-22,7.64,7.72,7.78,7.61,183820,156802598.0,2.22,0.92,0.07,0.47
荣盛发展,2019-11-25,7.69,7.89,7.98,7.69,258129,224797135.0,3.76,2.2,0.17,0.66
荣盛发展,2019-11-26,7.94,7.86,7.95,7.81,288915,251321476.0,1.77,-0.38,-0.03,0.74
荣盛发展,2019-11-27,7.89,7.87,7.97,7.77,253336,220596183.0,2.54,0.13,0.01,0.65
荣盛发展,2019-11-28,7.85,7.81,7.9,7.74,205025,176967266.0,2.03,-0.76,-0.06,0.53
荣盛发展,2019-11-29,7.84,7.8,7.88,7.75,139898,121016840.0,1.66,-0.13,-0.01,0.36
荣盛发展,2019-12-02,7.82,7.97,8.03,7.82,291819,256536083.0,2.69,2.18,0.17,0.75
荣盛发展,2019-12-03,7.99,8.04,8.1,7.94,237269,210030323.0,2.01,0.88,0.07,0.61
荣盛发展,2019-12-04,8.03,7.85,8.06,7.8,209663,182986110.0,3.23,-2.36,-0.19,0.54
荣盛发展,2019-12-05,7.89,7.84,7.94,7.8,140328,121780388.0,1.78,-0.13,-0.01,0.36
荣盛发展,2019-12-06,7.87,7.72,7.87,7.66,244087,208943746.0,2.68,-1.53,-0.12,0.63
荣盛发展,2019-12-09,7.77,8.14,8.14,7.75,539098,474961920.0,5.05,5.44,0.42,1.38
荣盛发展,2019-12-10,8.15,8.34,8.37,8.12,493099,448508896.0,3.07,2.46,0.2,1.27
荣盛发展,2019-12-11,8.37,8.41,8.49,8.34,353805,326816208.0,1.8,0.84,0.07,0.91
荣盛发展,2019-12-12,8.41,8.33,8.45,8.28,272835,250737718.0,2.02,-0.95,-0.08,0.7
荣盛发展,2019-12-13,8.45,8.48,8.65,8.4,349596,326510768.0,3.0,1.8,0.15,0.9
荣盛发展,2019-12-16,8.52,8.44,8.52,8.37,288454,267129821.0,1.77,-0.47,-0.04,0.74
荣盛发展,2019-12-17,8.46,8.65,8.72,8.41,428304,403958400.0,3.67,2.49,0.21,1.1
荣盛发展,2019-12-18,8.64,8.54,8.71,8.49,281354,264724386.0,2.54,-1.27,-0.11,0.72
荣盛发展,2019-12-19,8.55,8.57,8.66,8.5,180983,170306011.0,1.87,0.35,0.03,0.46
荣盛发展,2019-12-20,8.62,8.68,8.82,8.59,248200,236747558.0,2.68,1.28,0.11,0.64
荣盛发展,2019-12-23,8.67,8.51,8.79,8.46,329403,311665504.0,3.8,-1.96,-0.17,0.85
荣盛发展,2019-12-24,8.56,8.46,8.56,8.35,225730,209088903.0,2.47,-0.59,-0.05,0.58
荣盛发展,2019-12-25,8.47,8.41,8.52,8.37,183229,169700872.0,1.77,-0.59,-0.05,0.47
荣盛发展,2019-12-26,8.55,8.82,9.03,8.55,554778,536408800.0,5.71,4.88,0.41,1.42
荣盛发展,2019-12-27,8.79,8.78,8.92,8.74,311225,300487072.0,2.04,-0.45,-0.04,0.8
荣盛发展,2019-12-30,8.79,8.91,9.0,8.69,357685,345819952.0,3.53,1.48,0.13,0.92
荣盛发展,2019-12-31,8.88,9.0,9.01,8.77,328133,320022992.0,2.69,1.01,0.09,0.84
荣盛发展,2020-01-02,9.16,9.0,9.22,8.99,468381,465515824.0,2.56,0.0,0.0,1.2
荣盛发展,2020-01-03,9.05,8.9,9.1,8.86,276180,269510240.0,2.67,-1.11,-0.1,0.71
荣盛发展,2020-01-06,8.87,8.84,8.98,8.76,347078,335874448.0,2.47,-0.67,-0.06,0.89
荣盛发展,2020-01-07,8.83,8.92,8.93,8.8,254043,246486463.0,1.47,0.9,0.08,0.65
荣盛发展,2020-01-08,8.82,8.65,8.87,8.61,322620,308714128.0,2.91,-3.03,-0.27,0.83
荣盛发展,2020-01-09,8.78,8.82,8.95,8.75,311620,301898736.0,2.31,1.97,0.17,0.8
荣盛发展,2020-01-10,8.85,8.76,8.85,8.69,184173,176680409.0,1.81,-0.68,-0.06,0.47
荣盛发展,2020-01-13,8.74,8.86,8.87,8.64,259472,249099963.0,2.63,1.14,0.1,0.67
荣盛发展,2020-01-14,8.88,8.92,9.03,8.87,267649,261664287.0,1.81,0.68,0.06,0.69
荣盛发展,2020-01-15,8.92,8.7,8.92,8.67,212031,203240618.0,2.8,-2.47,-0.22,0.54
荣盛发展,2020-01-16,8.75,8.67,8.79,8.6,162657,154730817.0,2.18,-0.34,-0.03,0.42
荣盛发展,2020-01-17,8.7,8.62,8.72,8.57,167076,158132640.0,1.73,-0.58,-0.05,0.43
荣盛发展,2020-01-20,8.62,8.56,8.65,8.45,216924,202955203.0,2.32,-0.7,-0.06,0.56
荣盛发展,2020-01-21,8.55,8.34,8.56,8.32,253790,233844243.0,2.8,-2.57,-0.22,0.65
荣盛发展,2020-01-22,8.41,8.5,8.54,8.34,206452,191827099.0,2.4,1.92,0.16,0.53
荣盛发展,2020-01-23,8.43,8.23,8.43,8.15,230244,209882074.0,3.29,-3.18,-0.27,0.59
荣盛发展,2020-02-03,7.32,7.32,7.43,7.32,201601,164360625.0,1.34,-11.06,-0.91,0.52
荣盛发展,2020-02-04,7.07,7.29,7.61,7.07,376332,304970864.0,7.38,-0.41,-0.03,0.97
荣盛发展,2020-02-05,7.34,7.33,7.46,7.2,334103,273067024.0,3.57,0.55,0.04,0.86
荣盛发展,2020-02-06,7.35,7.36,7.41,7.23,288993,235212443.0,2.46,0.41,0.03,0.74
荣盛发展,2020-02-07,7.32,7.32,7.32,7.24,202655,164317566.0,1.09,-0.54,-0.04,0.52
荣盛发展,2020-02-10,7.26,7.49,7.57,7.23,361351,298448720.0,4.64,2.32,0.17,0.93
荣盛发展,2020-02-11,7.47,7.57,7.66,7.44,312435,262985990.0,2.94,1.07,0.08,0.8
荣盛发展,2020-02-12,7.53,7.51,7.56,7.45,244401,203423495.0,1.45,-0.79,-0.06,0.63
荣盛发展,2020-02-13,7.53,7.55,7.75,7.51,341823,289346448.0,3.2,0.53,0.04,0.88
荣盛发展,2020-02-14,7.58,7.84,7.89,7.58,459695,394388528.0,4.11,3.84,0.29,1.18
荣盛发展,2020-02-17,7.92,7.88,8.01,7.75,445168,386162288.0,3.32,0.51,0.04,1.14
荣盛发展,2020-02-18,7.84,7.72,7.85,7.62,380914,326001136.0,2.92,-2.03,-0.16,0.98
荣盛发展,2020-02-19,7.88,7.89,8.14,7.82,694371,609689088.0,4.15,2.2,0.17,1.78
荣盛发展,2020-02-20,7.91,7.97,7.97,7.81,553080,481730032.0,2.03,1.01,0.08,1.42
荣盛发展,2020-02-21,7.99,7.86,7.99,7.82,474848,413465232.0,2.13,-1.38,-0.11,1.22
荣盛发展,2020-02-24,7.85,7.79,7.87,7.76,403168,347838192.0,1.4,-0.89,-0.07,1.04
荣盛发展,2020-02-25,7.7,7.79,7.87,7.66,460256,396344624.0,2.7,0.0,0.0,1.18
荣盛发展,2020-02-26,7.7,8.1,8.22,7.68,958629,854154720.0,6.93,3.98,0.31,2.46
荣盛发展,2020-02-27,8.08,7.9,8.13,7.86,537926,473260480.0,3.33,-2.47,-0.2,1.38
荣盛发展,2020-02-28,7.75,7.73,8.0,7.63,598736,514365760.0,4.68,-2.15,-0.17,1.54
荣盛发展,2020-03-02,7.76,8.08,8.21,7.75,710602,631631248.0,5.95,4.53,0.35,1.83
荣盛发展,2020-03-03,8.21,8.03,8.29,7.93,509111,450989120.0,4.46,-0.62,-0.05,1.31
荣盛发展,2020-03-04,8.05,8.38,8.47,7.97,730352,662484608.0,6.23,4.36,0.35,1.88
荣盛发展,2020-03-05,8.29,8.47,8.49,8.22,499644,460542560.0,3.22,1.07,0.09,1.28
荣盛发展,2020-03-06,8.36,8.13,8.4,8.11,491632,444081392.0,3.42,-4.01,-0.34,1.26
荣盛发展,2020-03-09,7.93,7.72,7.94,7.69,457349,395359712.0,3.08,-5.04,-0.41,1.17
荣盛发展,2020-03-10,7.68,7.83,7.88,7.62,333698,287059024.0,3.37,1.42,0.11,0.86
荣盛发展,2020-03-11,7.84,7.92,8.02,7.78,447976,392518688.0,3.07,1.15,0.09,1.15
荣盛发展,2020-03-12,7.83,7.72,7.9,7.71,279750,240871159.0,2.4,-2.53,-0.2,0.72
荣盛发展,2020-03-13,7.35,7.51,7.59,7.26,426434,351772544.0,4.27,-2.72,-0.21,1.1
荣盛发展,2020-03-16,7.51,7.24,7.56,7.22,314152,258783473.0,4.53,-3.6,-0.27,0.81
荣盛发展,2020-03-17,7.25,7.08,7.41,6.94,472683,375345376.0,6.49,-2.21,-0.16,1.21
荣盛发展,2020-03-18,7.13,6.82,7.24,6.79,443440,348787440.0,6.36,-3.67,-0.26,1.14
荣盛发展,2020-03-19,6.82,6.51,6.82,6.29,701461,515527088.0,7.77,-4.55,-0.31,1.8
荣盛发展,2020-03-20,6.58,6.71,6.71,6.52,364966,271752016.0,2.92,3.07,0.2,0.94
荣盛发展,2020-03-23,6.38,6.37,6.53,6.34,298760,217051802.0,2.83,-5.07,-0.34,0.77
荣盛发展,2020-03-24,6.5,6.54,6.56,6.38,258982,189622969.0,2.83,2.67,0.17,0.67
荣盛发展,2020-03-25,6.74,6.98,7.0,6.67,478172,366169808.0,5.05,6.73,0.44,1.23
荣盛发展,2020-03-26,6.86,6.87,6.94,6.79,259578,199789232.0,2.15,-1.58,-0.11,0.67
荣盛发展,2020-03-27,7.0,7.07,7.19,6.94,428792,338963856.0,3.64,2.91,0.2,1.1
荣盛发展,2020-03-30,6.94,6.99,7.07,6.93,248554,194784775.0,1.98,-1.13,-0.08,0.64
荣盛发展,2020-03-31,7.05,6.92,7.14,6.9,238656,186721263.0,3.43,-1.0,-0.07,0.61
荣盛发展,2020-04-01,6.95,6.89,7.1,6.86,229952,179873406.0,3.47,-0.43,-0.03,0.59
荣盛发展,2020-04-02,6.87,7.1,7.11,6.82,234865,183652624.0,4.21,3.05,0.21,0.6
荣盛发展,2020-04-03,7.16,7.3,7.34,7.11,305852,247332453.0,3.24,2.82,0.2,0.79
荣盛发展,2020-04-07,7.42,7.41,7.45,7.3,282620,231696968.0,2.05,1.51,0.11,0.73
荣盛发展,2020-04-08,7.32,7.24,7.32,7.21,342391,276797872.0,1.48,-2.29,-0.17,0.88
荣盛发展,2020-04-09,7.32,7.18,7.33,7.18,229074,184718940.0,2.07,-0.83,-0.06,0.59
荣盛发展,2020-04-10,7.24,7.13,7.27,7.09,185880,148922317.0,2.51,-0.7,-0.05,0.48
荣盛发展,2020-04-13,7.14,7.16,7.19,7.04,140435,111929302.0,2.1,0.42,0.03,0.36
荣盛发展,2020-04-14,7.18,7.32,7.33,7.15,232560,188347940.0,2.51,2.23,0.16,0.6
荣盛发展,2020-04-15,7.3,7.2,7.3,7.17,160889,129702180.0,1.78,-1.64,-0.12,0.41
荣盛发展,2020-04-16,7.18,7.14,7.2,7.1,162706,129700748.0,1.39,-0.83,-0.06,0.42
荣盛发展,2020-04-17,7.19,7.17,7.23,7.16,163875,131466640.0,0.98,0.42,0.03,0.42
荣盛发展,2020-04-20,7.2,7.14,7.21,7.05,159725,126852137.0,2.23,-0.42,-0.03,0.41
荣盛发展,2020-04-21,7.1,7.01,7.14,6.95,187980,147407577.0,2.66,-1.82,-0.13,0.48
荣盛发展,2020-04-22,6.95,7.01,7.04,6.93,136667,106770636.0,1.57,0.0,0.0,0.35
荣盛发展,2020-04-23,7.03,6.98,7.03,6.96,168641,131953687.0,1.0,-0.43,-0.03,0.43
荣盛发展,2020-04-24,6.99,6.86,7.0,6.8,176828,136562507.0,2.87,-1.72,-0.12,0.45
荣盛发展,2020-04-27,6.88,6.95,7.03,6.86,184892,144372877.0,2.48,1.31,0.09,0.47
荣盛发展,2020-04-28,7.07,7.09,7.15,6.95,316392,250048493.0,2.88,2.01,0.14,0.81
荣盛发展,2020-04-29,7.09,7.25,7.26,7.05,253243,203391471.0,2.96,2.26,0.16,0.65
荣盛发展,2020-04-30,7.25,7.27,7.28,7.21,246102,198721781.0,0.97,0.28,0.02,0.63
荣盛发展,2020-05-06,7.16,7.21,7.22,7.11,251304,201022814.0,1.51,-0.83,-0.06,0.65
荣盛发展,2020-05-07,7.19,7.15,7.2,7.12,135316,108109954.0,1.11,-0.83,-0.06,0.35
荣盛发展,2020-05-08,7.19,7.24,7.28,7.14,232049,186873346.0,1.96,1.26,0.09,0.6
荣盛发展,2020-05-11,7.37,7.3,7.37,7.24,268308,217955684.0,1.8,0.83,0.06,0.69
荣盛发展,2020-05-12,7.29,7.15,7.29,7.12,194240,155685425.0,2.33,-2.05,-0.15,0.5
荣盛发展,2020-05-13,7.14,7.12,7.14,7.07,117525,93267760.0,0.98,-0.42,-0.03,0.3
荣盛发展,2020-05-14,7.08,6.99,7.09,6.98,141382,111064976.0,1.54,-1.83,-0.13,0.36
荣盛发展,2020-05-15,7.04,6.99,7.05,6.97,118864,93212038.0,1.14,0.0,0.0,0.31
荣盛发展,2020-05-18,6.99,7.02,7.08,6.95,158904,125047367.0,1.86,0.43,0.03,0.41
荣盛发展,2020-05-19,7.06,7.01,7.08,6.98,142571,111831848.0,1.42,-0.14,-0.01,0.37
荣盛发展,2020-05-20,7.02,6.88,7.02,6.85,185734,143775165.0,2.43,-1.85,-0.13,0.48
荣盛发展,2020-05-21,6.91,6.77,6.91,6.76,175149,134106902.0,2.18,-1.6,-0.11,0.45
荣盛发展,2020-05-22,6.78,6.66,6.8,6.65,193352,146092962.0,2.22,-1.62,-0.11,0.5
荣盛发展,2020-05-25,6.71,6.82,6.82,6.67,181388,137916840.0,2.25,2.4,0.16,0.47
荣盛发展,2020-05-26,6.85,6.86,6.88,6.8,214890,164938249.0,1.17,0.59,0.04,0.55
荣盛发展,2020-05-27,6.87,6.92,6.99,6.82,175843,136571500.0,2.48,0.87,0.06,0.45
荣盛发展,2020-05-28,6.97,6.95,7.08,6.89,183273,143326774.0,2.75,0.43,0.03,0.47
荣盛发展,2020-05-29,6.94,6.96,6.96,6.86,134318,103865493.0,1.44,0.14,0.01,0.34
荣盛发展,2020-06-01,6.95,7.12,7.15,6.93,273107,215817462.0,3.16,2.3,0.16,0.7
荣盛发展,2020-06-02,7.12,7.32,7.34,7.12,375471,303482304.0,3.09,2.81,0.2,0.96
荣盛发展,2020-06-03,7.38,7.29,7.49,7.29,354873,291433680.0,2.73,-0.41,-0.03,0.91
荣盛发展,2020-06-04,7.32,7.21,7.38,7.19,230606,186150585.0,2.61,-1.1,-0.08,0.59
荣盛发展,2020-06-05,7.25,7.16,7.25,7.11,158715,126682460.0,1.94,-0.69,-0.05,0.41
荣盛发展,2020-06-08,7.21,7.21,7.29,7.18,191453,154219333.0,1.54,0.7,0.05,0.49
荣盛发展,2020-06-09,7.22,7.24,7.27,7.2,156669,126216262.0,0.97,0.42,0.03,0.4
荣盛发展,2020-06-10,7.24,7.11,7.24,7.07,191411,152090507.0,2.35,-1.8,-0.13,0.49
荣盛发展,2020-06-11,7.12,7.0,7.15,6.99,185375,146441128.0,2.25,-1.55,-0.11,0.48
荣盛发展,2020-06-12,6.92,7.03,7.04,6.89,147623,115400194.0,2.14,0.43,0.03,0.38
荣盛发展,2020-06-15,7.0,6.94,7.09,6.92,172261,134975612.0,2.42,-1.28,-0.09,0.44
荣盛发展,2020-06-16,6.99,7.07,7.1,6.95,274019,215343807.0,2.16,1.87,0.13,0.7
荣盛发展,2020-06-17,7.07,7.05,7.12,7.02,156467,123588796.0,1.41,-0.28,-0.02,0.4
荣盛发展,2020-06-18,7.07,7.19,7.22,7.06,242863,194308911.0,2.27,1.99,0.14,0.62
荣盛发展,2020-06-19,7.21,7.22,7.25,7.19,241599,194559371.0,0.83,0.42,0.03,0.62
荣盛发展,2020-06-22,7.23,7.15,7.26,7.13,161863,129894012.0,1.8,-0.97,-0.07,0.42
荣盛发展,2020-06-23,7.16,7.12,7.18,7.07,140624,111939144.0,1.54,-0.42,-0.03,0.36
荣盛发展,2020-06-24,7.15,7.29,7.32,7.14,254270,205694690.0,2.53,2.39,0.17,0.65
荣盛发展,2020-06-29,7.3,7.18,7.3,7.15,199875,160802610.0,2.06,-1.51,-0.11,0.51
荣盛发展,2020-06-30,7.21,7.27,7.32,7.19,236859,191389863.0,1.81,1.25,0.09,0.61
荣盛发展,2020-07-01,7.32,7.77,7.88,7.26,781744,660606960.0,8.53,6.88,0.5,2.01
荣盛发展,2020-07-02,7.73,8.35,8.36,7.7,956041,856759824.0,8.49,7.46,0.58,2.46
荣盛发展,2020-07-03,8.36,8.48,8.6,8.23,694598,642506192.0,4.43,1.56,0.13,1.78
荣盛发展,2020-07-06,8.65,9.13,9.19,8.65,796654,778887168.0,6.37,7.67,0.65,2.05
荣盛发展,2020-07-07,9.19,8.82,9.42,8.79,814896,796785264.0,6.9,-3.4,-0.31,2.09
荣盛发展,2020-07-08,8.81,8.83,8.9,8.62,623988,598170608.0,3.17,0.11,0.01,1.6
荣盛发展,2020-07-09,8.85,8.81,8.87,8.58,746203,713248208.0,3.28,-0.23,-0.02,1.92
荣盛发展,2020-07-10,8.76,8.51,8.76,8.48,622944,587351936.0,3.18,-3.41,-0.3,1.6
荣盛发展,2020-07-13,8.56,8.69,8.72,8.4,577200,542947184.0,3.76,2.12,0.18,1.48
荣盛发展,2020-07-14,8.65,8.52,8.76,8.43,450452,423046640.0,3.8,-1.96,-0.17,1.16
荣盛发展,2020-07-15,8.6,8.35,8.69,8.31,461737,430377184.0,4.46,-2.0,-0.17,1.19
荣盛发展,2020-07-16,8.39,8.08,8.47,8.05,469337,428037504.0,5.03,-3.23,-0.27,1.21
荣盛发展,2020-07-17,8.15,7.99,8.19,7.91,377803,316580128.0,3.47,-1.11,-0.09,0.97
荣盛发展,2020-07-20,8.11,8.38,8.39,8.02,409363,350822592.0,4.63,4.88,0.39,1.05
荣盛发展,2020-07-21,8.37,8.35,8.43,8.2,365758,316387136.0,2.74,-0.36,-0.03,0.94
荣盛发展,2020-07-22,8.33,8.32,8.46,8.2,256020,222832187.0,3.11,-0.36,-0.03,0.66
荣盛发展,2020-07-23,8.22,8.1,8.25,7.94,324711,273793440.0,3.73,-2.64,-0.22,0.83
荣盛发展,2020-07-24,8.06,7.91,8.25,7.82,359415,301104976.0,5.31,-2.35,-0.19,0.92
荣盛发展,2020-07-27,7.91,7.74,7.95,7.62,280511,227005025.0,4.17,-2.15,-0.17,0.72
荣盛发展,2020-07-28,7.77,7.79,7.87,7.71,200282,162524614.0,2.07,0.65,0.05,0.51
荣盛发展,2020-07-29,7.78,7.89,7.93,7.72,248001,203411495.0,2.7,1.28,0.1,0.64
荣盛发展,2020-07-30,7.93,7.84,7.94,7.79,229089,187932314.0,1.9,-0.63,-0.05,0.59
荣盛发展,2020-07-31,7.84,7.87,7.97,7.8,239059,196666072.0,2.17,0.38,0.03,0.61
荣盛发展,2020-08-03,7.91,7.99,8.0,7.89,392466,325453760.0,1.4,1.52,0.12,1.01
荣盛发展,2020-08-04,8.01,8.06,8.17,7.91,355822,297887984.0,3.25,0.88,0.07,0.91
荣盛发展,2020-08-05,8.06,7.93,8.06,7.87,260526,215417690.0,2.36,-1.61,-0.13,0.67
荣盛发展,2020-08-06,7.94,7.91,8.0,7.82,217448,179141242.0,2.27,-0.25,-0.02,0.56
荣盛发展,2020-08-07,7.88,7.85,7.9,7.79,197522,161771515.0,1.39,-0.76,-0.06,0.51
荣盛发展,2020-08-10,7.86,8.04,8.1,7.85,410323,342597168.0,3.18,2.42,0.19,1.05
荣盛发展,2020-08-11,8.08,8.01,8.2,8.0,370107,313005008.0,2.49,-0.37,-0.03,0.95
荣盛发展,2020-08-12,8.04,8.07,8.11,7.86,340899,284769264.0,3.12,0.75,0.06,0.88
荣盛发展,2020-08-13,8.1,8.14,8.2,8.04,304103,257723248.0,1.98,0.87,0.07,0.78
荣盛发展,2020-08-14,8.05,8.12,8.13,7.93,396004,331520064.0,2.46,-0.25,-0.02,1.02
荣盛发展,2020-08-17,8.15,8.34,8.43,8.15,644015,556865056.0,3.45,2.71,0.22,1.65
荣盛发展,2020-08-18,8.35,8.32,8.37,8.21,427413,369319152.0,1.92,-0.24,-0.02,1.1
荣盛发展,2020-08-19,8.26,8.1,8.29,8.08,379714,323657424.0,2.52,-2.64,-0.22,0.98
荣盛发展,2020-08-20,8.06,7.96,8.13,7.94,311699,260880610.0,2.35,-1.73,-0.14,0.8
荣盛发展,2020-08-21,8.0,7.98,8.03,7.94,215741,179833413.0,1.13,0.25,0.02,0.55
荣盛发展,2020-08-24,7.99,7.97,8.06,7.93,231515,193082703.0,1.63,-0.13,-0.01,0.59
荣盛发展,2020-08-25,7.98,7.92,8.03,7.9,200529,166603596.0,1.63,-0.63,-0.05,0.52
荣盛发展,2020-08-26,7.89,7.77,7.95,7.72,363744,297504928.0,2.9,-1.89,-0.15,0.93
荣盛发展,2020-08-27,7.78,7.77,7.81,7.68,215966,174840372.0,1.67,0.0,0.0,0.55
荣盛发展,2020-08-28,7.76,7.92,7.94,7.73,235921,193726300.0,2.7,1.93,0.15,0.61
荣盛发展,2020-08-31,7.97,7.89,8.01,7.82,291148,241163279.0,2.4,-0.38,-0.03,0.75
荣盛发展,2020-09-01,7.86,7.81,7.87,7.77,183182,149447365.0,1.27,-1.01,-0.08,0.47
荣盛发展,2020-09-02,7.83,7.8,7.85,7.72,194848,158379715.0,1.66,-0.13,-0.01,0.5
荣盛发展,2020-09-03,7.84,7.75,7.89,7.74,254053,207390295.0,1.92,-0.64,-0.05,0.65
荣盛发展,2020-09-04,7.69,7.75,7.75,7.65,145811,117393338.0,1.29,0.0,0.0,0.37
荣盛发展,2020-09-07,7.73,7.75,7.89,7.71,198246,161570046.0,2.32,0.0,0.0,0.51
荣盛发展,2020-09-08,7.76,7.8,7.85,7.71,181750,147841925.0,1.81,0.65,0.05,0.47
荣盛发展,2020-09-09,7.75,7.69,7.79,7.67,229489,185180113.0,1.54,-1.41,-0.11,0.59
荣盛发展,2020-09-10,7.75,7.68,7.89,7.65,369184,300093232.0,3.12,-0.13,-0.01,0.95
荣盛发展,2020-09-11,7.69,7.58,7.69,7.51,279406,221468779.0,2.34,-1.3,-0.1,0.72
荣盛发展,2020-09-14,7.59,7.49,7.61,7.45,224982,176878149.0,2.11,-1.19,-0.09,0.58
荣盛发展,2020-09-15,7.48,7.58,7.61,7.47,209618,165430179.0,1.87,1.2,0.09,0.54
荣盛发展,2020-09-16,7.57,7.69,7.76,7.53,273691,219633927.0,3.03,1.45,0.11,0.7
荣盛发展,2020-09-17,7.69,7.63,7.73,7.62,143433,115010231.0,1.43,-0.78,-0.06,0.37
荣盛发展,2020-09-18,7.63,7.91,7.92,7.63,418545,342355776.0,3.8,3.67,0.28,1.07
荣盛发展,2020-09-21,7.92,7.78,7.94,7.76,211711,172942681.0,2.28,-1.64,-0.13,0.54
荣盛发展,2020-09-22,7.71,7.75,7.84,7.68,220797,178948091.0,2.06,-0.39,-0.03,0.57
荣盛发展,2020-09-23,7.78,7.65,7.83,7.63,191014,153677772.0,2.58,-1.29,-0.1,0.49
荣盛发展,2020-09-24,7.64,7.5,7.64,7.5,166742,131507538.0,1.83,-1.96,-0.15,0.43
荣盛发展,2020-09-25,7.5,7.36,7.54,7.32,189922,147422319.0,2.93,-1.87,-0.14,0.49
荣盛发展,2020-09-28,7.38,7.43,7.47,7.37,155076,120566702.0,1.36,0.95,0.07,0.4
荣盛发展,2020-09-29,7.47,7.4,7.48,7.38,128057,99619559.0,1.35,-0.4,-0.03,0.33
荣盛发展,2020-09-30,7.42,7.28,7.44,7.25,155732,119686279.0,2.57,-1.62,-0.12,0.4
荣盛发展,2020-10-09,7.37,7.38,7.4,7.33,175526,135477929.0,0.96,1.37,0.1,0.45
荣盛发展,2020-10-12,7.39,7.57,7.58,7.39,218382,171732087.0,2.57,2.57,0.19,0.56
荣盛发展,2020-10-13,7.58,7.52,7.59,7.46,149714,117548904.0,1.72,-0.66,-0.05,0.38
荣盛发展,2020-10-14,7.5,7.43,7.51,7.39,154704,120463787.0,1.6,-1.2,-0.09,0.4
荣盛发展,2020-10-15,7.43,7.42,7.51,7.37,142384,110925904.0,1.88,-0.13,-0.01,0.37
荣盛发展,2020-10-16,7.43,7.5,7.52,7.41,154082,120559762.0,1.48,1.08,0.08,0.4
荣盛发展,2020-10-19,7.49,7.45,7.65,7.44,192680,152000863.0,2.8,-0.67,-0.05,0.49
荣盛发展,2020-10-20,7.42,7.42,7.45,7.34,139913,108331204.0,1.48,-0.4,-0.03,0.36
荣盛发展,2020-10-21,7.42,7.45,7.48,7.38,127169,98934676.0,1.35,0.4,0.03,0.33
荣盛发展,2020-10-22,7.43,7.49,7.51,7.39,135547,105753358.0,1.61,0.54,0.04,0.35
荣盛发展,2020-10-23,7.49,7.51,7.57,7.45,151323,118926638.0,1.6,0.27,0.02,0.39
荣盛发展,2020-10-26,7.35,7.04,7.37,6.99,537277,402096656.0,5.06,-6.26,-0.47,1.38
荣盛发展,2020-10-27,7.01,6.83,7.02,6.8,351915,254266486.0,3.13,-2.98,-0.21,0.9
荣盛发展,2020-10-28,6.87,6.84,6.88,6.82,219257,157590857.0,0.88,0.15,0.01,0.56
荣盛发展,2020-10-29,6.78,6.82,6.85,6.74,167568,119739271.0,1.61,-0.29,-0.02,0.43
荣盛发展,2020-10-30,6.82,6.68,6.88,6.68,212417,151233013.0,2.93,-2.05,-0.14,0.55
荣盛发展,2020-11-02,6.66,6.67,6.73,6.66,162257,114173022.0,1.05,-0.15,-0.01,0.42
荣盛发展,2020-11-03,6.71,6.8,6.81,6.68,142058,100990143.0,1.95,1.95,0.13,0.36
荣盛发展,2020-11-04,6.81,6.79,6.81,6.71,127191,90394109.0,1.47,-0.15,-0.01,0.33
荣盛发展,2020-11-05,6.82,6.89,6.92,6.8,191118,137794043.0,1.77,1.47,0.1,0.49
荣盛发展,2020-11-06,6.89,6.88,6.93,6.86,139072,100637282.0,1.02,-0.15,-0.01,0.36
荣盛发展,2020-11-09,6.93,6.95,6.97,6.89,204041,148564799.0,1.16,1.02,0.07,0.52
荣盛发展,2020-11-10,6.98,6.89,7.02,6.86,200758,146229391.0,2.3,-0.86,-0.06,0.52
荣盛发展,2020-11-11,6.88,6.89,6.97,6.83,214757,155910056.0,2.03,0.0,0.0,0.55
荣盛发展,2020-11-12,6.9,6.79,6.91,6.79,194441,139523990.0,1.74,-1.45,-0.1,0.5
荣盛发展,2020-11-13,6.79,6.7,6.8,6.66,206558,145662763.0,2.06,-1.33,-0.09,0.53
荣盛发展,2020-11-16,6.72,6.8,6.81,6.71,166497,118442818.0,1.49,1.49,0.1,0.43
荣盛发展,2020-11-17,6.82,7.01,7.04,6.82,423929,309698656.0,3.24,3.09,0.21,1.09
荣盛发展,2020-11-18,7.05,7.02,7.1,6.94,293827,216699373.0,2.28,0.14,0.01,0.75
荣盛发展,2020-11-19,7.0,6.93,7.05,6.9,256477,187272121.0,2.14,-1.28,-0.09,0.66
荣盛发展,2020-11-20,6.92,6.89,6.93,6.83,188585,136332976.0,1.44,-0.58,-0.04,0.48
荣盛发展,2020-11-23,6.89,6.98,7.02,6.88,239820,175293716.0,2.03,1.31,0.09,0.62
荣盛发展,2020-11-24,6.98,6.96,7.02,6.93,164818,120720084.0,1.29,-0.29,-0.02,0.42
荣盛发展,2020-11-25,6.99,6.91,7.09,6.91,266822,196279674.0,2.59,-0.72,-0.05,0.69
荣盛发展,2020-11-26,6.95,6.9,6.95,6.83,151778,109809435.0,1.74,-0.14,-0.01,0.39
荣盛发展,2020-11-27,6.92,6.98,7.0,6.87,216497,157815151.0,1.88,1.16,0.08,0.56
荣盛发展,2020-11-30,7.0,6.96,7.16,6.96,460602,342132528.0,2.87,-0.29,-0.02,1.18
荣盛发展,2020-12-01,6.97,7.04,7.07,6.87,300917,220237020.0,2.87,1.15,0.08,0.77
荣盛发展,2020-12-02,7.04,7.08,7.14,7.0,257934,191782984.0,1.99,0.57,0.04,0.66
荣盛发展,2020-12-03,7.09,7.03,7.11,7.0,186962,138271519.0,1.55,-0.71,-0.05,0.48
荣盛发展,2020-12-04,7.03,6.93,7.03,6.9,228751,166779231.0,1.85,-1.42,-0.1,0.59
荣盛发展,2020-12-07,6.94,6.84,6.96,6.82,177970,128377592.0,2.02,-1.3,-0.09,0.46
荣盛发展,2020-12-08,6.88,6.8,6.88,6.79,187441,134474694.0,1.32,-0.58,-0.04,0.48
荣盛发展,2020-12-09,6.81,6.72,6.84,6.71,208459,148454317.0,1.91,-1.18,-0.08,0.54
荣盛发展,2020-12-10,6.72,6.7,6.75,6.69,210844,148967857.0,0.89,-0.3,-0.02,0.54
荣盛发展,2020-12-11,6.7,6.64,6.71,6.58,269489,188096183.0,1.94,-0.9,-0.06,0.69
荣盛发展,2020-12-14,6.65,6.61,6.67,6.59,251775,175778619.0,1.2,-0.45,-0.03,0.65
荣盛发展,2020-12-15,6.6,6.49,6.61,6.47,277757,190155059.0,2.12,-1.82,-0.12,0.71
荣盛发展,2020-12-16,6.51,6.5,6.55,6.47,169448,116163382.0,1.23,0.15,0.01,0.44
荣盛发展,2020-12-17,6.49,6.54,6.55,6.44,171787,117731524.0,1.69,0.62,0.04,0.44
荣盛发展,2020-12-18,6.58,6.52,6.58,6.5,124543,85773880.0,1.22,-0.31,-0.02,0.32
荣盛发展,2020-12-21,6.5,6.49,6.52,6.42,135880,92750732.0,1.53,-0.46,-0.03,0.35
荣盛发展,2020-12-22,6.49,6.39,6.5,6.38,182034,123567622.0,1.85,-1.54,-0.1,0.47
荣盛发展,2020-12-23,6.39,6.32,6.41,6.28,184986,123855268.0,2.03,-1.1,-0.07,0.48
荣盛发展,2020-12-24,6.32,6.16,6.34,6.14,279631,183443114.0,3.16,-2.53,-0.16,0.72
荣盛发展,2020-12-25,6.16,6.18,6.22,6.1,199567,129663099.0,1.95,0.32,0.02,0.51
荣盛发展,2020-12-28,6.16,6.09,6.16,6.06,187432,120884462.0,1.62,-1.46,-0.09,0.48
荣盛发展,2020-12-29,6.11,6.17,6.2,6.09,167415,109011311.0,1.81,1.31,0.08,0.43
荣盛发展,2020-12-30,6.17,6.13,6.18,6.08,167236,108169229.0,1.62,-0.65,-0.04,0.43
荣盛发展,2020-12-31,6.12,6.18,6.22,6.11,233498,152466269.0,1.79,0.82,0.05,0.6
荣盛发展,2021-01-04,6.15,6.06,6.15,6.01,297801,191128501.0,2.27,-1.94,-0.12,0.76
荣盛发展,2021-01-05,6.06,6.14,6.15,5.97,333639,213363281.0,2.97,1.32,0.08,0.86
荣盛发展,2021-01-06,6.12,6.12,6.17,6.1,193356,125398790.0,1.14,-0.33,-0.02,0.5
荣盛发展,2021-01-07,6.16,6.01,6.18,5.97,288061,184546143.0,3.43,-1.8,-0.11,0.74
荣盛发展,2021-01-08,5.98,6.04,6.08,5.94,289955,184798843.0,2.33,0.5,0.03,0.74
荣盛发展,2021-01-11,6.03,5.95,6.09,5.93,278645,176975023.0,2.65,-1.49,-0.09,0.72
荣盛发展,2021-01-12,5.95,5.9,5.97,5.83,324695,202318224.0,2.35,-0.84,-0.05,0.83
荣盛发展,2021-01-13,5.9,5.98,6.09,5.81,342431,215568703.0,4.75,1.36,0.08,0.88
荣盛发展,2021-01-14,6.0,6.12,6.16,5.96,346245,222675714.0,3.34,2.34,0.14,0.89
荣盛发展,2021-01-15,6.12,6.12,6.15,6.08,278819,180393034.0,1.14,0.0,0.0,0.72
荣盛发展,2021-01-18,6.1,6.21,6.22,6.06,328602,213246287.0,2.61,1.47,0.09,0.84
荣盛发展,2021-01-19,6.21,6.38,6.44,6.14,505883,336843936.0,4.83,2.74,0.17,1.3
荣盛发展,2021-01-20,6.32,6.22,6.34,6.18,236291,155976807.0,2.51,-2.51,-0.16,0.61
荣盛发展,2021-01-21,6.21,6.15,6.22,6.12,202521,132056595.0,1.61,-1.13,-0.07,0.52
荣盛发展,2021-01-22,6.14,6.01,6.15,5.99,182510,116512394.0,2.6,-2.28,-0.14,0.47
荣盛发展,2021-01-25,5.98,5.91,6.1,5.85,193861,121489517.0,4.16,-1.66,-0.1,0.5
荣盛发展,2021-01-26,5.88,5.89,5.98,5.85,151889,95235052.0,2.2,-0.34,-0.02,0.39
荣盛发展,2021-01-27,5.89,5.91,6.01,5.89,169320,106490902.0,2.04,0.34,0.02,0.43
荣盛发展,2021-01-28,5.9,5.9,5.91,5.84,145340,90498682.0,1.18,-0.17,-0.01,0.37
荣盛发展,2021-01-29,5.92,5.93,6.01,5.84,226369,142348724.0,2.88,0.51,0.03,0.58
荣盛发展,2021-02-01,5.92,5.91,5.95,5.85,215545,134610787.0,1.69,-0.34,-0.02,0.55
荣盛发展,2021-02-02,5.89,5.88,5.97,5.87,152807,95686986.0,1.69,-0.51,-0.03,0.39
荣盛发展,2021-02-03,5.89,5.63,5.89,5.62,384309,232425086.0,4.59,-4.25,-0.25,0.99
荣盛发展,2021-02-04,5.67,5.7,5.71,5.6,302275,181745690.0,1.95,1.24,0.07,0.78
荣盛发展,2021-02-05,5.71,5.99,6.1,5.63,684052,426207920.0,8.25,5.09,0.29,1.76
荣盛发展,2021-02-08,6.02,6.1,6.15,5.94,366209,235123603.0,3.51,1.84,0.11,0.94
荣盛发展,2021-02-09,6.09,6.06,6.1,5.99,238836,152663523.0,1.8,-0.66,-0.04,0.61
荣盛发展,2021-02-10,6.08,6.03,6.11,5.96,194467,124135963.0,2.48,-0.5,-0.03,0.5
荣盛发展,2021-02-18,6.04,6.19,6.22,6.04,320379,207626691.0,2.99,2.65,0.16,0.82
荣盛发展,2021-02-19,6.17,6.31,6.37,6.11,343056,227538273.0,4.2,1.94,0.12,0.88
荣盛发展,2021-02-22,6.31,6.31,6.42,6.27,350064,234393020.0,2.38,0.0,0.0,0.9
荣盛发展,2021-02-23,6.28,6.2,6.34,6.18,244460,161319849.0,2.54,-1.74,-0.11,0.63
荣盛发展,2021-02-24,6.2,6.18,6.28,6.14,278130,182538758.0,2.26,-0.32,-0.02,0.71
荣盛发展,2021-02-25,6.22,6.53,6.7,6.21,951719,655016128.0,7.93,5.66,0.35,2.44
荣盛发展,2021-02-26,6.4,6.29,6.47,6.25,556505,372904720.0,3.37,-3.68,-0.24,1.43
荣盛发展,2021-03-01,6.3,6.33,6.35,6.24,287998,191355442.0,1.75,0.64,0.04,0.74
荣盛发展,2021-03-02,6.33,6.16,6.39,6.12,356755,234794423.0,4.27,-2.69,-0.17,0.92
荣盛发展,2021-03-03,6.17,6.29,6.31,6.16,252614,166451796.0,2.44,2.11,0.13,0.65
荣盛发展,2021-03-04,6.26,6.26,6.33,6.22,251420,166300023.0,1.75,-0.48,-0.03,0.65
荣盛发展,2021-03-05,6.22,6.21,6.28,6.14,217568,142614710.0,2.24,-0.8,-0.05,0.56
荣盛发展,2021-03-08,6.23,6.15,6.27,6.14,262986,172375847.0,2.09,-0.97,-0.06,0.68
荣盛发展,2021-03-09,6.18,6.08,6.26,6.04,281442,182272644.0,3.58,-1.14,-0.07,0.72
荣盛发展,2021-03-10,6.1,5.97,6.16,5.95,248459,158572137.0,3.45,-1.81,-0.11,0.64
荣盛发展,2021-03-11,5.96,6.04,6.06,5.95,207450,131812587.0,1.84,1.17,0.07,0.53
荣盛发展,2021-03-12,6.04,6.16,6.23,5.99,267567,172948591.0,3.97,1.99,0.12,0.69
荣盛发展,2021-03-15,6.17,6.21,6.27,6.14,219722,144071536.0,2.11,0.81,0.05,0.56
荣盛发展,2021-03-16,6.23,6.31,6.36,6.17,383895,253471678.0,3.06,1.61,0.1,0.99
荣盛发展,2021-03-17,6.29,6.26,6.34,6.23,228232,151102390.0,1.74,-0.79,-0.05,0.59
荣盛发展,2021-03-18,6.27,6.27,6.32,6.24,165628,109857260.0,1.28,0.16,0.01,0.43
荣盛发展,2021-03-19,6.23,6.13,6.23,6.1,214682,139686959.0,2.07,-2.23,-0.14,0.55
荣盛发展,2021-03-22,6.13,6.21,6.21,6.11,141405,92318735.0,1.63,1.31,0.08,0.36
荣盛发展,2021-03-23,6.21,6.18,6.22,6.14,127247,83037123.0,1.29,-0.48,-0.03,0.33
荣盛发展,2021-03-24,6.17,6.12,6.17,6.1,158906,103013641.0,1.13,-0.97,-0.06,0.41
荣盛发展,2021-03-25,6.11,6.11,6.15,6.09,108199,69972507.0,0.98,-0.16,-0.01,0.28
荣盛发展,2021-03-26,6.11,6.14,6.17,6.11,108285,70364001.0,0.98,0.49,0.03,0.28
荣盛发展,2021-03-29,6.13,6.1,6.15,6.08,136641,88315991.0,1.14,-0.65,-0.04,0.35
荣盛发展,2021-03-30,6.1,6.06,6.11,6.02,125085,80107882.0,1.48,-0.66,-0.04,0.32
荣盛发展,2021-03-31,6.04,6.1,6.11,6.04,118474,76088731.0,1.16,0.66,0.04,0.3
荣盛发展,2021-04-01,6.1,6.09,6.12,6.07,100307,64656366.0,0.82,-0.16,-0.01,0.26
荣盛发展,2021-04-02,6.12,6.21,6.24,6.09,187463,122503660.0,2.46,1.97,0.12,0.48
荣盛发展,2021-04-06,6.21,6.19,6.21,6.17,119057,77841130.0,0.64,-0.32,-0.02,0.31
荣盛发展,2021-04-07,6.2,6.27,6.28,6.17,183112,120575289.0,1.78,1.29,0.08,0.47
荣盛发展,2021-04-08,6.24,6.16,6.24,6.16,137485,89891284.0,1.28,-1.75,-0.11,0.35
荣盛发展,2021-04-09,6.16,6.12,6.17,6.09,105039,67953606.0,1.3,-0.65,-0.04,0.27
荣盛发展,2021-04-12,6.1,6.09,6.13,6.07,117024,75453648.0,0.98,-0.49,-0.03,0.3
荣盛发展,2021-04-13,6.09,6.02,6.11,6.0,119213,76274408.0,1.81,-1.15,-0.07,0.31
荣盛发展,2021-04-14,6.02,5.99,6.04,5.95,147310,93215331.0,1.5,-0.5,-0.03,0.38
荣盛发展,2021-04-15,5.99,5.97,6.0,5.93,98871,62366908.0,1.17,-0.33,-0.02,0.25
荣盛发展,2021-04-16,5.98,6.15,6.16,5.96,251446,161887672.0,3.35,3.02,0.18,0.65
荣盛发展,2021-04-19,6.16,6.16,6.17,6.13,162903,105944796.0,0.65,0.16,0.01,0.42
荣盛发展,2021-04-20,6.14,6.16,6.22,6.11,166088,108072350.0,1.79,0.0,0.0,0.43
荣盛发展,2021-04-21,6.13,6.14,6.16,6.09,85227,55268398.0,1.14,-0.32,-0.02,0.22
荣盛发展,2021-04-22,6.15,6.2,6.26,6.15,126665,83032219.0,1.79,0.98,0.06,0.33
荣盛发展,2021-04-23,6.18,6.08,6.19,6.05,143126,92153978.0,2.26,-1.94,-0.12,0.37
荣盛发展,2021-04-26,6.07,6.05,6.09,6.02,131104,83962391.0,1.15,-0.49,-0.03,0.34
荣盛发展,2021-04-27,6.04,6.09,6.09,6.01,133350,85274737.0,1.32,0.66,0.04,0.34
荣盛发展,2021-04-28,5.86,5.81,5.93,5.79,491362,304322144.0,2.3,-4.6,-0.28,1.26
荣盛发展,2021-04-29,5.86,5.88,5.9,5.83,212764,132172153.0,1.2,1.2,0.07,0.55
荣盛发展,2021-04-30,5.89,5.81,5.89,5.73,345793,212565682.0,2.72,-1.19,-0.07,0.89
荣盛发展,2021-05-06,5.82,5.72,5.85,5.71,265078,161796555.0,2.41,-1.55,-0.09,0.68
荣盛发展,2021-05-07,5.75,5.74,5.77,5.71,159636,97056295.0,1.05,0.35,0.02,0.41
荣盛发展,2021-05-10,5.74,5.66,5.74,5.64,231000,138980313.0,1.74,-1.39,-0.08,0.59
荣盛发展,2021-05-11,5.68,5.74,5.75,5.67,165059,99998545.0,1.41,1.41,0.08,0.42
荣盛发展,2021-05-12,5.71,5.72,5.72,5.68,108457,65583276.0,0.7,-0.35,-0.02,0.28
荣盛发展,2021-05-13,5.7,5.7,5.73,5.67,122813,74277120.0,1.05,-0.35,-0.02,0.32
荣盛发展,2021-05-14,5.71,5.74,5.75,5.69,138312,84002743.0,1.05,0.7,0.04,0.36
荣盛发展,2021-05-17,5.74,5.98,6.02,5.72,517744,321907248.0,5.23,4.18,0.24,1.33
荣盛发展,2021-05-18,5.98,6.61,6.61,5.97,1630822,1103772144.0,10.7,10.54,0.63,4.19
荣盛发展,2021-05-19,6.45,6.21,6.58,6.07,1164947,771913264.0,7.72,-6.05,-0.4,2.99
荣盛发展,2021-05-20,6.15,6.08,6.21,6.07,639495,413632224.0,2.25,-2.09,-0.13,1.64
荣盛发展,2021-05-21,6.06,5.99,6.18,5.97,504450,322847264.0,3.45,-1.48,-0.09,1.3
荣盛发展,2021-05-24,6.02,6.01,6.07,5.97,320363,204041481.0,1.67,0.33,0.02,0.82
荣盛发展,2021-05-25,6.02,5.95,6.03,5.86,461679,289998864.0,2.83,-1.0,-0.06,1.19
荣盛发展,2021-05-26,5.94,6.11,6.16,5.91,576882,370841520.0,4.2,2.69,0.16,1.48
荣盛发展,2021-05-27,6.08,6.13,6.17,6.05,309122,199856663.0,1.96,0.33,0.02,0.79
荣盛发展,2021-05-28,6.1,5.98,6.12,5.95,390973,248361966.0,2.77,-2.45,-0.15,1.0
荣盛发展,2021-05-31,5.97,5.94,6.03,5.91,293562,185214464.0,2.01,-0.67,-0.04,0.75
荣盛发展,2021-06-01,5.94,5.93,5.97,5.9,240304,150837757.0,1.18,-0.17,-0.01,0.62
荣盛发展,2021-06-02,5.91,5.9,5.95,5.88,222758,139402872.0,1.18,-0.51,-0.03,0.57
荣盛发展,2021-06-03,5.91,5.81,5.92,5.8,381841,236787044.0,2.03,-1.53,-0.09,0.98
荣盛发展,2021-06-04,5.81,5.76,5.82,5.72,322351,196928271.0,1.72,-0.86,-0.05,0.83
荣盛发展,2021-06-07,5.76,5.69,5.76,5.67,254834,154178965.0,1.56,-1.22,-0.07,0.65
荣盛发展,2021-06-08,5.7,5.71,5.75,5.68,198862,120538820.0,1.23,0.35,0.02,0.51
荣盛发展,2021-06-09,5.71,5.69,5.74,5.69,210466,127435408.0,0.88,-0.35,-0.02,0.54
荣盛发展,2021-06-10,5.68,5.7,5.74,5.67,231476,140332250.0,1.23,0.18,0.01,0.59
荣盛发展,2021-06-11,5.7,5.71,5.75,5.69,306925,186428135.0,1.05,0.18,0.01,0.79
荣盛发展,2021-06-15,5.72,5.57,5.74,5.57,401480,239997283.0,2.98,-2.45,-0.14,1.03
荣盛发展,2021-06-16,5.55,5.57,5.63,5.53,193225,114786976.0,1.8,0.0,0.0,0.5
荣盛发展,2021-06-17,5.57,5.54,5.61,5.54,166433,98393679.0,1.26,-0.54,-0.03,0.43
荣盛发展,2021-06-18,5.53,5.39,5.54,5.37,327608,189171992.0,3.07,-2.71,-0.15,0.84
荣盛发展,2021-06-21,5.42,5.36,5.42,5.35,164807,94500339.0,1.3,-0.56,-0.03,0.42
荣盛发展,2021-06-22,5.33,5.35,5.39,5.33,132768,75758330.0,1.12,-0.19,-0.01,0.34
荣盛发展,2021-06-23,5.34,5.38,5.39,5.33,128688,73541429.0,1.12,0.56,0.03,0.33
荣盛发展,2021-06-24,5.38,5.4,5.42,5.34,156990,90100322.0,1.49,0.37,0.02,0.4
荣盛发展,2021-06-25,5.39,5.42,5.42,5.37,111515,64120288.0,0.93,0.37,0.02,0.29
荣盛发展,2021-06-28,5.43,5.34,5.43,5.33,172665,98611220.0,1.85,-1.48,-0.08,0.44
荣盛发展,2021-06-29,5.33,5.29,5.35,5.28,147226,83274108.0,1.31,-0.94,-0.05,0.38
荣盛发展,2021-06-30,5.29,5.29,5.32,5.28,95859,54103597.0,0.76,0.0,0.0,0.25
荣盛发展,2021-07-01,5.3,5.4,5.44,5.28,211089,120662295.0,3.02,2.08,0.11,0.54
荣盛发展,2021-07-02,5.37,5.3,5.38,5.28,161101,91199305.0,1.85,-1.85,-0.1,0.41
荣盛发展,2021-07-05,5.3,5.24,5.3,5.22,121089,67729908.0,1.51,-1.13,-0.06,0.31
荣盛发展,2021-07-06,5.23,5.33,5.37,5.23,186133,105415230.0,2.67,1.72,0.09,0.48
荣盛发展,2021-07-07,5.3,5.26,5.34,5.26,114404,64449208.0,1.5,-1.31,-0.07,0.29
荣盛发展,2021-07-08,5.28,5.25,5.29,5.23,157083,87963550.0,1.14,-0.19,-0.01,0.4
荣盛发展,2021-07-09,5.25,5.28,5.3,5.23,112337,63164282.0,1.33,0.57,0.03,0.29
荣盛发展,2021-07-12,5.33,5.27,5.33,5.26,125178,70581759.0,1.33,-0.19,-0.01,0.32
荣盛发展,2021-07-13,5.27,5.28,5.31,5.24,115604,65013681.0,1.33,0.19,0.01,0.3
荣盛发展,2021-07-14,5.27,5.21,5.28,5.21,136866,76338536.0,1.33,-1.33,-0.07,0.35
荣盛发展,2021-07-15,5.25,5.23,5.25,5.19,126610,70574123.0,1.15,0.38,0.02,0.33
荣盛发展,2021-07-16,5.22,5.24,5.26,5.2,97224,54301618.0,1.15,0.19,0.01,0.25
荣盛发展,2021-07-19,5.24,5.19,5.24,5.17,96469,53419955.0,1.34,-0.95,-0.05,0.25
荣盛发展,2021-07-20,5.18,5.14,5.18,5.12,114626,62959856.0,1.16,-0.96,-0.05,0.29
荣盛发展,2021-07-21,5.13,5.09,5.15,4.99,251007,136044180.0,3.11,-0.97,-0.05,0.64
荣盛发展,2021-07-22,5.06,5.14,5.16,5.03,238942,131006403.0,2.55,0.98,0.05,0.61
荣盛发展,2021-07-23,5.17,5.11,5.18,5.1,189065,97089724.0,1.56,-0.58,-0.03,0.49
荣盛发展,2021-07-26,5.08,4.88,5.08,4.87,262446,129629082.0,4.11,-4.5,-0.23,0.67
荣盛发展,2021-07-27,4.88,4.62,4.9,4.59,332391,156943164.0,6.35,-5.33,-0.26,0.85
荣盛发展,2021-07-28,4.62,4.66,4.71,4.6,200467,93357303.0,2.38,0.87,0.04,0.51
荣盛发展,2021-07-29,4.67,4.51,4.7,4.49,294517,133955751.0,4.51,-3.22,-0.15,0.76
荣盛发展,2021-07-30,4.5,4.55,4.57,4.4,223019,100376300.0,3.77,0.89,0.04,0.57
荣盛发展,2021-08-02,4.54,4.62,4.64,4.45,207652,94715004.0,4.18,1.54,0.07,0.53
荣盛发展,2021-08-03,4.6,4.6,4.66,4.58,167630,77414572.0,1.73,-0.43,-0.02,0.43
荣盛发展,2021-08-04,4.65,4.61,4.68,4.6,170375,78852946.0,1.74,0.22,0.01,0.44
荣盛发展,2021-08-05,4.6,4.75,4.82,4.59,369301,175686919.0,4.99,3.04,0.14,0.95
荣盛发展,2021-08-06,4.73,4.75,4.76,4.65,175817,82775826.0,2.32,0.0,0.0,0.45
荣盛发展,2021-08-09,4.73,4.92,4.99,4.69,320063,156725083.0,6.32,3.58,0.17,0.82
荣盛发展,2021-08-10,4.91,4.89,4.92,4.83,148568,72353325.0,1.83,-0.61,-0.03,0.38
荣盛发展,2021-08-11,4.94,5.01,5.17,4.94,413048,208929993.0,4.7,2.45,0.12,1.06
荣盛发展,2021-08-12,5.0,5.0,5.06,4.95,179487,89504167.0,2.2,-0.2,-0.01,0.46
荣盛发展,2021-08-13,4.98,4.99,5.03,4.94,124944,62369740.0,1.8,-0.2,-0.01,0.32
荣盛发展,2021-08-16,5.02,5.1,5.13,5.0,245457,125009643.0,2.61,2.2,0.11,0.63
荣盛发展,2021-08-17,5.11,5.07,5.18,5.06,244112,125095023.0,2.35,-0.59,-0.03,0.63
荣盛发展,2021-08-18,5.07,5.13,5.16,5.01,238318,121275533.0,2.96,1.18,0.06,0.61
荣盛发展,2021-08-19,5.1,5.04,5.14,5.02,142379,72197112.0,2.34,-1.75,-0.09,0.37
荣盛发展,2021-08-20,5.06,5.03,5.09,4.98,224533,112730696.0,2.18,-0.2,-0.01,0.58
荣盛发展,2021-08-23,5.06,4.89,5.07,4.89,280449,138912807.0,3.58,-2.78,-0.14,0.72
荣盛发展,2021-08-24,4.89,4.91,4.98,4.86,176367,86597915.0,2.45,0.41,0.02,0.45
荣盛发展,2021-08-25,4.94,4.88,4.94,4.85,162088,79058046.0,1.83,-0.61,-0.03,0.42
荣盛发展,2021-08-26,4.86,4.82,4.92,4.81,173400,84221440.0,2.25,-1.23,-0.06,0.45
荣盛发展,2021-08-27,4.84,4.76,4.85,4.74,139043,66289381.0,2.28,-1.24,-0.06,0.36
荣盛发展,2021-08-30,4.74,4.61,4.74,4.57,369574,171263377.0,3.57,-3.15,-0.15,0.95
荣盛发展,2021-08-31,4.62,4.75,4.75,4.61,255419,119856099.0,3.04,3.04,0.14,0.66
荣盛发展,2021-09-01,4.73,4.9,4.93,4.72,332996,161972930.0,4.42,3.16,0.15,0.86
荣盛发展,2021-09-02,4.91,4.94,4.98,4.85,241693,119013125.0,2.65,0.82,0.04,0.62
荣盛发展,2021-09-03,4.95,5.0,5.02,4.91,288454,143713523.0,2.23,1.21,0.06,0.74
荣盛发展,2021-09-06,5.01,4.99,5.03,4.93,230404,114859868.0,2.0,-0.2,-0.01,0.59
荣盛发展,2021-09-07,4.99,5.07,5.1,4.99,248709,125772722.0,2.2,1.6,0.08,0.64
荣盛发展,2021-09-08,5.08,5.12,5.14,5.06,212288,108486268.0,1.58,0.99,0.05,0.55
荣盛发展,2021-09-09,5.14,5.13,5.16,5.06,231812,118701779.0,1.95,0.2,0.01,0.6
荣盛发展,2021-09-10,5.12,5.12,5.21,5.1,265450,136543181.0,2.14,-0.19,-0.01,0.68
荣盛发展,2021-09-13,5.11,5.16,5.19,5.07,230291,118782235.0,2.34,0.78,0.04,0.59
荣盛发展,2021-09-14,5.23,4.98,5.23,4.98,318326,161609058.0,4.84,-3.49,-0.18,0.82
荣盛发展,2021-09-15,4.99,4.9,5.03,4.88,280565,138611303.0,3.01,-1.61,-0.08,0.72
荣盛发展,2021-09-16,4.9,4.77,4.94,4.75,262821,127323077.0,3.88,-2.65,-0.13,0.68
荣盛发展,2021-09-17,4.78,4.74,4.8,4.71,190280,90384340.0,1.89,-0.63,-0.03,0.49
荣盛发展,2021-09-22,4.6,4.77,4.77,4.59,243687,114436925.0,3.8,0.63,0.03,0.63
荣盛发展,2021-09-23,4.77,4.9,5.08,4.77,485694,241160152.0,6.5,2.73,0.13,1.25
荣盛发展,2021-09-24,4.92,4.81,4.95,4.81,227001,110606289.0,2.86,-1.84,-0.09,0.58
荣盛发展,2021-09-27,4.81,4.7,4.83,4.66,233393,110246536.0,3.53,-2.29,-0.11,0.6
荣盛发展,2021-09-28,4.75,4.89,4.92,4.75,321591,156241430.0,3.62,4.04,0.19,0.83
荣盛发展,2021-09-29,4.88,4.78,4.94,4.76,286769,138365430.0,3.68,-2.25,-0.11,0.74
荣盛发展,2021-09-30,4.84,4.82,4.95,4.77,329216,158757804.0,3.77,0.84,0.04,0.85
荣盛发展,2021-10-08,4.87,4.83,4.89,4.78,233472,112559399.0,2.28,0.21,0.01,0.6
荣盛发展,2021-10-11,4.83,4.84,4.89,4.81,222604,107971100.0,1.66,0.21,0.01,0.57
荣盛发展,2021-10-12,4.83,4.84,4.94,4.81,279541,136276997.0,2.69,0.0,0.0,0.72
荣盛发展,2021-10-13,4.86,4.81,4.86,4.77,123415,59350885.0,1.86,-0.62,-0.03,0.32
荣盛发展,2021-10-14,4.83,4.72,4.83,4.7,170774,81052704.0,2.7,-1.87,-0.09,0.44
荣盛发展,2021-10-15,4.73,4.64,4.73,4.62,198979,92639210.0,2.33,-1.69,-0.08,0.51
荣盛发展,2021-10-18,4.63,4.62,4.64,4.58,181200,83576880.0,1.29,-0.43,-0.02,0.47
荣盛发展,2021-10-19,4.6,4.62,4.64,4.59,116661,53850745.0,1.08,0.0,0.0,0.3
荣盛发展,2021-10-20,4.62,4.57,4.63,4.57,136403,62640384.0,1.3,-1.08,-0.05,0.35
荣盛发展,2021-10-21,4.6,4.65,4.69,4.6,180912,84130479.0,1.97,1.75,0.08,0.46
荣盛发展,2021-10-22,4.68,4.73,4.85,4.68,308283,147117324.0,3.66,1.72,0.08,0.79
荣盛发展,2021-10-25,4.67,4.63,4.74,4.59,305269,141807079.0,3.17,-2.11,-0.1,0.78
荣盛发展,2021-10-26,4.61,4.53,4.65,4.53,187985,86019260.0,2.59,-2.16,-0.1,0.48
荣盛发展,2021-10-27,4.54,4.44,4.54,4.42,178979,80039538.0,2.65,-1.99,-0.09,0.46
荣盛发展,2021-10-28,4.44,4.36,4.46,4.34,209498,91437914.0,2.7,-1.8,-0.08,0.54
荣盛发展,2021-10-29,4.31,4.29,4.35,4.26,280363,120674389.0,2.06,-1.61,-0.07,0.72
荣盛发展,2021-11-01,4.29,4.33,4.35,4.26,218567,94035631.0,2.1,0.93,0.04,0.56
荣盛发展,2021-11-02,4.31,4.22,4.34,4.19,251359,107028786.0,3.46,-2.54,-0.11,0.65
荣盛发展,2021-11-03,4.22,4.26,4.3,4.21,142983,60900579.0,2.13,0.95,0.04,0.37
荣盛发展,2021-11-04,4.28,4.2,4.28,4.17,181273,76155288.0,2.58,-1.41,-0.06,0.47
荣盛发展,2021-11-05,4.18,4.08,4.2,4.06,294446,121235777.0,3.33,-2.86,-0.12,0.76
荣盛发展,2021-11-08,4.09,4.05,4.11,4.03,249053,101293040.0,1.96,-0.74,-0.03,0.64
荣盛发展,2021-11-09,4.05,4.06,4.08,4.04,138787,56396284.0,0.99,0.25,0.01,0.36
荣盛发展,2021-11-10,4.07,4.18,4.2,4.06,302111,124682723.0,3.45,2.96,0.12,0.78
荣盛发展,2021-11-11,4.19,4.47,4.51,4.18,687134,301649328.0,7.89,6.94,0.29,1.76
荣盛发展,2021-11-12,4.41,4.33,4.42,4.28,419524,182112700.0,3.13,-3.13,-0.14,1.08
荣盛发展,2021-11-15,4.31,4.31,4.33,4.27,214694,92314083.0,1.39,-0.46,-0.02,0.55
荣盛发展,2021-11-16,4.3,4.27,4.35,4.25,172342,73989455.0,2.32,-0.93,-0.04,0.44
荣盛发展,2021-11-17,4.25,4.26,4.29,4.24,121701,51883857.0,1.17,-0.23,-0.01,0.31
荣盛发展,2021-11-18,4.25,4.19,4.26,4.17,178662,75250941.0,2.11,-1.64,-0.07,0.46
荣盛发展,2021-11-19,4.18,4.32,4.34,4.17,271992,115910420.0,4.06,3.1,0.13,0.7
荣盛发展,2021-11-22,4.31,4.22,4.32,4.21,246436,104290045.0,2.55,-2.31,-0.1,0.63
荣盛发展,2021-11-23,4.21,4.22,4.27,4.2,179472,76002423.0,1.66,0.0,0.0,0.46
荣盛发展,2021-11-24,4.22,4.27,4.29,4.22,212442,90525986.0,1.66,1.18,0.05,0.55
荣盛发展,2021-11-25,4.28,4.25,4.31,4.25,143111,61052974.0,1.41,-0.47,-0.02,0.37
荣盛发展,2021-11-26,4.24,4.2,4.25,4.19,136501,57582128.0,1.41,-1.18,-0.05,0.35
荣盛发展,2021-11-29,4.16,4.14,4.18,4.13,128751,53527565.0,1.19,-1.43,-0.06,0.33
荣盛发展,2021-11-30,4.14,4.14,4.2,4.14,144293,60079899.0,1.45,0.0,0.0,0.37
荣盛发展,2021-12-01,4.15,4.23,4.24,4.14,155834,65523262.0,2.42,2.17,0.09,0.4
荣盛发展,2021-12-02,4.22,4.23,4.26,4.19,186038,78814329.0,1.65,0.0,0.0,0.48
荣盛发展,2021-12-03,4.23,4.27,4.29,4.2,184686,78410186.0,2.13,0.95,0.04,0.47
荣盛发展,2021-12-06,4.3,4.26,4.37,4.24,266020,114449534.0,3.04,-0.23,-0.01,0.68
荣盛发展,2021-12-07,4.32,4.35,4.4,4.29,433829,188557698.0,2.58,2.11,0.09,1.11
荣盛发展,2021-12-08,4.35,4.34,4.36,4.29,222787,96288288.0,1.61,-0.23,-0.01,0.57
荣盛发展,2021-12-09,4.34,4.39,4.42,4.32,329275,144317279.0,2.3,1.15,0.05,0.85
荣盛发展,2021-12-10,4.37,4.38,4.45,4.35,318305,140211983.0,2.28,-0.23,-0.01,0.82
荣盛发展,2021-12-13,4.38,4.31,4.41,4.31,246301,107208890.0,2.28,-1.6,-0.07,0.63
荣盛发展,2021-12-14,4.29,4.22,4.31,4.21,253796,107699494.0,2.32,-2.09,-0.09,0.65
荣盛发展,2021-12-15,4.2,4.25,4.29,4.19,197483,84066399.0,2.37,0.71,0.03,0.51
荣盛发展,2021-12-16,4.25,4.27,4.28,4.21,187596,79758675.0,1.65,0.47,0.02,0.48
荣盛发展,2021-12-17,4.25,4.25,4.32,4.24,290678,124184949.0,1.87,-0.47,-0.02,0.75
荣盛发展,2021-12-20,4.25,4.31,4.37,4.24,544001,234951060.0,3.06,1.41,0.06,1.4
荣盛发展,2021-12-21,4.33,4.62,4.67,4.31,1219550,552383232.0,8.35,7.19,0.31,3.13
荣盛发展,2021-12-22,4.65,4.46,4.67,4.44,819813,369279216.0,4.98,-3.46,-0.16,2.11
荣盛发展,2021-12-23,4.42,4.39,4.47,4.36,412631,181424865.0,2.47,-1.57,-0.07,1.06
荣盛发展,2021-12-24,4.37,4.34,4.39,4.31,273284,118591696.0,1.82,-1.14,-0.05,0.7
荣盛发展,2021-12-27,4.38,4.38,4.44,4.36,282273,124042282.0,1.84,0.92,0.04,0.73
荣盛发展,2021-12-28,4.39,4.35,4.39,4.32,204006,88740107.0,1.6,-0.68,-0.03,0.52
荣盛发展,2021-12-29,4.36,4.32,4.36,4.32,185013,80226897.0,0.92,-0.69,-0.03,0.48
荣盛发展,2021-12-30,4.32,4.33,4.36,4.32,187486,81306405.0,0.93,0.23,0.01,0.48
荣盛发展,2021-12-31,4.33,4.35,4.39,4.32,258869,112687778.0,1.62,0.46,0.02,0.67
荣盛发展,2022-01-04,4.35,4.42,4.43,4.32,349504,153544435.0,2.53,1.61,0.07,0.9
荣盛发展,2022-01-05,4.42,4.44,4.52,4.41,426248,190159344.0,2.49,0.45,0.02,1.1
荣盛发展,2022-01-06,4.42,4.47,4.53,4.42,311507,139763933.0,2.48,0.68,0.03,0.8
荣盛发展,2022-01-07,4.49,4.61,4.7,4.47,776149,358183200.0,5.15,3.13,0.14,1.99
荣盛发展,2022-01-10,4.63,4.73,4.73,4.56,606229,281864848.0,3.69,2.6,0.12,1.56
荣盛发展,2022-01-11,4.69,4.69,4.8,4.63,691637,326112176.0,3.59,-0.85,-0.04,1.78
荣盛发展,2022-01-12,4.7,4.64,4.7,4.57,401315,185782610.0,2.77,-1.07,-0.05,1.03
荣盛发展,2022-01-13,4.63,4.63,4.74,4.61,361892,169159391.0,2.8,-0.22,-0.01,0.93
荣盛发展,2022-01-14,4.61,4.52,4.64,4.5,333614,151644526.0,3.02,-2.38,-0.11,0.86
荣盛发展,2022-01-17,4.5,4.55,4.6,4.5,218113,99647045.0,2.21,0.66,0.03,0.56
荣盛发展,2022-01-18,4.56,4.62,4.68,4.54,341391,157386393.0,3.08,1.54,0.07,0.88
荣盛发展,2022-01-19,4.65,4.67,4.7,4.61,307887,143656986.0,1.95,1.08,0.05,0.79
荣盛发展,2022-01-20,4.69,4.75,4.82,4.67,619440,295153136.0,3.21,1.71,0.08,1.59
荣盛发展,2022-01-21,4.74,4.65,4.76,4.63,295160,138000234.0,2.74,-2.11,-0.1,0.76
荣盛发展,2022-01-24,4.64,4.71,4.76,4.57,321740,150991341.0,4.09,1.29,0.06,0.83
荣盛发展,2022-01-25,4.71,4.57,4.73,4.57,273868,126606115.0,3.4,-2.97,-0.14,0.7
荣盛发展,2022-01-26,4.59,4.54,4.61,4.47,218576,99090497.0,3.06,-0.66,-0.03,0.56
荣盛发展,2022-01-27,4.54,4.45,4.54,4.43,200902,89896103.0,2.42,-1.98,-0.09,0.52
荣盛发展,2022-01-28,4.51,4.46,4.51,4.44,202527,90721339.0,1.57,0.22,0.01,0.52
荣盛发展,2022-02-07,4.01,4.01,4.08,4.01,831887,334393088.0,1.57,-10.09,-0.45,2.14
荣盛发展,2022-02-08,4.0,4.16,4.2,3.98,619588,255094381.0,5.49,3.74,0.15,1.59
荣盛发展,2022-02-09,4.18,4.23,4.41,4.17,713631,307825040.0,5.77,1.68,0.07,1.83
荣盛发展,2022-02-10,4.23,4.28,4.29,4.17,287347,121965384.0,2.84,1.18,0.05,0.74
荣盛发展,2022-02-11,4.34,4.38,4.55,4.32,644163,285185840.0,5.37,2.34,0.1,1.66
荣盛发展,2022-02-14,4.37,4.19,4.44,4.17,519294,221547132.0,6.16,-4.34,-0.19,1.33
荣盛发展,2022-02-15,4.2,4.11,4.21,4.07,401889,166014035.0,3.34,-1.91,-0.08,1.03
荣盛发展,2022-02-16,4.12,4.14,4.15,4.1,261990,108116405.0,1.22,0.73,0.03,0.67
荣盛发展,2022-02-17,4.12,4.08,4.14,4.07,262968,107670046.0,1.69,-1.45,-0.06,0.68
荣盛发展,2022-02-18,4.06,4.19,4.2,4.06,443909,183626210.0,3.43,2.7,0.11,1.14
荣盛发展,2022-02-21,4.18,4.2,4.2,4.12,325395,135297724.0,1.91,0.24,0.01,0.84
荣盛发展,2022-02-22,4.16,4.14,4.22,4.11,298441,124309057.0,2.62,-1.43,-0.06,0.77
荣盛发展,2022-02-23,4.15,4.11,4.15,4.09,350720,144073749.0,1.45,-0.72,-0.03,0.9
荣盛发展,2022-02-24,4.09,4.02,4.11,3.98,482084,194717958.0,3.16,-2.19,-0.09,1.24
荣盛发展,2022-02-25,4.03,3.99,4.06,3.99,321746,129302167.0,1.74,-0.75,-0.03,0.83
荣盛发展,2022-02-28,4.0,3.93,4.01,3.89,376062,147460817.0,3.01,-1.5,-0.06,0.97
荣盛发展,2022-03-01,3.92,3.9,3.96,3.86,370096,144211657.0,2.54,-0.76,-0.03,0.95
荣盛发展,2022-03-02,3.9,3.93,3.96,3.88,319427,125220566.0,2.05,0.77,0.03,0.82
荣盛发展,2022-03-03,3.93,3.96,4.01,3.92,345457,137105626.0,2.29,0.76,0.03,0.89
荣盛发展,2022-03-04,3.95,3.92,3.96,3.88,291895,114030117.0,2.02,-1.01,-0.04,0.75
荣盛发展,2022-03-07,3.91,3.89,3.96,3.88,259513,101644674.0,2.04,-0.77,-0.03,0.67
荣盛发展,2022-03-08,3.89,3.74,3.91,3.73,358580,136302995.0,4.63,-3.86,-0.15,0.92
荣盛发展,2022-03-09,3.76,3.6,3.77,3.47,409755,148525344.0,8.02,-3.74,-0.14,1.05
荣盛发展,2022-03-10,3.64,3.61,3.67,3.58,276180,100302310.0,2.5,0.28,0.01,0.71
荣盛发展,2022-03-11,3.56,3.65,3.66,3.48,300817,107320321.0,4.99,1.11,0.04,0.77
荣盛发展,2022-03-14,3.61,3.61,3.74,3.59,286785,105133252.0,4.11,-1.1,-0.04,0.74
荣盛发展,2022-03-15,3.57,3.35,3.59,3.33,382819,132343972.0,7.2,-7.2,-0.26,0.98
荣盛发展,2022-03-16,3.4,3.45,3.47,3.25,338169,114103752.0,6.57,2.99,0.1,0.87
荣盛发展,2022-03-17,3.56,3.68,3.73,3.56,634418,230691909.0,4.93,6.67,0.23,1.63
荣盛发展,2022-03-18,3.61,3.78,3.79,3.57,577432,212950865.0,5.98,2.72,0.1,1.48
荣盛发展,2022-03-21,3.77,3.81,3.88,3.71,654803,248599913.0,4.5,0.79,0.03,1.68
荣盛发展,2022-03-22,3.77,4.04,4.13,3.75,1286144,511260160.0,9.97,6.04,0.23,3.31
荣盛发展,2022-03-23,4.01,4.25,4.33,3.94,1458310,600122272.0,9.65,5.2,0.21,3.75
荣盛发展,2022-03-24,4.17,4.08,4.24,4.06,935969,387055072.0,4.24,-4.0,-0.17,2.41
荣盛发展,2022-03-25,4.05,4.17,4.31,3.97,1049452,436979264.0,8.33,2.21,0.09,2.7
荣盛发展,2022-03-28,4.15,4.3,4.37,4.12,1022904,436286048.0,6.0,3.12,0.13,2.63
荣盛发展,2022-03-29,4.3,4.15,4.31,4.12,828743,346584336.0,4.42,-3.49,-0.15,2.13
荣盛发展,2022-03-30,4.11,4.4,4.55,4.11,1326460,575324496.0,10.6,6.02,0.25,3.41
荣盛发展,2022-03-31,4.36,4.46,4.65,4.34,1415478,634739888.0,7.05,1.36,0.06,3.64
荣盛发展,2022-04-01,4.45,4.75,4.84,4.41,1587975,730867168.0,9.64,6.5,0.29,4.08
荣盛发展,2022-04-06,4.75,5.0,5.15,4.65,1891286,925819040.0,10.53,5.26,0.25,4.86
荣盛发展,2022-04-07,4.89,4.69,4.95,4.67,1391708,665859248.0,5.6,-6.2,-0.31,3.58
荣盛发展,2022-04-08,4.65,4.77,4.87,4.52,1314060,616652928.0,7.46,1.71,0.08,3.38
荣盛发展,2022-04-11,4.71,4.49,4.72,4.47,964721,439342544.0,5.24,-5.87,-0.28,2.48
荣盛发展,2022-04-12,4.47,4.38,4.54,4.36,843424,374006784.0,4.01,-2.45,-0.11,2.17
荣盛发展,2022-04-13,4.38,4.27,4.38,4.22,723830,310774448.0,3.65,-2.51,-0.11,1.86
荣盛发展,2022-04-14,4.3,4.45,4.49,4.3,632782,279553920.0,4.45,4.22,0.18,1.63
荣盛发展,2022-04-15,4.45,4.47,4.65,4.4,712222,323264592.0,5.62,0.45,0.02,1.83
荣盛发展,2022-04-18,4.4,4.38,4.62,4.36,600985,269973888.0,5.82,-2.01,-0.09,1.54
荣盛发展,2022-04-19,3.94,3.94,3.94,3.94,157115,61903310.0,0.0,-10.05,-0.44,0.4
荣盛发展,2022-04-20,3.65,3.58,3.79,3.56,1642933,604511856.0,5.84,-9.14,-0.36,4.22
荣盛发展,2022-04-21,3.59,3.61,3.78,3.58,1225556,451759520.0,5.59,0.84,0.03,3.15
荣盛发展,2022-04-22,3.65,3.8,3.84,3.62,843987,316088064.0,6.09,5.26,0.19,2.17
荣盛发展,2022-04-25,3.8,3.51,3.81,3.49,751680,272551488.0,8.42,-7.63,-0.29,1.93
荣盛发展,2022-04-26,3.58,3.51,3.66,3.48,563190,200597705.0,5.13,0.0,0.0,1.45
荣盛发展,2022-04-27,3.47,3.42,3.5,3.32,656119,223361201.0,5.13,-2.56,-0.09,1.69
荣盛发展,2022-04-28,3.44,3.57,3.62,3.42,618450,218207962.0,5.85,4.39,0.15,1.59
荣盛发展,2022-04-29,3.51,3.74,3.77,3.5,647876,236094813.0,7.56,4.76,0.17,1.67
荣盛发展,2022-05-05,3.67,3.63,3.76,3.54,692348,250769574.0,5.88,-2.94,-0.11,1.78
荣盛发展,2022-05-06,3.52,3.41,3.53,3.4,417139,144512966.0,3.58,-6.06,-0.22,1.07
荣盛发展,2022-05-09,3.41,3.53,3.65,3.39,495600,175136840.0,7.62,3.52,0.12,1.27
荣盛发展,2022-05-10,3.49,3.5,3.52,3.41,501548,174007198.0,3.12,-0.85,-0.03,1.29
荣盛发展,2022-05-11,3.51,3.45,3.57,3.45,504727,176268237.0,3.43,-1.43,-0.05,1.3
荣盛发展,2022-05-12,3.43,3.32,3.46,3.28,639569,214389180.0,5.22,-3.77,-0.13,1.64
荣盛发展,2022-05-13,3.32,3.45,3.46,3.27,769245,259582726.0,5.72,3.92,0.13,1.98
荣盛发展,2022-05-16,3.53,3.45,3.56,3.39,701708,242733395.0,4.93,0.0,0.0,1.8
荣盛发展,2022-05-17,3.41,3.35,3.47,3.31,516357,173528081.0,4.64,-2.9,-0.1,1.33
荣盛发展,2022-05-18,3.35,3.33,3.38,3.31,389991,130210332.0,2.09,-0.6,-0.02,1.0
荣盛发展,2022-05-19,3.29,3.43,3.44,3.26,630902,212841652.0,5.41,3.0,0.1,1.62
荣盛发展,2022-05-20,3.42,3.4,3.47,3.36,484774,164751029.0,3.21,-0.87,-0.03,1.25
荣盛发展,2022-05-23,3.38,3.34,3.38,3.31,447567,149508338.0,2.06,-1.76,-0.06,1.15
荣盛发展,2022-05-24,3.34,3.18,3.35,3.18,584427,190908554.0,5.09,-4.79,-0.16,1.5
荣盛发展,2022-05-25,3.18,3.21,3.21,3.15,299192,95293389.0,1.89,0.94,0.03,0.77
荣盛发展,2022-05-26,3.17,3.24,3.26,3.17,415719,133761953.0,2.8,0.93,0.03,1.07
荣盛发展,2022-05-27,3.22,3.18,3.24,3.16,359872,114962441.0,2.47,-1.85,-0.06,0.92
荣盛发展,2022-05-30,3.18,3.14,3.18,3.11,304599,95728614.0,2.2,-1.26,-0.04,0.78
荣盛发展,2022-05-31,3.13,3.09,3.16,3.09,560133,174456283.0,2.23,-1.59,-0.05,1.44
荣盛发展,2022-06-01,3.11,3.12,3.16,3.08,432182,134917103.0,2.59,0.97,0.03,1.11
荣盛发展,2022-06-02,3.1,3.07,3.13,3.05,381908,117417926.0,2.56,-1.6,-0.05,0.98
荣盛发展,2022-06-06,3.06,3.06,3.07,3.0,408731,123953579.0,2.28,-0.33,-0.01,1.05
荣盛发展,2022-06-07,3.06,3.11,3.12,3.04,438867,135315274.0,2.61,1.63,0.05,1.13
荣盛发展,2022-06-08,3.11,3.07,3.11,3.02,393845,120577824.0,2.89,-1.29,-0.04,1.01
荣盛发展,2022-06-09,3.06,3.03,3.1,3.02,323690,98917775.0,2.61,-1.3,-0.04,0.83
荣盛发展,2022-06-10,3.02,3.0,3.03,2.97,501470,150215636.0,1.98,-0.99,-0.03,1.29
荣盛发展,2022-06-13,2.97,2.95,2.98,2.93,329343,97321441.0,1.67,-1.67,-0.05,0.85
荣盛发展,2022-06-14,2.92,3.01,3.01,2.91,482485,142794456.0,3.39,2.03,0.06,1.24
荣盛发展,2022-06-15,3.0,3.06,3.11,2.99,613450,187997638.0,3.99,1.66,0.05,1.58
荣盛发展,2022-06-16,3.07,3.02,3.09,3.02,377596,115072269.0,2.29,-1.31,-0.04,0.97
荣盛发展,2022-06-17,3.0,2.99,3.03,2.97,264830,79380675.0,1.99,-0.99,-0.03,0.68
荣盛发展,2022-06-20,3.0,3.06,3.08,2.98,413924,126245341.0,3.34,2.34,0.07,1.06
荣盛发展,2022-06-21,3.07,3.04,3.15,3.0,832856,255685011.0,4.9,-0.65,-0.02,2.14
荣盛发展,2022-06-22,3.05,2.98,3.06,2.97,414366,124615914.0,2.96,-1.97,-0.06,1.06
荣盛发展,2022-06-23,2.98,3.02,3.02,2.95,294776,88214275.0,2.35,1.34,0.04,0.76
荣盛发展,2022-06-24,3.02,3.02,3.03,2.99,270040,81286930.0,1.32,0.0,0.0,0.69
荣盛发展,2022-06-27,3.02,3.0,3.04,2.99,285434,85978765.0,1.66,-0.66,-0.02,0.73
荣盛发展,2022-06-28,3.01,3.02,3.02,2.99,287092,86274567.0,1.0,0.67,0.02,0.74
荣盛发展,2022-06-29,3.02,3.07,3.09,3.0,568922,174219393.0,2.98,1.66,0.05,1.46
荣盛发展,2022-06-30,3.07,3.03,3.08,3.02,348711,106348759.0,1.95,-1.3,-0.04,0.89
荣盛发展,2022-07-01,3.03,2.99,3.04,2.99,265074,79762665.0,1.65,-1.32,-0.04,0.68
荣盛发展,2022-07-04,2.98,2.95,2.99,2.93,394161,116238062.0,2.01,-1.34,-0.04,1.01
荣盛发展,2022-07-05,2.95,2.92,2.98,2.9,375044,109871680.0,2.71,-1.02,-0.03,0.96
荣盛发展,2022-07-06,2.91,2.84,2.92,2.83,416125,119034319.0,3.08,-2.74,-0.08,1.07
荣盛发展,2022-07-07,2.83,2.84,2.88,2.83,227790,64895329.0,1.76,0.0,0.0,0.58
荣盛发展,2022-07-08,2.84,2.84,2.87,2.82,193235,55017580.0,1.76,0.0,0.0,0.5
荣盛发展,2022-07-11,2.85,2.8,2.85,2.78,259635,72839851.0,2.46,-1.41,-0.04,0.67
荣盛发展,2022-07-12,2.79,2.81,2.83,2.77,246888,69094887.99,2.14,0.36,0.01,0.63
荣盛发展,2022-07-13,2.81,2.83,2.87,2.8,256525,72847314.4,2.49,0.71,0.02,0.66
荣盛发展,2022-07-14,2.84,2.76,2.84,2.76,317371,88269869.0,2.83,-2.47,-0.07,0.81
荣盛发展,2022-07-15,2.72,2.51,2.73,2.5,724857,186764399.88,8.33,-9.06,-0.25,1.86
荣盛发展,2022-07-18,2.51,2.72,2.75,2.51,813728,216702204.06,9.56,8.37,0.21,2.09
荣盛发展,2022-07-19,2.7,2.72,2.73,2.67,396971,107076543.0,2.21,0.0,0.0,1.02
荣盛发展,2022-07-20,2.73,2.7,2.74,2.69,247514,67127651.98,1.84,-0.74,-0.02,0.63
荣盛发展,2022-07-21,2.7,2.64,2.72,2.64,269287,71725554.27,2.96,-2.22,-0.06,0.69
荣盛发展,2022-07-22,2.66,2.63,2.69,2.61,255915,67885521.78,3.03,-0.38,-0.01,0.66
荣盛发展,2022-07-25,2.64,2.7,2.81,2.64,472879,128740053.14,6.46,2.66,0.07,1.21
荣盛发展,2022-07-26,2.69,2.83,2.88,2.68,795257,223618991.61,7.41,4.81,0.13,2.04
荣盛发展,2022-07-27,2.85,2.79,2.87,2.78,494905,138857764.76,3.18,-1.41,-0.04,1.27
荣盛发展,2022-07-28,2.8,2.87,2.92,2.79,651376,186447248.97,4.66,2.87,0.08,1.67
荣盛发展,2022-07-29,2.88,2.8,2.89,2.79,402758,113763633.2,3.48,-2.44,-0.07,1.03
荣盛发展,2022-08-01,2.8,2.78,2.82,2.76,276744,77078845.63,2.14,-0.71,-0.02,0.71
荣盛发展,2022-08-02,2.76,2.67,2.77,2.62,386071,102905603.0,5.4,-3.96,-0.11,0.99
荣盛发展,2022-08-03,2.65,2.59,2.71,2.58,319150,84274559.25,4.87,-3.0,-0.08,0.82
荣盛发展,2022-08-04,2.59,2.62,2.63,2.57,246386,64135133.96,2.32,1.16,0.03,0.63
荣盛发展,2022-08-05,2.62,2.69,2.7,2.61,325650,86755781.61,3.44,2.67,0.07,0.83
荣盛发展,2022-08-08,2.75,2.74,2.88,2.71,477954,132752346.26,6.32,1.86,0.05,1.23
荣盛发展,2022-08-09,2.75,2.76,2.85,2.66,601970,165304654.12,6.93,0.73,0.02,1.54
荣盛发展,2022-08-10,2.76,2.76,2.84,2.73,461911,128321504.6,3.99,0.0,0.0,1.18
荣盛发展,2022-08-11,2.77,2.8,2.84,2.77,384171,107780384.6,2.54,1.45,0.04,0.98
荣盛发展,2022-08-12,2.81,2.84,2.86,2.77,453290,128161461.81,3.21,1.43,0.04,1.16
荣盛发展,2022-08-15,2.84,2.79,2.87,2.77,337586,94628779.78,3.52,-1.76,-0.05,0.87
荣盛发展,2022-08-16,2.82,2.85,2.9,2.8,468102,133199712.88,3.58,2.15,0.06,1.2
荣盛发展,2022-08-17,2.85,2.88,2.9,2.82,455602,130686612.69,2.81,1.05,0.03,1.17
荣盛发展,2022-08-18,2.88,2.83,2.89,2.8,363405,103010139.75,3.13,-1.74,-0.05,0.93
荣盛发展,2022-08-19,2.82,2.86,2.91,2.81,392935,112769163.68,3.53,1.06,0.03,1.01
荣盛发展,2022-08-22,2.85,2.85,2.89,2.82,312527,89228784.26,2.45,-0.35,-0.01,0.8
荣盛发展,2022-08-23,2.85,2.81,2.86,2.8,263472,74332405.8,2.11,-1.4,-0.04,0.68
荣盛发展,2022-08-24,2.8,2.75,2.84,2.74,323429,90053101.45,3.56,-2.14,-0.06,0.83
荣盛发展,2022-08-25,2.8,2.76,2.8,2.72,242696,66804343.92,2.91,0.36,0.01,0.62
荣盛发展,2022-08-26,2.75,2.71,2.77,2.71,211191,57725759.4,2.17,-1.81,-0.05,0.54
荣盛发展,2022-08-29,2.66,2.75,2.77,2.65,304711,82498886.18,4.43,1.48,0.04,0.78
荣盛发展,2022-08-30,2.75,2.88,2.88,2.74,751397,213158861.66,5.09,4.73,0.13,1.93
荣盛发展,2022-08-31,2.89,2.8,2.89,2.78,414024,116984652.0,3.82,-2.78,-0.08,1.06
荣盛发展,2022-09-01,2.78,2.83,2.9,2.78,522109,148785810.2,4.29,1.07,0.03,1.34
荣盛发展,2022-09-02,2.83,2.79,2.84,2.76,312900,87404603.94,2.83,-1.41,-0.04,0.8
荣盛发展,2022-09-05,2.78,2.83,2.83,2.77,311535,87487275.0,2.15,1.43,0.04,0.8
荣盛发展,2022-09-06,2.84,2.87,2.89,2.82,431995,123782509.0,2.47,1.41,0.04,1.11
荣盛发展,2022-09-07,2.88,2.85,2.88,2.82,306295,87130388.0,2.09,-0.7,-0.02,0.79
荣盛发展,2022-09-08,2.85,2.81,2.89,2.8,282089,79730023.85,3.16,-1.4,-0.04,0.72
荣盛发展,2022-09-09,2.82,2.91,2.92,2.81,640397,184622271.74,3.91,3.56,0.1,1.64
荣盛发展,2022-09-13,2.9,2.82,2.91,2.8,581330,165728281.09,3.78,-3.09,-0.09,1.49
荣盛发展,2022-09-14,2.8,2.77,2.84,2.76,401305,112149221.4,2.84,-1.77,-0.05,1.03
荣盛发展,2022-09-15,2.78,2.81,2.86,2.74,542882,152727283.8,4.33,1.44,0.04,1.39
荣盛发展,2022-09-16,2.79,2.65,2.83,2.65,534875,146009670.32,6.41,-5.69,-0.16,1.37
荣盛发展,2022-09-19,2.64,2.61,2.65,2.56,395308,103073213.54,3.4,-1.51,-0.04,1.01
荣盛发展,2022-09-20,2.64,2.59,2.7,2.51,1027739,265740279.41,7.28,-0.77,-0.02,2.64
荣盛发展,2022-09-21,2.54,2.67,2.68,2.5,731291,189995306.72,6.95,3.09,0.08,1.87
荣盛发展,2022-09-22,2.64,2.6,2.7,2.59,462306,121340044.66,4.12,-2.62,-0.07,1.19
荣盛发展,2022-09-23,2.6,2.57,2.66,2.56,374440,97650412.82,3.85,-1.15,-0.03,0.96
荣盛发展,2022-09-26,2.56,2.45,2.59,2.45,486675,121870902.84,5.45,-4.67,-0.12,1.25
荣盛发展,2022-09-27,2.45,2.47,2.48,2.4,395754,96642078.66,3.27,0.82,0.02,1.01
荣盛发展,2022-09-28,2.45,2.41,2.46,2.4,315311,76318066.43,2.43,-2.43,-0.06,0.81
荣盛发展,2022-09-29,2.42,2.3,2.43,2.29,456554,107127074.87,5.81,-4.56,-0.11,1.17
荣盛发展,2022-09-30,2.32,2.35,2.38,2.31,443446,104231370.67,3.04,2.17,0.05,1.14
荣盛发展,2022-10-10,2.34,2.32,2.4,2.31,317772,74813361.39,3.83,-1.28,-0.03,0.82
荣盛发展,2022-10-11,2.31,2.29,2.33,2.26,300339,68733580.73,3.02,-1.29,-0.03,0.77
荣盛发展,2022-10-12,2.27,2.32,2.33,2.24,371351,84849761.69,3.93,1.31,0.03,0.95
荣盛发展,2022-10-13,2.31,2.3,2.32,2.27,315809,72355370.59,2.16,-0.86,-0.02,0.81
荣盛发展,2022-10-14,2.3,2.33,2.36,2.3,515956,120301375.77,2.61,1.3,0.03,1.32
荣盛发展,2022-10-17,2.31,2.36,2.37,2.28,519192,121020532.29,3.86,1.29,0.03,1.33
荣盛发展,2022-10-18,2.36,2.32,2.38,2.31,302871,70886301.93,2.97,-1.69,-0.04,0.78
荣盛发展,2022-10-19,2.31,2.28,2.32,2.26,383330,87571098.44,2.59,-1.72,-0.04,0.98
荣盛发展,2022-10-20,2.26,2.21,2.27,2.19,549748,122696001.72,3.51,-3.07,-0.07,1.41
荣盛发展,2022-10-21,2.23,2.17,2.24,2.15,492727,107944684.11,4.07,-1.81,-0.04,1.26
荣盛发展,2022-10-24,2.16,2.09,2.18,2.07,476619,101036527.05,5.07,-3.69,-0.08,1.22
荣盛发展,2022-10-25,2.08,2.06,2.1,2.03,464261,95640134.8,3.35,-1.44,-0.03,1.19
荣盛发展,2022-10-26,2.06,2.05,2.09,2.04,430899,88978709.03,2.43,-0.49,-0.01,1.11
荣盛发展,2022-10-27,2.04,2.07,2.08,2.04,537157,110804368.15,1.95,0.98,0.02,1.38
荣盛发展,2022-10-28,2.05,1.98,2.06,1.96,926156,185080803.03,4.83,-4.35,-0.09,2.38
荣盛发展,2022-10-31,1.98,2.0,2.01,1.94,592011,117128335.46,3.54,1.01,0.02,1.52
荣盛发展,2022-11-01,1.98,2.01,2.01,1.96,835780,165641472.52,2.5,0.5,0.01,2.14
荣盛发展,2022-11-02,1.99,2.05,2.06,1.98,724393,147070391.37,3.98,1.99,0.04,1.86
荣盛发展,2022-11-03,2.03,2.02,2.05,1.99,485756,97923967.47,2.93,-1.46,-0.03,1.25
荣盛发展,2022-11-04,2.01,2.06,2.06,2.0,402029,82053256.58,2.97,1.98,0.04,1.03
荣盛发展,2022-11-07,2.05,2.08,2.09,2.04,437081,90498150.83,2.43,0.97,0.02,1.12
荣盛发展,2022-11-08,2.08,2.11,2.11,2.06,510776,106987560.34,2.4,1.44,0.03,1.31
荣盛发展,2022-11-09,2.12,2.2,2.32,2.11,1693539,377803625.84,9.95,4.27,0.09,4.35
荣盛发展,2022-11-10,2.16,2.18,2.21,2.11,859633,186271957.95,4.55,-0.91,-0.02,2.21
荣盛发展,2022-11-11,2.23,2.36,2.4,2.21,2117808,492129683.14,8.72,8.26,0.18,5.44
荣盛发展,2022-11-14,2.4,2.35,2.42,2.31,2029069,480429299.47,4.66,-0.42,-0.01,5.21
荣盛发展,2022-11-15,2.34,2.4,2.45,2.34,1258048,301754766.43,4.68,2.13,0.05,3.23
荣盛发展,2022-11-16,2.39,2.38,2.42,2.34,788441,187319629.0,3.33,-0.83,-0.02,2.02
荣盛发展,2022-11-17,2.36,2.36,2.4,2.32,642103,151443622.28,3.36,-0.84,-0.02,1.65
荣盛发展,2022-11-18,2.37,2.35,2.39,2.32,590702,139021898.68,2.97,-0.42,-0.01,1.52
荣盛发展,2022-11-21,2.33,2.28,2.33,2.24,520377,118417225.87,3.83,-2.98,-0.07,1.34
荣盛发展,2022-11-22,2.32,2.26,2.35,2.24,548951,125375856.44,4.82,-0.88,-0.02,1.41
荣盛发展,2022-11-23,2.26,2.24,2.28,2.22,425943,95722190.3,2.65,-0.88,-0.02,1.09
荣盛发展,2022-11-24,2.28,2.26,2.31,2.24,693822,157932819.88,3.13,0.89,0.02,1.78
荣盛发展,2022-11-25,2.26,2.37,2.39,2.25,1096105,256793760.96,6.19,4.87,0.11,2.81
荣盛发展,2022-11-28,2.33,2.36,2.37,2.27,682728,158765048.02,4.22,-0.42,-0.01,1.75
荣盛发展,2022-11-29,2.53,2.6,2.6,2.42,1726626,434228719.33,7.63,10.17,0.24,4.43
荣盛发展,2022-11-30,2.61,2.59,2.76,2.56,2666666,706645354.22,7.69,-0.38,-0.01,6.84
荣盛发展,2022-12-01,2.56,2.49,2.61,2.47,2015950,512791124.68,5.41,-3.86,-0.1,5.17
荣盛发展,2022-12-02,2.49,2.5,2.53,2.42,1149898,284370889.49,4.42,0.4,0.01,2.95
荣盛发展,2022-12-05,2.51,2.5,2.56,2.48,869391,219010287.9,3.2,0.0,0.0,2.23
荣盛发展,2022-12-06,2.48,2.46,2.52,2.44,642334,158516927.79,3.2,-1.6,-0.04,1.65
荣盛发展,2022-12-07,2.46,2.43,2.48,2.4,601813,146450692.1,3.25,-1.22,-0.03,1.54
荣盛发展,2022-12-08,2.44,2.47,2.49,2.42,739618,181637863.93,2.88,1.65,0.04,1.9
荣盛发展,2022-12-09,2.48,2.5,2.54,2.44,888974,221324953.22,4.05,1.21,0.03,2.28
荣盛发展,2022-12-12,2.49,2.4,2.49,2.39,716648,174620120.0,4.0,-4.0,-0.1,1.84
荣盛发展,2022-12-13,2.4,2.44,2.46,2.37,491861,119161569.58,3.75,1.67,0.04,1.26
荣盛发展,2022-12-14,2.45,2.39,2.45,2.38,400521,96246079.86,2.87,-2.05,-0.05,1.03
荣盛发展,2022-12-15,2.39,2.4,2.41,2.35,441157,105017836.48,2.51,0.42,0.01,1.13
荣盛发展,2022-12-16,2.4,2.45,2.47,2.39,577792,140669508.44,3.33,2.08,0.05,1.48
荣盛发展,2022-12-19,2.43,2.36,2.49,2.34,584319,140293564.12,6.12,-3.67,-0.09,1.5
荣盛发展,2022-12-20,2.36,2.31,2.36,2.29,443052,102627293.28,2.97,-2.12,-0.05,1.14
荣盛发展,2022-12-21,2.3,2.29,2.32,2.26,474452,108605929.84,2.6,-0.87,-0.02,1.22
荣盛发展,2022-12-22,2.32,2.3,2.36,2.29,507952,118175432.0,3.06,0.44,0.01,1.3
荣盛发展,2022-12-23,2.28,2.29,2.31,2.27,314765,72155676.6,1.74,-0.43,-0.01,0.81
荣盛发展,2022-12-26,2.28,2.23,2.29,2.22,329919,73996453.0,3.06,-2.62,-0.06,0.85
荣盛发展,2022-12-27,2.23,2.25,2.29,2.23,321788,72430741.4,2.69,0.9,0.02,0.83
荣盛发展,2022-12-28,2.24,2.24,2.27,2.2,342949,76652401.61,3.11,-0.44,-0.01,0.88
荣盛发展,2022-12-29,2.23,2.17,2.24,2.16,374092,81704062.0,3.57,-3.13,-0.07,0.96
荣盛发展,2022-12-30,2.18,2.17,2.19,2.16,286985,62394109.16,1.38,0.0,0.0,0.74
荣盛发展,2023-01-03,2.17,2.19,2.2,2.15,387562,84563783.77,2.3,0.92,0.02,0.99
荣盛发展,2023-01-04,2.19,2.28,2.29,2.18,652823,147650050.71,5.02,4.11,0.09,1.68
荣盛发展,2023-01-05,2.28,2.24,2.28,2.24,394880,88924399.98,1.75,-1.75,-0.04,1.01
荣盛发展,2023-01-06,2.26,2.2,2.29,2.19,488247,108733187.91,4.46,-1.79,-0.04,1.25
荣盛发展,2023-01-09,2.2,2.17,2.21,2.17,323764,70710659.86,1.82,-1.36,-0.03,0.83
荣盛发展,2023-01-10,2.17,2.13,2.18,2.12,382666,81905597.59,2.76,-1.84,-0.04,0.98
荣盛发展,2023-01-11,2.14,2.11,2.17,2.11,326556,69824675.67,2.82,-0.94,-0.02,0.84
荣盛发展,2023-01-12,2.11,2.09,2.12,2.07,309074,64789088.0,2.37,-0.95,-0.02,0.79
荣盛发展,2023-01-13,2.09,2.11,2.12,2.09,262781,55289378.53,1.44,0.96,0.02,0.67
荣盛发展,2023-01-16,2.11,2.14,2.16,2.09,372636,79318747.81,3.32,1.42,0.03,0.96
荣盛发展,2023-01-17,2.14,2.16,2.16,2.12,285421,61270545.09,1.87,0.93,0.02,0.73
荣盛发展,2023-01-18,2.16,2.18,2.19,2.15,304923,66165424.96,1.85,0.93,0.02,0.78
荣盛发展,2023-01-19,2.18,2.18,2.2,2.15,263398,57338697.18,2.29,0.0,0.0,0.68
荣盛发展,2023-01-20,2.18,2.22,2.22,2.17,278655,61366644.36,2.29,1.83,0.04,0.72
荣盛发展,2023-01-30,2.25,2.21,2.26,2.21,372083,82906517.42,2.25,-0.45,-0.01,0.95
荣盛发展,2023-01-31,2.13,2.2,2.21,2.09,797677,172589725.34,5.43,-0.45,-0.01,2.05
荣盛发展,2023-02-01,2.22,2.2,2.22,2.14,653938,142391031.6,3.64,0.0,0.0,1.68
荣盛发展,2023-02-02,2.2,2.18,2.21,2.16,462496,100953751.0,2.27,-0.91,-0.02,1.19
荣盛发展,2023-02-03,2.18,2.14,2.19,2.12,453997,97229045.84,3.21,-1.83,-0.04,1.17
荣盛发展,2023-02-06,2.14,2.1,2.14,2.09,423260,89088244.8,2.34,-1.87,-0.04,1.09
荣盛发展,2023-02-07,2.09,2.11,2.12,2.09,332016,70046454.62,1.43,0.48,0.01,0.85
荣盛发展,2023-02-08,2.11,2.1,2.15,2.1,425427,90232586.82,2.37,-0.47,-0.01,1.09
荣盛发展,2023-02-09,2.1,2.11,2.12,2.08,382455,80420764.82,1.9,0.48,0.01,0.98
荣盛发展,2023-02-10,2.11,2.13,2.15,2.1,524599,111703596.45,2.37,0.95,0.02,1.35
荣盛发展,2023-02-13,2.13,2.12,2.14,2.1,350651,74383251.74,1.88,-0.47,-0.01,0.9
荣盛发展,2023-02-14,2.13,2.14,2.18,2.12,596659,128292026.41,2.83,0.94,0.02,1.53
荣盛发展,2023-02-15,2.15,2.12,2.16,2.11,352256,74962965.56,2.34,-0.93,-0.02,0.9
荣盛发展,2023-02-16,2.13,2.09,2.15,2.07,465124,98510736.22,3.77,-1.42,-0.03,1.19
荣盛发展,2023-02-17,2.09,2.08,2.11,2.08,376023,78721879.98,1.44,-0.48,-0.01,0.97
荣盛发展,2023-02-20,2.08,2.1,2.11,2.07,322662,67338844.57,1.92,0.96,0.02,0.83
荣盛发展,2023-02-21,2.12,2.12,2.17,2.11,784432,167543754.32,2.86,0.95,0.02,2.01
荣盛发展,2023-02-22,2.11,2.15,2.18,2.1,654008,140645338.74,3.77,1.42,0.03,1.68
荣盛发展,2023-02-23,2.17,2.18,2.24,2.16,831160,182577064.54,3.72,1.4,0.03,2.13
荣盛发展,2023-02-24,2.17,2.14,2.19,2.13,452397,97297203.58,2.75,-1.83,-0.04,1.16
荣盛发展,2023-02-27,2.16,2.13,2.17,2.12,370744,79623591.28,2.34,-0.47,-0.01,0.95
荣盛发展,2023-02-28,2.14,2.16,2.17,2.11,420513,89898981.03,2.82,1.41,0.03,1.08
荣盛发展,2023-03-01,2.17,2.18,2.19,2.16,425765,92388838.0,1.39,0.93,0.02,1.09
荣盛发展,2023-03-02,2.18,2.18,2.2,2.17,380351,83157832.62,1.38,0.0,0.0,0.98
荣盛发展,2023-03-03,2.19,2.24,2.24,2.18,616210,136389417.49,2.75,2.75,0.06,1.58
荣盛发展,2023-03-06,2.24,2.21,2.25,2.18,567266,125112143.45,3.13,-1.34,-0.03,1.46
荣盛发展,2023-03-07,2.21,2.21,2.26,2.19,563742,125599487.3,3.17,0.0,0.0,1.45
荣盛发展,2023-03-08,2.21,2.22,2.23,2.18,387290,85364794.35,2.26,0.45,0.01,0.99
荣盛发展,2023-03-09,2.23,2.21,2.23,2.19,325721,72028565.57,1.8,-0.45,-0.01,0.84
荣盛发展,2023-03-10,2.2,2.16,2.21,2.15,375684,81611419.0,2.71,-2.26,-0.05,0.96
荣盛发展,2023-03-13,2.16,2.13,2.17,2.11,355602,75587214.09,2.78,-1.39,-0.03,0.91
荣盛发展,2023-03-14,2.13,2.07,2.13,2.07,383917,80260344.0,2.82,-2.82,-0.06,0.99
荣盛发展,2023-03-15,2.08,2.09,2.11,2.08,264852,55455677.76,1.45,0.97,0.02,0.68
荣盛发展,2023-03-16,2.08,2.05,2.09,2.04,398080,82138059.0,2.39,-1.91,-0.04,1.02
荣盛发展,2023-03-17,2.06,2.04,2.07,2.03,507471,104274798.99,1.95,-0.49,-0.01,1.3
荣盛发展,2023-03-20,2.04,2.01,2.07,2.01,535261,108924370.27,2.94,-1.47,-0.03,1.37
荣盛发展,2023-03-21,2.02,2.02,2.03,2.0,315131,63528189.85,1.49,0.5,0.01,0.81
荣盛发展,2023-03-22,2.02,2.02,2.03,2.0,299038,60298661.6,1.49,0.0,0.0,0.77
荣盛发展,2023-03-23,2.01,1.98,2.02,1.97,482080,95744818.78,2.48,-1.98,-0.04,1.24
荣盛发展,2023-03-24,1.98,1.97,2.0,1.95,536470,105564613.19,2.53,-0.51,-0.01,1.38
荣盛发展,2023-03-27,1.97,1.92,1.97,1.91,525662,101642764.72,3.05,-2.54,-0.05,1.35
荣盛发展,2023-03-28,1.92,1.88,1.93,1.87,432903,82087581.72,3.13,-2.08,-0.04,1.11
荣盛发展,2023-03-29,1.87,1.84,1.9,1.84,532922,99257094.75,3.19,-2.13,-0.04,1.37
荣盛发展,2023-03-30,1.84,1.85,1.86,1.8,536010,98266541.16,3.26,0.54,0.01,1.38
荣盛发展,2023-03-31,1.85,1.84,1.87,1.82,400904,73931791.05,2.7,-0.54,-0.01,1.03
荣盛发展,2023-04-03,1.83,1.86,1.88,1.81,487575,90554831.37,3.8,1.09,0.02,1.25
荣盛发展,2023-04-04,1.87,1.84,1.88,1.83,375008,69517683.47,2.69,-1.08,-0.02,0.96
荣盛发展,2023-04-06,1.84,1.8,1.84,1.8,419577,75916393.22,2.17,-2.17,-0.04,1.08
荣盛发展,2023-04-07,1.8,1.87,1.88,1.8,626153,116558606.86,4.44,3.89,0.07,1.61
荣盛发展,2023-04-10,1.86,1.82,1.87,1.82,383147,70478443.06,2.67,-2.67,-0.05,0.98
荣盛发展,2023-04-11,1.82,1.84,1.84,1.8,435167,79287814.48,2.2,1.1,0.02,1.12
荣盛发展,2023-04-12,1.85,1.86,1.88,1.82,467628,86240362.29,3.26,1.09,0.02,1.2
荣盛发展,2023-04-13,1.85,1.84,1.86,1.83,270758,49968844.56,1.61,-1.08,-0.02,0.69
荣盛发展,2023-04-14,1.85,1.81,1.86,1.81,352092,64335555.25,2.72,-1.63,-0.03,0.9
荣盛发展,2023-04-17,1.81,1.82,1.83,1.8,240485,43627859.95,1.66,0.55,0.01,0.62
荣盛发展,2023-04-18,1.82,1.79,1.83,1.78,350882,63348438.2,2.75,-1.65,-0.03,0.9
荣盛发展,2023-04-19,1.78,1.72,1.79,1.71,693972,120206938.55,4.47,-3.91,-0.07,1.78
荣盛发展,2023-04-20,1.71,1.67,1.72,1.66,676856,113370308.39,3.49,-2.91,-0.05,1.74
荣盛发展,2023-04-21,1.67,1.66,1.71,1.62,507811,84145303.25,5.39,-0.6,-0.01,1.3
荣盛发展,2023-04-24,1.64,1.66,1.66,1.58,641866,103962642.97,4.82,0.0,0.0,1.65
荣盛发展,2023-04-25,1.64,1.6,1.65,1.58,499745,80393408.0,4.22,-3.61,-0.06,1.28
荣盛发展,2023-04-26,1.57,1.59,1.61,1.56,493624,78395815.28,3.13,-0.63,-0.01,1.27
荣盛发展,2023-04-27,1.58,1.6,1.61,1.56,514439,81545001.07,3.14,0.63,0.01,1.32
荣盛发展,2023-04-28,1.59,1.59,1.6,1.57,504846,80183747.2,1.88,-0.63,-0.01,1.29
荣盛发展,2023-05-04,1.62,1.68,1.73,1.61,836814,140426807.67,7.55,5.66,0.09,2.15
荣盛发展,2023-05-05,1.7,1.73,1.74,1.66,776880,132743843.8,4.76,2.98,0.05,1.99
荣盛发展,2023-05-08,1.71,1.71,1.73,1.66,547894,92826185.74,4.05,-1.16,-0.02,1.4
荣盛发展,2023-05-09,1.71,1.71,1.76,1.7,630781,108940291.82,3.51,0.0,0.0,1.62
荣盛发展,2023-05-10,1.7,1.71,1.72,1.68,387108,65888777.82,2.34,0.0,0.0,0.99
荣盛发展,2023-05-11,1.73,1.74,1.77,1.72,591321,103225142.36,2.92,1.75,0.03,1.52
荣盛发展,2023-05-12,1.74,1.71,1.76,1.7,449360,77911078.4,3.45,-1.72,-0.03,1.15
荣盛发展,2023-05-15,1.71,1.7,1.72,1.65,503625,84569005.66,4.09,-0.58,-0.01,1.29
荣盛发展,2023-05-16,1.69,1.65,1.7,1.64,364296,60638961.51,3.53,-2.94,-0.05,0.93
荣盛发展,2023-05-17,1.64,1.66,1.68,1.64,282682,46915035.6,2.42,0.61,0.01,0.72
荣盛发展,2023-05-18,1.66,1.62,1.67,1.62,314488,51470872.1,3.01,-2.41,-0.04,0.81
荣盛发展,2023-05-19,1.61,1.58,1.62,1.57,366528,58268715.04,3.09,-2.47,-0.04,0.94
荣盛发展,2023-05-22,1.57,1.47,1.57,1.42,1959811,283215087.97,9.49,-6.96,-0.11,5.02
荣盛发展,2023-05-23,1.42,1.44,1.49,1.42,1417664,205642227.86,4.76,-2.04,-0.03,3.63
荣盛发展,2023-05-24,1.43,1.3,1.47,1.3,3002434,404131271.27,11.81,-9.72,-0.14,7.7
荣盛发展,2023-05-25,1.2,1.17,1.21,1.17,1666390,196411054.8,3.08,-10.0,-0.13,4.27
荣盛发展,2023-06-09,1.29,1.29,1.29,1.29,345421,44559354.15,0.0,10.26,0.12,0.89
荣盛发展,2023-06-12,1.42,1.42,1.42,1.42,201556,28620950.58,0.0,10.08,0.13,0.52
荣盛发展,2023-06-13,1.56,1.56,1.56,1.56,248838,38818746.72,0.0,9.86,0.14,0.64
荣盛发展,2023-06-14,1.72,1.72,1.72,1.6,5518707,926835688.98,7.69,10.26,0.16,14.15
荣盛发展,2023-06-15,1.67,1.89,1.89,1.63,3801852,688272751.93,15.12,9.88,0.17,9.75
荣盛发展,2023-06-16,2.0,1.83,2.07,1.81,5564141,1073339586.1,13.76,-3.17,-0.06,14.27
荣盛发展,2023-06-19,1.83,1.73,1.91,1.72,3705866,663611885.81,10.38,-5.46,-0.1,9.5
荣盛发展,2023-06-20,1.69,1.65,1.73,1.64,2726482,454865221.25,5.2,-4.62,-0.08,6.99
荣盛发展,2023-06-21,1.64,1.6,1.7,1.6,2298738,378288707.57,6.06,-3.03,-0.05,5.89
荣盛发展,2023-06-26,1.56,1.56,1.6,1.54,1547507,241781844.55,3.75,-2.5,-0.04,3.97
荣盛发展,2023-06-27,1.56,1.59,1.61,1.54,1474383,232583214.73,4.49,1.92,0.03,3.78
荣盛发展,2023-06-28,1.58,1.55,1.58,1.52,1390514,214362746.84,3.77,-2.52,-0.04,3.57
荣盛发展,2023-06-29,1.54,1.5,1.54,1.49,1271212,191741922.29,3.23,-3.23,-0.05,3.26
荣盛发展,2023-06-30,1.49,1.54,1.57,1.48,1373277,211315436.28,6.0,2.67,0.04,3.52
荣盛发展,2023-07-03,1.55,1.6,1.66,1.55,1948628,313465841.5,7.14,3.9,0.06,5.0
荣盛发展,2023-07-04,1.59,1.55,1.59,1.54,1205831,187516702.67,3.13,-3.13,-0.05,3.09
荣盛发展,2023-07-05,1.55,1.56,1.59,1.53,1054490,164805672.61,3.87,0.65,0.01,2.7
荣盛发展,2023-07-06,1.55,1.72,1.72,1.52,2938707,477050515.23,12.82,10.26,0.16,7.53
荣盛发展,2023-07-07,1.67,1.71,1.88,1.64,3912504,688323063.35,13.95,-0.58,-0.01,10.03
荣盛发展,2023-07-10,1.67,1.67,1.72,1.64,1821793,305296986.43,4.68,-2.34,-0.04,4.67
荣盛发展,2023-07-11,1.72,1.68,1.77,1.67,1686208,288397619.92,5.99,0.6,0.01,4.32
荣盛发展,2023-07-12,1.66,1.63,1.67,1.6,1726643,280845459.2,4.17,-2.98,-0.05,4.43
荣盛发展,2023-07-13,1.61,1.6,1.62,1.58,1060203,169031799.39,2.45,-1.84,-0.03,2.72
荣盛发展,2023-07-14,1.58,1.6,1.61,1.57,847639,134631903.88,2.5,0.0,0.0,2.17
荣盛发展,2023-07-17,1.68,1.76,1.76,1.66,2089532,360616861.11,6.25,10.0,0.16,5.36
荣盛发展,2023-07-18,1.79,1.78,1.85,1.7,3207724,569170013.04,8.52,1.14,0.02,8.22
荣盛发展,2023-07-19,1.75,1.96,1.96,1.75,3253496,614658864.32,11.8,10.11,0.18,8.34
荣盛发展,2023-07-20,1.99,2.16,2.16,1.98,7052615,1485344616.13,9.18,10.2,0.2,18.08
荣盛发展,2023-07-21,2.12,2.38,2.38,2.08,4812777,1096390071.11,13.89,10.19,0.22,12.34
荣盛发展,2023-07-24,2.51,2.31,2.62,2.23,8646838,2104332727.93,16.39,-2.94,-0.07,22.17
荣盛发展,2023-07-25,2.28,2.54,2.54,2.28,5650308,1384394642.97,11.26,9.96,0.23,14.49
荣盛发展,2023-07-26,2.78,2.79,2.79,2.67,4717480,1305338512.7,4.72,9.84,0.25,12.1
荣盛发展,2023-07-27,2.65,2.51,2.8,2.51,8675251,2276794187.34,10.39,-10.04,-0.28,22.24
荣盛发展,2023-07-28,2.44,2.76,2.76,2.43,8644569,2306704774.41,13.15,9.96,0.25,22.16
荣盛发展,2023-07-31,2.84,3.04,3.04,2.72,9287331,2717531340.3,11.59,10.14,0.28,23.81
荣盛发展,2023-08-01,2.97,2.89,3.09,2.87,7828734,2319862315.31,7.24,-4.93,-0.15,20.07
荣盛发展,2023-08-02,2.85,2.76,2.98,2.75,5623027,1603071413.97,7.96,-4.5,-0.13,14.42
荣盛发展,2023-08-03,2.72,3.04,3.04,2.6,8389893,2410078013.39,15.94,10.14,0.28,21.51
荣盛发展,2023-08-04,3.06,2.91,3.13,2.87,7870333,2344095250.98,8.55,-4.28,-0.13,20.18
荣盛发展,2023-08-07,2.83,2.69,2.86,2.66,5379034,1471323302.07,6.87,-7.56,-0.22,13.79
荣盛发展,2023-08-08,2.7,2.65,2.8,2.63,4076075,1102675155.34,6.32,-1.49,-0.04,10.45
荣盛发展,2023-08-09,2.6,2.61,2.71,2.55,3929629,1034216645.06,6.04,-1.51,-0.04,10.08
荣盛发展,2023-08-10,2.61,2.57,2.62,2.51,3067391,784071795.62,4.21,-1.53,-0.04,7.86
荣盛发展,2023-08-11,2.66,2.63,2.7,2.57,4547600,1200504974.81,5.06,2.33,0.06,11.66
荣盛发展,2023-08-14,2.43,2.37,2.45,2.37,3709380,884835441.0,3.04,-9.89,-0.26,9.51
荣盛发展,2023-08-15,2.37,2.53,2.61,2.37,5092889,1278791454.39,10.13,6.75,0.16,13.06
荣盛发展,2023-08-16,2.46,2.65,2.75,2.42,5598390,1436438140.3,13.04,4.74,0.12,14.35
荣盛发展,2023-08-17,2.56,2.56,2.62,2.51,3492486,893749088.64,4.15,-3.4,-0.09,8.95
荣盛发展,2023-08-18,2.56,2.44,2.6,2.42,2935417,735000483.36,7.03,-4.69,-0.12,7.53
荣盛发展,2023-08-21,2.45,2.45,2.53,2.43,2104787,519853993.58,4.1,0.41,0.01,5.4
荣盛发展,2023-08-22,2.41,2.44,2.49,2.36,2321391,559229296.22,5.31,-0.41,-0.01,5.95
荣盛发展,2023-08-23,2.41,2.33,2.41,2.32,2024010,476195984.92,3.69,-4.51,-0.11,5.19
荣盛发展,2023-08-24,2.34,2.29,2.35,2.27,1961793,451632131.68,3.43,-1.72,-0.04,5.03
荣盛发展,2023-08-25,2.26,2.28,2.34,2.25,2237399,512886406.04,3.93,-0.44,-0.01,5.74
荣盛发展,2023-08-28,2.45,2.51,2.51,2.37,4373930,1084019077.44,6.14,10.09,0.23,11.21
荣盛发展,2023-08-29,2.52,2.65,2.68,2.46,6412074,1663945564.25,8.76,5.58,0.14,16.44
荣盛发展,2023-08-30,2.64,2.64,2.73,2.54,5082288,1338888792.73,7.17,-0.38,-0.01,13.03
荣盛发展,2023-08-31,2.62,2.51,2.77,2.51,3923083,1020428177.49,9.85,-4.92,-0.13,10.06
荣盛发展,2023-09-01,2.6,2.44,2.65,2.42,3275073,817383388.93,9.16,-2.79,-0.07,8.4
荣盛发展,2023-09-04,2.47,2.41,2.51,2.4,2602194,635603598.06,4.51,-1.23,-0.03,6.67
荣盛发展,2023-09-05,2.4,2.32,2.41,2.29,2369327,551266133.0,4.98,-3.73,-0.09,6.07
荣盛发展,2023-09-06,2.32,2.41,2.42,2.27,2764027,653907384.2,6.47,3.88,0.09,7.09
荣盛发展,2023-09-07,2.38,2.35,2.52,2.35,3103689,753874986.5,7.05,-2.49,-0.06,7.96
荣盛发展,2023-09-08,2.33,2.25,2.33,2.22,2182970,492510719.65,4.68,-4.26,-0.1,5.6
荣盛发展,2023-09-11,2.24,2.2,2.25,2.18,1607976,353797947.93,3.11,-2.22,-0.05,4.12
荣盛发展,2023-09-12,2.19,2.18,2.2,2.15,1297869,281932744.41,2.27,-0.91,-0.02,3.33
荣盛发展,2023-09-13,2.17,2.17,2.21,2.13,1374655,298254947.96,3.67,-0.46,-0.01,3.52
荣盛发展,2023-09-14,2.15,2.13,2.17,2.11,1196733,255253374.0,2.76,-1.84,-0.04,3.07
荣盛发展,2023-09-15,2.16,2.13,2.17,2.12,863787,184483858.0,2.35,0.0,0.0,2.21
荣盛发展,2023-09-18,2.12,2.12,2.15,2.09,1175250,248273834.48,2.82,-0.47,-0.01,3.01
荣盛发展,2023-09-19,2.12,2.08,2.13,2.07,982650,205742868.44,2.83,-1.89,-0.04,2.52
荣盛发展,2023-09-20,2.08,2.08,2.11,2.05,1003591,209806699.2,2.88,0.0,0.0,2.57
荣盛发展,2023-09-21,2.08,2.08,2.13,2.06,1099731,230420979.36,3.37,0.0,0.0,2.82
荣盛发展,2023-09-22,2.06,2.13,2.13,2.06,1225842,258124047.24,3.37,2.4,0.05,3.14
荣盛发展,2023-09-25,2.11,2.04,2.12,2.03,1260742,258993033.48,4.23,-4.23,-0.09,3.23
荣盛发展,2023-09-26,2.04,2.02,2.06,2.02,787347,160774320.0,1.96,-0.98,-0.02,2.02
荣盛发展,2023-09-27,2.03,1.99,2.08,1.99,1287391,261111873.9,4.46,-1.49,-0.03,3.3
荣盛发展,2023-09-28,1.98,2.04,2.08,1.98,1502821,305845915.62,5.03,2.51,0.05,3.85
荣盛发展,2023-10-09,2.02,1.96,2.02,1.96,1319376,261112418.26,2.94,-3.92,-0.08,3.38
荣盛发展,2023-10-10,1.98,1.94,2.01,1.93,920677,180692356.0,4.08,-1.02,-0.02,2.36
荣盛发展,2023-10-11,1.93,1.9,1.95,1.89,1086937,208016977.4,3.09,-2.06,-0.04,2.79
荣盛发展,2023-10-12,1.9,1.93,1.94,1.9,821361,157714177.84,2.11,1.58,0.03,2.11
荣盛发展,2023-10-13,1.92,1.93,1.94,1.9,599382,115199930.0,2.07,0.0,0.0,1.54
荣盛发展,2023-10-16,1.93,1.89,1.95,1.87,735593,140119620.48,4.15,-2.07,-0.04,1.89
荣盛发展,2023-10-17,1.9,1.86,1.9,1.86,748640,140052917.0,2.12,-1.59,-0.03,1.92
荣盛发展,2023-10-18,1.85,1.83,1.86,1.82,804064,147992877.0,2.15,-1.61,-0.03,2.06
荣盛发展,2023-10-19,1.82,1.82,1.87,1.8,807660,148408720.24,3.83,-0.55,-0.01,2.07
荣盛发展,2023-10-20,1.82,2.0,2.0,1.8,952319,184624578.0,10.99,9.89,0.18,2.44
荣盛发展,2023-10-23,2.08,2.03,2.11,1.98,3263590,663394691.48,6.5,1.5,0.03,8.37
荣盛发展,2023-10-24,1.98,2.0,2.03,1.92,2726306,538102833.2,5.42,-1.48,-0.03,6.99
荣盛发展,2023-10-25,2.01,1.94,2.03,1.94,2145458,424099139.8,4.5,-3.0,-0.06,5.5
荣盛发展,2023-10-26,1.92,1.91,1.94,1.85,1847244,349142834.29,4.64,-1.55,-0.03,4.74
荣盛发展,2023-10-27,1.91,1.9,1.96,1.89,1340952,256587388.0,3.66,-0.52,-0.01,3.44
荣盛发展,2023-10-30,1.91,1.98,2.05,1.88,2941176,582176232.94,8.95,4.21,0.08,7.54
荣盛发展,2023-10-31,1.95,1.97,2.02,1.91,2378014,465739205.92,5.56,-0.51,-0.01,6.1
荣盛发展,2023-11-01,1.95,1.91,1.97,1.91,1359876,261721735.45,3.05,-3.05,-0.06,3.49
荣盛发展,2023-11-02,1.89,1.87,1.91,1.87,1122037,211547847.29,2.09,-2.09,-0.04,2.88
荣盛发展,2023-11-03,1.87,1.87,1.88,1.85,876952,163421958.65,1.6,0.0,0.0,2.25
荣盛发展,2023-11-06,1.87,1.94,1.96,1.86,1811602,348353787.76,5.35,3.74,0.07,4.64
荣盛发展,2023-11-07,1.94,1.92,1.96,1.9,1210028,232821688.1,3.09,-1.03,-0.02,3.1
荣盛发展,2023-11-08,1.92,1.92,1.96,1.9,1531171,296099981.55,3.13,0.0,0.0,3.93
荣盛发展,2023-11-09,1.94,1.87,1.96,1.86,1961200,373788118.94,5.21,-2.6,-0.05,5.03
荣盛发展,2023-11-10,1.85,1.85,1.86,1.82,1045647,192043424.62,2.14,-1.07,-0.02,2.68
荣盛发展,2023-11-13,1.85,1.87,1.88,1.84,785500,145777561.68,2.16,1.08,0.02,2.01
荣盛发展,2023-11-14,1.87,1.9,1.9,1.86,1145653,216575531.26,2.14,1.6,0.03,2.94
荣盛发展,2023-11-15,1.92,1.87,1.95,1.86,1079827,203776271.0,4.74,-1.58,-0.03,2.77
荣盛发展,2023-11-16,1.86,1.85,1.87,1.83,789916,145775948.0,2.14,-1.07,-0.02,2.03
荣盛发展,2023-11-17,1.84,1.84,1.85,1.82,684044,125583827.66,1.62,-0.54,-0.01,1.75
荣盛发展,2023-11-20,1.86,1.85,1.87,1.84,677312,125458921.0,1.63,0.54,0.01,1.74
荣盛发展,2023-11-21,1.86,2.04,2.04,1.85,4008545,805358004.06,10.27,10.27,0.19,10.28
荣盛发展,2023-11-22,2.0,1.98,2.08,1.97,4062673,822097700.55,5.39,-2.94,-0.06,10.42
荣盛发展,2023-11-23,1.97,2.11,2.17,1.93,4711668,974829616.49,12.12,6.57,0.13,12.08
荣盛发展,2023-11-24,2.1,2.08,2.22,2.06,3979940,849191481.53,7.58,-1.42,-0.03,10.2
荣盛发展,2023-11-27,2.04,1.99,2.07,1.98,2442422,491812517.45,4.33,-4.33,-0.09,6.26
荣盛发展,2023-11-28,1.98,1.95,1.98,1.93,1545167,301480839.45,2.51,-2.01,-0.04,3.96
荣盛发展,2023-11-29,1.95,1.89,1.96,1.87,1493602,284138304.0,4.62,-3.08,-0.06,3.83
荣盛发展,2023-11-30,1.88,1.9,1.91,1.87,1408053,265889111.0,2.12,0.53,0.01,3.61
荣盛发展,2023-12-01,1.9,1.93,1.97,1.87,1758571,338530950.35,5.26,1.58,0.03,4.51
荣盛发展,2023-12-04,1.92,1.89,1.93,1.87,1212186,228857240.92,3.11,-2.07,-0.04,3.11
荣盛发展,2023-12-05,1.85,1.84,1.87,1.82,1364909,251796448.56,2.65,-2.65,-0.05,3.5
荣盛发展,2023-12-06,1.83,1.87,1.89,1.82,901474,167164342.74,3.8,1.63,0.03,2.31
荣盛发展,2023-12-07,1.86,1.87,1.89,1.84,1100644,205245448.28,2.67,0.0,0.0,2.82
荣盛发展,2023-12-08,1.85,1.83,1.86,1.82,954785,174882501.0,2.14,-2.14,-0.04,2.45
荣盛发展,2023-12-11,1.81,1.82,1.82,1.78,1050452,188677529.98,2.19,-0.55,-0.01,2.69
荣盛发展,2023-12-12,1.81,1.87,1.88,1.81,1376585,255157535.84,3.85,2.75,0.05,3.53
荣盛发展,2023-12-13,1.84,1.82,1.85,1.82,815865,149418460.08,1.6,-2.67,-0.05,2.09
荣盛发展,2023-12-14,1.83,1.81,1.85,1.81,613771,111933268.14,2.2,-0.55,-0.01,1.57
荣盛发展,2023-12-15,1.83,1.83,1.86,1.82,824773,151594083.06,2.21,1.1,0.02,2.11
荣盛发展,2023-12-18,1.82,1.85,1.89,1.8,1338602,248242088.37,4.92,1.09,0.02,3.43
荣盛发展,2023-12-19,1.83,1.81,1.83,1.78,1003316,181489500.81,2.7,-2.16,-0.04,2.57
荣盛发展,2023-12-20,1.81,1.77,1.81,1.77,621093,111055469.55,2.21,-2.21,-0.04,1.59
荣盛发展,2023-12-21,1.77,1.85,1.89,1.75,1911113,350389800.86,7.91,4.52,0.08,4.9
荣盛发展,2023-12-22,1.83,1.79,1.84,1.78,1180478,212673776.24,3.24,-3.24,-0.06,3.03
荣盛发展,2023-12-25,1.78,1.76,1.79,1.75,608465,107323938.25,2.23,-1.68,-0.03,1.56
荣盛发展,2023-12-26,1.76,1.71,1.77,1.69,910919,156634402.0,4.55,-2.84,-0.05,2.34
荣盛发展,2023-12-27,1.7,1.68,1.72,1.64,1000535,167295754.35,4.68,-1.75,-0.03,2.57
荣盛发展,2023-12-28,1.67,1.73,1.74,1.66,1025715,175634342.62,4.76,2.98,0.05,2.63
荣盛发展,2023-12-29,1.72,1.71,1.74,1.7,715855,122964182.96,2.31,-1.16,-0.02,1.84
荣盛发展,2024-01-02,1.71,1.67,1.72,1.67,696035,117504269.0,2.92,-2.34,-0.04,1.78
荣盛发展,2024-01-03,1.67,1.69,1.7,1.66,585666,98808570.0,2.4,1.2,0.02,1.5
荣盛发展,2024-01-04,1.68,1.68,1.69,1.65,618010,103003822.0,2.37,-0.59,-0.01,1.58
荣盛发展,2024-01-05,1.67,1.67,1.71,1.66,762522,128402958.88,2.98,-0.6,-0.01,1.96
荣盛发展,2024-01-08,1.69,1.68,1.74,1.67,1036550,176349159.3,4.19,0.6,0.01,2.66
荣盛发展,2024-01-09,1.67,1.64,1.68,1.62,881069,144534745.0,3.57,-2.38,-0.04,2.26
荣盛发展,2024-01-10,1.63,1.63,1.66,1.6,677789,110529640.0,3.66,-0.61,-0.01,1.74
荣盛发展,2024-01-11,1.63,1.66,1.67,1.62,867824,143054977.0,3.07,1.84,0.03,2.23
荣盛发展,2024-01-12,1.65,1.67,1.71,1.65,1021795,172216921.0,3.61,0.6,0.01,2.62
荣盛发展,2024-01-15,1.67,1.68,1.7,1.64,700357,117066241.52,3.59,0.6,0.01,1.8
荣盛发展,2024-01-16,1.68,1.65,1.69,1.62,812787,133957515.0,4.17,-1.79,-0.03,2.08
荣盛发展,2024-01-17,1.64,1.6,1.64,1.6,566280,91418187.0,2.42,-3.03,-0.05,1.45
荣盛发展,2024-01-18,1.58,1.59,1.6,1.55,671074,105687838.0,3.13,-0.63,-0.01,1.72
荣盛发展,2024-01-19,1.59,1.59,1.61,1.57,445672,70973919.4,2.52,0.0,0.0,1.14
荣盛发展,2024-01-22,1.57,1.47,1.58,1.46,931086,141708591.24,7.55,-7.55,-0.12,2.39
荣盛发展,2024-01-23,1.47,1.5,1.51,1.45,777473,115562903.98,4.08,2.04,0.03,1.99
荣盛发展,2024-01-24,1.5,1.56,1.57,1.5,1024590,157405540.0,4.67,4.0,0.06,2.63
荣盛发展,2024-01-25,1.57,1.64,1.64,1.56,1063011,170945363.0,5.13,5.13,0.08,2.73
荣盛发展,2024-01-26,1.64,1.68,1.72,1.64,1328413,224455861.44,4.88,2.44,0.04,3.41
荣盛发展,2024-01-29,1.7,1.63,1.72,1.61,950377,157991602.42,6.55,-2.98,-0.05,2.44
荣盛发展,2024-01-30,1.7,1.61,1.74,1.61,1587268,266973562.0,7.98,-1.23,-0.02,4.07
荣盛发展,2024-01-31,1.6,1.55,1.65,1.53,1195306,191025207.0,7.45,-3.73,-0.06,3.06
荣盛发展,2024-02-01,1.54,1.56,1.61,1.53,1064721,166950953.96,5.16,0.65,0.01,2.73
荣盛发展,2024-02-02,1.57,1.54,1.65,1.48,1258806,198269694.0,10.9,-1.28,-0.02,3.23
荣盛发展,2024-02-05,1.52,1.39,1.53,1.39,1300113,184605429.79,9.09,-9.74,-0.15,3.33
荣盛发展,2024-02-06,1.35,1.43,1.47,1.26,1046569,143773288.6,15.11,2.88,0.04,2.68
荣盛发展,2024-02-07,1.43,1.39,1.45,1.37,961371,136160829.08,5.59,-2.8,-0.04,2.46
荣盛发展,2024-02-08,1.4,1.47,1.48,1.39,948538,136129000.0,6.47,5.76,0.08,2.43
荣盛发展,2024-02-19,1.49,1.55,1.56,1.46,1093603,165247794.25,6.8,5.44,0.08,2.8
荣盛发展,2024-02-20,1.54,1.58,1.61,1.51,1254120,197671828.18,6.45,1.94,0.03,3.22
荣盛发展,2024-02-21,1.58,1.59,1.64,1.55,1191351,190598768.0,5.7,0.63,0.01,3.05
荣盛发展,2024-02-22,1.59,1.6,1.62,1.57,867049,137833594.98,3.14,0.63,0.01,2.22
荣盛发展,2024-02-23,1.6,1.6,1.61,1.57,834601,132909022.76,2.5,0.0,0.0,2.14
荣盛发展,2024-02-26,1.6,1.6,1.62,1.56,973522,154908675.51,3.75,0.0,0.0,2.5
荣盛发展,2024-02-27,1.59,1.66,1.67,1.58,1345326,220203070.88,5.63,3.75,0.06,3.45
荣盛发展,2024-02-28,1.65,1.57,1.68,1.57,1576710,257444538.84,6.63,-5.42,-0.09,4.04
荣盛发展,2024-02-29,1.55,1.59,1.6,1.54,934302,147588978.0,3.82,1.27,0.02,2.4
荣盛发展,2024-03-01,1.6,1.59,1.61,1.57,676006,107450066.18,2.52,0.0,0.0,1.73
荣盛发展,2024-03-04,1.59,1.57,1.59,1.54,681415,106424005.96,3.14,-1.26,-0.02,1.75
荣盛发展,2024-03-05,1.56,1.54,1.58,1.53,619228,96075149.6,3.18,-1.91,-0.03,1.59
荣盛发展,2024-03-06,1.54,1.54,1.56,1.52,488121,75250663.92,2.6,0.0,0.0,1.25
荣盛发展,2024-03-07,1.54,1.53,1.56,1.52,567283,87306870.0,2.6,-0.65,-0.01,1.45
荣盛发展,2024-03-08,1.53,1.51,1.54,1.5,545602,82619830.75,2.61,-1.31,-0.02,1.4
荣盛发展,2024-03-11,1.52,1.56,1.56,1.51,712146,109250588.92,3.31,3.31,0.05,1.83
荣盛发展,2024-03-12,1.56,1.62,1.64,1.54,1438953,228763883.36,6.41,3.85,0.06,3.69
荣盛发展,2024-03-13,1.6,1.56,1.62,1.55,900817,141674293.88,4.32,-3.7,-0.06,2.31
荣盛发展,2024-03-14,1.55,1.57,1.59,1.55,761629,119405151.45,2.56,0.64,0.01,1.95
荣盛发展,2024-03-15,1.56,1.58,1.58,1.55,688376,107930075.0,1.91,0.64,0.01,1.76
荣盛发展,2024-03-18,1.58,1.58,1.59,1.56,531118,83470260.0,1.9,0.0,0.0,1.36
荣盛发展,2024-03-19,1.57,1.57,1.59,1.56,601860,94973625.96,1.9,-0.63,-0.01,1.54
荣盛发展,2024-03-20,1.57,1.57,1.58,1.56,531755,83384096.68,1.27,0.0,0.0,1.36
荣盛发展,2024-03-21,1.57,1.59,1.62,1.56,914225,145569875.37,3.82,1.27,0.02,2.34
荣盛发展,2024-03-22,1.59,1.57,1.6,1.54,1004899,156974291.72,3.77,-1.26,-0.02,2.58
荣盛发展,2024-03-25,1.57,1.55,1.6,1.55,888820,139669389.07,3.18,-1.27,-0.02,2.28
荣盛发展,2024-03-26,1.55,1.58,1.59,1.54,875657,137319383.46,3.23,1.94,0.03,2.25
荣盛发展,2024-03-27,1.58,1.52,1.58,1.52,956242,147712509.13,3.8,-3.8,-0.06,2.45
荣盛发展,2024-03-28,1.51,1.52,1.54,1.5,695620,105709804.31,2.63,0.0,0.0,1.78
荣盛发展,2024-03-29,1.5,1.48,1.51,1.46,720042,106746883.0,3.29,-2.63,-0.04,1.85
荣盛发展,2024-04-01,1.47,1.51,1.51,1.47,708454,106046106.67,2.7,2.03,0.03,1.82
荣盛发展,2024-04-02,1.52,1.61,1.66,1.49,3056091,493601133.16,11.26,6.62,0.1,7.84
荣盛发展,2024-04-03,1.59,1.57,1.65,1.56,2084219,332139411.32,5.59,-2.48,-0.04,5.34
荣盛发展,2024-04-08,1.55,1.5,1.57,1.49,1470283,224304010.96,5.1,-4.46,-0.07,3.77
荣盛发展,2024-04-09,1.51,1.51,1.52,1.49,644101,97174477.89,2.0,0.67,0.01,1.65
荣盛发展,2024-04-10,1.51,1.48,1.51,1.46,777930,115666841.0,3.31,-1.99,-0.03,1.99
荣盛发展,2024-04-11,1.47,1.48,1.5,1.46,478536,70947831.04,2.7,0.0,0.0,1.23
荣盛发展,2024-04-12,1.48,1.42,1.49,1.42,696717,100972557.8,4.73,-4.05,-0.06,1.79
荣盛发展,2024-04-15,1.41,1.38,1.43,1.3,897700,123656360.77,9.15,-2.82,-0.04,2.3
荣盛发展,2024-04-16,1.37,1.34,1.38,1.33,648448,87521748.05,3.62,-2.9,-0.04,1.66
荣盛发展,2024-04-17,1.35,1.4,1.41,1.34,576151,79779981.5,5.22,4.48,0.06,1.48
荣盛发展,2024-04-18,1.39,1.37,1.4,1.37,454346,62843958.64,2.14,-2.14,-0.03,1.16
荣盛发展,2024-04-19,1.36,1.35,1.38,1.34,393112,53323920.0,2.92,-1.46,-0.02,1.01
荣盛发展,2024-04-22,1.35,1.36,1.38,1.34,395227,53892479.95,2.96,0.74,0.01,1.01
荣盛发展,2024-04-23,1.35,1.35,1.37,1.34,389751,52635566.04,2.21,-0.74,-0.01,1.0
荣盛发展,2024-04-24,1.34,1.33,1.35,1.3,616979,81308229.0,3.7,-1.48,-0.02,1.58
荣盛发展,2024-04-25,1.32,1.33,1.34,1.3,442948,58676007.0,3.01,0.0,0.0,1.14
荣盛发展,2024-04-26,1.32,1.38,1.39,1.31,828868,112380035.4,6.02,3.76,0.05,2.13
荣盛发展,2024-04-29,1.45,1.52,1.52,1.44,1359569,204860202.5,5.8,10.14,0.14,3.49
荣盛发展,2024-04-30,1.67,1.67,1.67,1.64,2327669,388352096.46,1.97,9.87,0.15,5.97
荣盛发展,2024-05-06,1.7,1.64,1.84,1.64,4799024,827472262.22,11.98,-1.8,-0.03,12.3
荣盛发展,2024-05-07,1.63,1.7,1.73,1.6,3133406,523145949.81,7.93,3.66,0.06,8.03
荣盛发展,2024-05-08,1.64,1.58,1.65,1.58,2294294,369515457.8,4.12,-7.06,-0.12,5.88
荣盛发展,2024-05-09,1.6,1.6,1.65,1.58,1546171,248686036.0,4.43,1.27,0.02,3.96
荣盛发展,2024-05-10,1.6,1.7,1.75,1.58,3102031,516512380.42,10.63,6.25,0.1,7.95
荣盛发展,2024-05-13,1.67,1.65,1.68,1.63,1745849,288357793.26,2.94,-2.94,-0.05,4.48
荣盛发展,2024-05-14,1.64,1.64,1.67,1.62,1320046,217092152.41,3.03,-0.61,-0.01,3.38
荣盛发展,2024-05-15,1.63,1.67,1.74,1.62,2382770,401374849.9,7.32,1.83,0.03,6.11
荣盛发展,2024-05-16,1.66,1.84,1.84,1.65,5115871,921137173.9,11.38,10.18,0.17,13.12
荣盛发展,2024-05-17,1.89,2.02,2.02,1.83,6920367,1326473310.85,10.33,9.78,0.18,17.74
荣盛发展,2024-05-20,2.0,2.19,2.22,1.93,7559606,1617912436.83,14.36,8.42,0.17,19.38
荣盛发展,2024-05-21,2.12,2.07,2.16,2.04,5185299,1083937444.6,5.48,-5.48,-0.12,13.29
荣盛发展,2024-05-22,2.06,2.09,2.25,2.06,5714280,1219552839.16,9.18,0.97,0.02,14.65
荣盛发展,2024-05-23,2.01,2.01,2.07,1.97,4163112,839539991.37,4.78,-3.83,-0.08,10.67
荣盛发展,2024-05-24,2.0,1.92,2.0,1.91,2598908,506402482.0,4.48,-4.48,-0.09,6.66
荣盛发展,2024-05-27,1.92,1.88,1.95,1.83,2055921,384292353.92,6.25,-2.08,-0.04,5.27
荣盛发展,2024-05-28,1.9,1.79,1.93,1.77,2433766,444731173.25,8.51,-4.79,-0.09,6.24
荣盛发展,2024-05-29,1.79,1.86,1.93,1.78,3565025,664093334.03,8.38,3.91,0.07,9.14
荣盛发展,2024-05-30,1.82,1.77,1.83,1.75,2348813,418980807.0,4.3,-4.84,-0.09,6.02
荣盛发展,2024-05-31,1.81,1.78,1.83,1.77,1341123,239787035.91,3.39,0.56,0.01,3.44
荣盛发展,2024-06-03,1.76,1.69,1.76,1.66,2018808,343673874.44,5.62,-5.06,-0.09,5.18
荣盛发展,2024-06-04,1.69,1.73,1.76,1.64,1983357,340184634.0,7.1,2.37,0.04,5.09
荣盛发展,2024-06-05,1.71,1.66,1.72,1.65,1245342,208547906.02,4.05,-4.05,-0.07,3.19
荣盛发展,2024-06-06,1.65,1.58,1.68,1.55,1768165,282631093.8,7.83,-4.82,-0.08,4.53
荣盛发展,2024-06-07,1.59,1.64,1.67,1.58,1772096,287416683.0,5.7,3.8,0.06,4.54
荣盛发展,2024-06-11,1.64,1.61,1.64,1.59,1113142,179444491.35,3.05,-1.83,-0.03,2.85
荣盛发展,2024-06-12,1.6,1.61,1.63,1.58,1030054,165397158.13,3.11,0.0,0.0,2.64
荣盛发展,2024-06-13,1.63,1.57,1.65,1.56,1195278,189752875.92,5.59,-2.48,-0.04,3.06
荣盛发展,2024-06-14,1.56,1.59,1.62,1.54,1565633,247956605.97,5.1,1.27,0.02,4.01
荣盛发展,2024-06-17,1.57,1.55,1.59,1.54,1089651,169427449.38,3.14,-2.52,-0.04,2.79
荣盛发展,2024-06-18,1.55,1.55,1.57,1.53,732042,113275200.91,2.58,0.0,0.0,1.88
荣盛发展,2024-06-19,1.54,1.52,1.56,1.51,896694,137533425.0,3.23,-1.94,-0.03,2.3
荣盛发展,2024-06-20,1.49,1.46,1.51,1.46,1067475,158030879.09,3.29,-3.95,-0.06,2.74
荣盛发展,2024-06-21,1.47,1.45,1.49,1.45,786677,115574352.0,2.74,-0.68,-0.01,2.02
荣盛发展,2024-06-24,1.43,1.38,1.43,1.38,1017989,142806241.0,3.45,-4.83,-0.07,2.61
荣盛发展,2024-06-25,1.39,1.52,1.52,1.38,1605627,233392821.3,10.14,10.14,0.14,4.12
荣盛发展,2024-06-26,1.52,1.48,1.52,1.45,1774027,262542037.88,4.61,-2.63,-0.04,4.55
荣盛发展,2024-06-27,1.49,1.49,1.56,1.47,1800370,273955654.4,6.08,0.68,0.01,4.62
荣盛发展,2024-06-28,1.47,1.49,1.53,1.45,1429442,212928822.23,5.37,0.0,0.0,3.66
荣盛发展,2024-07-01,1.47,1.56,1.63,1.47,1952688,305147441.4,10.74,4.7,0.07,5.01
荣盛发展,2024-07-02,1.54,1.54,1.58,1.52,1430195,221990257.31,3.85,-1.28,-0.02,3.67
荣盛发展,2024-07-03,1.54,1.57,1.6,1.51,1474210,230977391.72,5.84,1.95,0.03,3.78
荣盛发展,2024-07-04,1.55,1.49,1.56,1.48,1248969,188507703.59,5.1,-5.1,-0.08,3.2
荣盛发展,2024-07-05,1.5,1.49,1.52,1.47,793875,118636450.0,3.36,0.0,0.0,2.04
荣盛发展,2024-07-08,1.49,1.43,1.49,1.42,845898,121876363.0,4.7,-4.03,-0.06,2.17
荣盛发展,2024-07-09,1.43,1.44,1.45,1.39,902490,128368759.0,4.2,0.7,0.01,2.31
荣盛发展,2024-07-10,1.39,1.37,1.41,1.33,1100395,151155121.6,5.56,-4.86,-0.07,2.82
荣盛发展,2024-07-11,1.39,1.41,1.42,1.37,1064832,148945497.0,3.65,2.92,0.04,2.73
荣盛发展,2024-07-12,1.41,1.45,1.53,1.4,1549351,228010840.9,9.22,2.84,0.04,3.97
荣盛发展,2024-07-15,1.43,1.4,1.44,1.38,935691,131216249.15,4.14,-3.45,-0.05,2.4
荣盛发展,2024-07-16,1.4,1.41,1.42,1.39,664267,93173947.0,2.14,0.71,0.01,1.7
荣盛发展,2024-07-17,1.4,1.43,1.47,1.39,1113705,160324752.06,5.67,1.42,0.02,2.86
荣盛发展,2024-07-18,1.42,1.41,1.42,1.38,811045,113391533.16,2.8,-1.4,-0.02,2.08
荣盛发展,2024-07-19,1.39,1.38,1.4,1.36,776684,107122816.0,2.84,-2.13,-0.03,1.99
荣盛发展,2024-07-22,1.39,1.38,1.4,1.36,520931,71757264.0,2.9,0.0,0.0,1.34
荣盛发展,2024-07-23,1.38,1.37,1.4,1.36,618596,85616982.0,2.9,-0.72,-0.01,1.59
荣盛发展,2024-07-24,1.37,1.34,1.38,1.33,720160,97165886.94,3.65,-2.19,-0.03,1.85
荣盛发展,2024-07-25,1.33,1.35,1.36,1.33,475047,64172217.0,2.24,0.75,0.01,1.22
荣盛发展,2024-07-26,1.36,1.36,1.38,1.35,506910,69091233.3,2.22,0.74,0.01,1.3
荣盛发展,2024-07-29,1.36,1.35,1.37,1.33,505629,68287217.98,2.94,-0.74,-0.01,1.3
荣盛发展,2024-07-30,1.35,1.38,1.39,1.34,852000,117061118.72,3.7,2.22,0.03,2.18
荣盛发展,2024-07-31,1.39,1.43,1.43,1.37,951289,133948803.8,4.35,3.62,0.05,2.44
荣盛发展,2024-08-01,1.43,1.41,1.44,1.39,742961,104910813.0,3.5,-1.4,-0.02,1.9
荣盛发展,2024-08-02,1.4,1.39,1.43,1.39,779869,109629128.6,2.84,-1.42,-0.02,2.0
荣盛发展,2024-08-05,1.38,1.38,1.42,1.38,963152,134887989.23,2.88,-0.72,-0.01,2.47
荣盛发展,2024-08-06,1.39,1.41,1.41,1.38,784920,109499884.2,2.17,2.17,0.03,2.01
荣盛发展,2024-08-07,1.4,1.38,1.41,1.37,601419,83353689.61,2.84,-2.13,-0.03,1.54
荣盛发展,2024-08-08,1.39,1.43,1.48,1.38,1744953,248793767.0,7.25,3.62,0.05,4.47
荣盛发展,2024-08-09,1.41,1.46,1.51,1.4,2134262,314525529.88,7.69,2.1,0.03,5.47
荣盛发展,2024-08-12,1.44,1.38,1.44,1.37,1337540,187156880.0,4.79,-5.48,-0.08,3.43
荣盛发展,2024-08-13,1.37,1.37,1.38,1.34,725620,98640960.26,2.9,-0.72,-0.01,1.86
荣盛发展,2024-08-14,1.37,1.36,1.38,1.35,356967,48647785.49,2.19,-0.73,-0.01,0.92
荣盛发展,2024-08-15,1.36,1.38,1.39,1.34,774860,106469383.76,3.68,1.47,0.02,1.99
荣盛发展,2024-08-16,1.38,1.36,1.39,1.36,492593,67701845.0,2.17,-1.45,-0.02,1.26
荣盛发展,2024-08-19,1.36,1.36,1.38,1.35,566302,77161975.0,2.21,0.0,0.0,1.45
荣盛发展,2024-08-20,1.35,1.34,1.37,1.33,533466,71729138.0,2.94,-1.47,-0.02,1.37
荣盛发展,2024-08-21,1.33,1.34,1.35,1.32,393003,52615674.98,2.24,0.0,0.0,1.01
荣盛发展,2024-08-22,1.35,1.34,1.37,1.33,530200,71499346.66,2.99,0.0,0.0,1.36
荣盛发展,2024-08-23,1.33,1.32,1.34,1.31,447553,59215965.4,2.24,-1.49,-0.02,1.15
荣盛发展,2024-08-26,1.32,1.33,1.35,1.31,352526,46959867.0,3.03,0.76,0.01,0.9
荣盛发展,2024-08-27,1.33,1.29,1.34,1.29,460703,60238298.69,3.76,-3.01,-0.04,1.18
荣盛发展,2024-08-28,1.25,1.17,1.26,1.16,1627689,192061426.11,7.75,-9.3,-0.12,4.17
荣盛发展,2024-08-29,1.15,1.17,1.19,1.14,783907,91371871.62,4.27,0.0,0.0,2.01
荣盛发展,2024-08-30,1.17,1.23,1.28,1.16,1477276,180794173.8,10.26,5.13,0.06,3.79
荣盛发展,2024-09-02,1.22,1.19,1.23,1.18,863377,103900303.01,4.07,-3.25,-0.04,2.21
荣盛发展,2024-09-03,1.19,1.19,1.21,1.17,641152,76483327.58,3.36,0.0,0.0,1.64
荣盛发展,2024-09-04,1.18,1.18,1.21,1.17,635711,75479594.1,3.36,-0.84,-0.01,1.63
荣盛发展,2024-09-05,1.19,1.2,1.23,1.19,819891,98846236.0,3.39,1.69,0.02,2.1
荣盛发展,2024-09-06,1.2,1.17,1.21,1.17,532581,63080964.0,3.33,-2.5,-0.03,1.37
荣盛发展,2024-09-09,1.16,1.16,1.18,1.15,384386,44794522.0,2.56,-0.85,-0.01,0.99
荣盛发展,2024-09-10,1.17,1.15,1.18,1.13,588318,67769115.0,4.31,-0.86,-0.01,1.51
荣盛发展,2024-09-11,1.15,1.15,1.16,1.14,410071,47094518.0,1.74,0.0,0.0,1.05
荣盛发展,2024-09-12,1.15,1.15,1.17,1.14,466846,54029768.0,2.61,0.0,0.0,1.2
荣盛发展,2024-09-13,1.15,1.16,1.17,1.14,564190,65458836.55,2.61,0.87,0.01,1.45
荣盛发展,2024-09-18,1.16,1.21,1.22,1.15,1005408,119041596.6,6.03,4.31,0.05,2.58
荣盛发展,2024-09-19,1.21,1.23,1.25,1.2,1296531,159312437.0,4.13,1.65,0.02,3.32
荣盛发展,2024-09-20,1.21,1.25,1.25,1.2,1118148,137656370.04,4.07,1.63,0.02,2.87
荣盛发展,2024-09-23,1.23,1.23,1.25,1.22,563000,69328933.0,2.4,-1.6,-0.02,1.44
荣盛发展,2024-09-24,1.25,1.28,1.28,1.24,1277668,161406427.48,3.25,4.07,0.05,3.28
荣盛发展,2024-09-25,1.3,1.34,1.41,1.29,2571614,352873174.54,9.38,4.69,0.06,6.59
荣盛发展,2024-09-26,1.32,1.47,1.47,1.31,3617048,512422607.42,11.94,9.7,0.13,9.27
荣盛发展,2024-09-27,1.53,1.62,1.62,1.5,3854570,600786830.6,8.16,10.2,0.15,9.88
荣盛发展,2024-09-30,1.78,1.78,1.78,1.69,2989716,527142908.3,5.56,9.88,0.16,7.67
荣盛发展,2024-10-08,1.96,1.83,1.96,1.66,4728671,882656629.61,16.85,2.81,0.05,12.12
荣盛发展,2024-10-09,1.74,1.65,1.74,1.65,2159989,359976226.0,4.92,-9.84,-0.18,5.54
荣盛发展,2024-10-10,1.58,1.57,1.65,1.52,2139527,337726798.78,7.88,-4.85,-0.08,5.49
荣盛发展,2024-10-11,1.58,1.58,1.62,1.55,1400114,222669306.28,4.46,0.64,0.01,3.59
荣盛发展,2024-10-14,1.65,1.62,1.68,1.58,1545322,250760790.74,6.33,2.53,0.04,3.96
荣盛发展,2024-10-15,1.6,1.55,1.62,1.55,1459282,230783061.53,4.32,-4.32,-0.07,3.74
荣盛发展,2024-10-16,1.57,1.67,1.68,1.56,2423679,395716589.9,7.74,7.74,0.12,6.21
荣盛发展,2024-10-17,1.67,1.57,1.67,1.55,2027925,323804476.99,7.19,-5.99,-0.1,5.2
荣盛发展,2024-10-18,1.54,1.59,1.61,1.51,1636310,253256061.08,6.37,1.27,0.02,4.2
荣盛发展,2024-10-21,1.57,1.56,1.59,1.54,1285386,200610520.24,3.14,-1.89,-0.03,3.3
荣盛发展,2024-10-22,1.56,1.58,1.59,1.56,956378,150408611.56,1.92,1.28,0.02,2.45
荣盛发展,2024-10-23,1.58,1.58,1.62,1.56,1476051,234635833.0,3.8,0.0,0.0,3.78
荣盛发展,2024-10-24,1.56,1.57,1.59,1.55,1255551,196502224.12,2.53,-0.63,-0.01,3.22
荣盛发展,2024-10-25,1.56,1.59,1.62,1.56,1751805,279793198.66,3.82,1.27,0.02,4.49
荣盛发展,2024-10-28,1.6,1.69,1.7,1.59,2509622,417251319.95,6.92,6.29,0.1,6.43
荣盛发展,2024-10-29,1.71,1.63,1.77,1.62,2540044,428774750.0,8.88,-3.55,-0.06,6.51
荣盛发展,2024-10-30,1.63,1.79,1.79,1.63,4474132,783649934.43,9.82,9.82,0.16,11.47
荣盛发展,2024-10-31,1.77,1.79,1.88,1.71,4768008,859175986.48,9.5,0.0,0.0,12.22
荣盛发展,2024-11-01,1.77,1.82,1.93,1.75,3701642,679589149.96,10.06,1.68,0.03,9.49
荣盛发展,2024-11-04,1.89,1.79,1.89,1.7,2525967,446484995.8,10.44,-1.65,-0.03,6.48
荣盛发展,2024-11-05,1.77,1.97,1.97,1.76,2785520,534468491.82,11.73,10.06,0.18,7.14
荣盛发展,2024-11-06,2.16,2.17,2.17,2.1,3383370,731401784.8,3.55,10.15,0.2,8.67
荣盛发展,2024-11-07,2.39,2.39,2.39,2.39,366324,87551541.16,0.0,10.14,0.22,0.94
荣盛发展,2024-11-08,2.63,2.43,2.63,2.39,5807005,1472418869.98,10.04,1.67,0.04,14.89
荣盛发展,2024-11-11,2.39,2.49,2.67,2.33,8351921,2142280844.81,13.99,2.47,0.06,21.41
荣盛发展,2024-11-12,2.27,2.24,2.36,2.24,5711826,1293118028.74,4.82,-10.04,-0.25,14.64
荣盛发展,2024-11-13,2.19,2.16,2.33,2.15,3489471,773798680.17,8.04,-3.57,-0.08,8.95
荣盛发展,2024-11-14,2.23,2.04,2.25,2.03,3776020,798917434.55,10.19,-5.56,-0.12,9.68
荣盛发展,2024-11-15,2.02,1.99,2.09,1.98,2583554,525768202.48,5.39,-2.45,-0.05,6.62
荣盛发展,2024-11-18,2.05,2.19,2.19,2.05,5690601,1225848880.47,7.04,10.05,0.2,14.59
荣盛发展,2024-11-19,2.1,2.16,2.25,1.99,4824188,1007281244.98,11.87,-1.37,-0.03,12.37
荣盛发展,2024-11-20,2.1,2.13,2.2,2.06,3142751,669951208.57,6.48,-1.39,-0.03,8.06
荣盛发展,2024-11-21,2.1,2.09,2.15,2.07,2470398,518617378.84,3.76,-1.88,-0.04,6.33
荣盛发展,2024-11-22,2.07,2.03,2.15,2.03,2686888,563201695.9,5.74,-2.87,-0.06,6.89
荣盛发展,2024-11-25,2.0,1.97,2.03,1.92,2215936,434385032.21,5.42,-2.96,-0.06,5.68
荣盛发展,2024-11-26,1.95,1.95,2.0,1.94,1633561,320253678.96,3.05,-1.02,-0.02,4.19
荣盛发展,2024-11-27,1.94,2.0,2.02,1.87,2171508,425359268.74,7.69,2.56,0.05,5.57
荣盛发展,2024-11-28,1.99,2.03,2.07,1.97,2349930,476102007.08,5.0,1.5,0.03,6.03
荣盛发展,2024-11-29,2.01,2.03,2.05,1.97,1943237,390663334.0,3.94,0.0,0.0,4.98
荣盛发展,2024-12-02,2.02,2.13,2.17,2.0,2879583,609232253.09,8.37,4.93,0.1,7.38
荣盛发展,2024-12-03,2.13,2.24,2.32,2.09,3913886,855642858.79,10.8,5.16,0.11,10.03
荣盛发展,2024-12-04,2.22,2.14,2.31,2.12,3425262,757778247.28,8.48,-4.46,-0.1,8.78
荣盛发展,2024-12-05,2.1,2.2,2.22,2.1,2688569,578837095.0,5.61,2.8,0.06,6.89
荣盛发展,2024-12-06,2.19,2.3,2.37,2.18,4242572,973619224.11,8.64,4.55,0.1,10.88
荣盛发展,2024-12-09,2.34,2.2,2.36,2.17,3183856,714302498.49,8.26,-4.35,-0.1,8.16
荣盛发展,2024-12-10,2.31,2.23,2.36,2.21,3983172,913188414.68,6.82,1.36,0.03,10.21
荣盛发展,2024-12-11,2.17,2.34,2.39,2.14,4592680,1061452295.3,11.21,4.93,0.11,11.78
荣盛发展,2024-12-12,2.33,2.33,2.38,2.27,3388343,788874721.97,4.7,-0.43,-0.01,8.69
荣盛发展,2024-12-13,2.3,2.2,2.31,2.19,2911650,647342753.93,5.15,-5.58,-0.13,7.47
荣盛发展,2024-12-16,2.2,2.21,2.25,2.18,1871936,413922913.3,3.18,0.45,0.01,4.8
荣盛发展,2024-12-17,2.2,2.08,2.2,2.07,2052362,433176165.0,5.88,-5.88,-0.13,5.26
荣盛发展,2024-12-18,2.07,2.06,2.09,2.04,1330966,274708519.86,2.4,-0.96,-0.02,3.41
荣盛发展,2024-12-19,2.03,2.04,2.05,1.99,1274177,257528467.0,2.91,-0.97,-0.02,3.27
荣盛发展,2024-12-20,2.03,2.02,2.06,2.01,1106379,224859743.33,2.45,-0.98,-0.02,2.84
荣盛发展,2024-12-23,2.01,1.88,2.01,1.87,1968554,378289807.72,6.93,-6.93,-0.14,5.05
荣盛发展,2024-12-24,1.85,1.81,1.88,1.77,2154249,391037368.86,5.85,-3.72,-0.07,5.52
荣盛发展,2024-12-25,1.82,1.78,1.82,1.73,1615954,286778134.68,4.97,-1.66,-0.03,4.14
荣盛发展,2024-12-26,1.77,1.78,1.81,1.74,1211887,215225973.0,3.93,0.0,0.0,3.11
荣盛发展,2024-12-27,1.76,1.79,1.82,1.75,1538487,276623626.75,3.93,0.56,0.01,3.94
荣盛发展,2024-12-30,1.78,1.71,1.78,1.68,1963590,335164638.02,5.59,-4.47,-0.08,5.03
荣盛发展,2024-12-31,1.72,1.65,1.74,1.64,1455200,243818725.83,5.85,-3.51,-0.06,3.73
荣盛发展,2025-01-02,1.64,1.64,1.71,1.62,1785446,298345226.18,5.45,-0.61,-0.01,4.58
荣盛发展,2025-01-03,1.64,1.56,1.65,1.55,1554024,246822992.96,6.1,-4.88,-0.08,3.99
荣盛发展,2025-01-06,1.55,1.55,1.56,1.5,1301068,199448046.23,3.85,-0.64,-0.01,3.34
荣盛发展,2025-01-07,1.54,1.59,1.59,1.52,1210919,188783899.0,4.52,2.58,0.04,3.11
荣盛发展,2025-01-08,1.58,1.6,1.61,1.53,1532257,241181972.0,5.03,0.63,0.01,3.93
荣盛发展,2025-01-09,1.59,1.59,1.62,1.57,1126301,179745312.0,3.13,-0.63,-0.01,2.89
荣盛发展,2025-01-10,1.59,1.52,1.61,1.51,1200804,186504582.88,6.29,-4.4,-0.07,3.08
荣盛发展,2025-01-13,1.49,1.53,1.54,1.46,1199381,180413532.98,5.26,0.66,0.01,3.08
荣盛发展,2025-01-14,1.53,1.6,1.61,1.52,1593209,249990446.3,5.88,4.58,0.07,4.09
荣盛发展,2025-01-15,1.59,1.59,1.62,1.55,1281926,203056685.0,4.38,-0.63,-0.01,3.29
荣盛发展,2025-01-16,1.6,1.61,1.68,1.58,1793302,292057886.37,6.29,1.26,0.02,4.6
荣盛发展,2025-01-17,1.58,1.6,1.63,1.56,1203164,191664273.4,4.35,-0.62,-0.01,3.09
荣盛发展,2025-01-20,1.6,1.62,1.64,1.55,1480605,237397388.0,5.63,1.25,0.02,3.8
荣盛发展,2025-01-21,1.61,1.63,1.71,1.6,2479299,409462635.24,6.79,0.62,0.01,6.36
荣盛发展,2025-01-22,1.61,1.55,1.61,1.54,1598617,250371982.94,4.29,-4.91,-0.08,4.1
荣盛发展,2025-01-23,1.57,1.55,1.61,1.55,1295531,204322586.0,3.87,0.0,0.0,3.32
荣盛发展,2025-01-24,1.4,1.4,1.44,1.4,1614586,226587073.0,2.58,-9.68,-0.15,4.14
荣盛发展,2025-01-27,1.39,1.38,1.45,1.38,1687310,237449768.09,5.0,-1.43,-0.02,4.33
荣盛发展,2025-02-05,1.4,1.39,1.43,1.37,1494580,208902147.6,4.35,0.72,0.01,3.84
荣盛发展,2025-02-06,1.39,1.46,1.46,1.37,1759675,249600749.46,6.47,5.04,0.07,4.52
荣盛发展,2025-02-07,1.45,1.53,1.57,1.44,2061827,312696236.51,8.9,4.79,0.07,5.29
荣盛发展,2025-02-10,1.53,1.59,1.61,1.53,1761614,277947582.08,5.23,3.92,0.06,4.52
荣盛发展,2025-02-11,1.6,1.55,1.61,1.54,1105186,171965969.15,4.4,-2.52,-0.04,2.84
荣盛发展,2025-02-12,1.55,1.6,1.61,1.54,1525597,240257902.82,4.52,3.23,0.05,3.92
荣盛发展,2025-02-13,1.6,1.64,1.69,1.58,2572532,422917494.24,6.88,2.5,0.04,6.6
荣盛发展,2025-02-14,1.63,1.58,1.64,1.56,1506803,240467699.14,4.88,-3.66,-0.06,3.87
荣盛发展,2025-02-17,1.58,1.62,1.64,1.57,1395785,224362131.0,4.43,2.53,0.04,3.58
荣盛发展,2025-02-18,1.63,1.54,1.65,1.54,1415360,223028612.63,6.79,-4.94,-0.08,3.63
荣盛发展,2025-02-19,1.54,1.56,1.57,1.53,930903,144133573.9,2.6,1.3,0.02,2.39
荣盛发展,2025-02-20,1.56,1.55,1.58,1.53,1012937,157160188.08,3.21,-0.64,-0.01,2.6
荣盛发展,2025-02-21,1.56,1.54,1.57,1.5,1311458,201467495.27,4.52,-0.65,-0.01,3.37
荣盛发展,2025-02-24,1.53,1.58,1.63,1.53,1769028,281589888.93,6.49,2.6,0.04,4.54
荣盛发展,2025-02-25,1.57,1.57,1.61,1.55,1092443,173239757.07,3.8,-0.63,-0.01,2.8
荣盛发展,2025-02-26,1.57,1.62,1.63,1.57,1406982,226661057.21,3.82,3.18,0.05,3.61
荣盛发展,2025-02-27,1.62,1.6,1.68,1.58,1346620,217887819.0,6.17,-1.23,-0.02,3.46
荣盛发展,2025-02-28,1.59,1.55,1.61,1.54,1459352,229510891.61,4.38,-3.13,-0.05,3.75
荣盛发展,2025-03-03,1.57,1.56,1.61,1.55,1317363,207980706.24,3.87,0.65,0.01,3.38
荣盛发展,2025-03-04,1.55,1.55,1.56,1.53,1052078,162206284.9,1.92,-0.64,-0.01,2.7
荣盛发展,2025-03-05,1.55,1.52,1.55,1.48,1203719,182054750.0,4.52,-1.94,-0.03,3.09
荣盛发展,2025-03-06,1.55,1.59,1.59,1.53,1717857,269095957.55,3.95,4.61,0.07,4.41
荣盛发展,2025-03-07,1.57,1.53,1.58,1.52,1279364,197426941.0,3.77,-3.77,-0.06,3.28
荣盛发展,2025-03-10,1.54,1.53,1.55,1.51,640037,97783833.0,2.61,0.0,0.0,1.64
荣盛发展,2025-03-11,1.51,1.53,1.53,1.5,757135,114686356.0,1.96,0.0,0.0,1.94
荣盛发展,2025-03-12,1.52,1.52,1.54,1.51,797116,121795812.04,1.96,-0.65,-0.01,2.05
荣盛发展,2025-03-13,1.52,1.5,1.53,1.48,819924,123217265.0,3.29,-1.32,-0.02,2.1
荣盛发展,2025-03-14,1.5,1.54,1.55,1.5,1049290,160159180.4,3.33,2.67,0.04,2.69
荣盛发展,2025-03-17,1.55,1.57,1.59,1.54,1314104,206754693.14,3.25,1.95,0.03,3.37
荣盛发展,2025-03-18,1.58,1.55,1.58,1.54,764014,118627266.0,2.55,-1.27,-0.02,1.96
荣盛发展,2025-03-19,1.55,1.54,1.56,1.53,590163,91137297.0,1.94,-0.65,-0.01,1.51
荣盛发展,2025-03-20,1.53,1.53,1.56,1.52,695241,107184199.0,2.6,-0.65,-0.01,1.78
荣盛发展,2025-03-21,1.53,1.51,1.54,1.51,562554,85607407.0,1.96,-1.31,-0.02,1.44
荣盛发展,2025-03-24,1.5,1.46,1.51,1.43,1281836,187435234.88,5.3,-3.31,-0.05,3.29
荣盛发展,2025-03-25,1.45,1.46,1.47,1.44,521344,75929087.0,2.05,0.0,0.0,1.34
荣盛发展,2025-03-26,1.61,1.61,1.61,1.6,1140827,183672556.0,0.68,10.27,0.15,2.93
荣盛发展,2025-03-27,1.67,1.59,1.73,1.58,3990548,655907232.06,9.32,-1.24,-0.02,10.24
荣盛发展,2025-03-28,1.57,1.57,1.63,1.56,2337422,372502627.78,4.4,-1.26,-0.02,6.0
荣盛发展,2025-03-31,1.55,1.5,1.58,1.49,1923937,292556161.2,5.73,-4.46,-0.07,4.94
荣盛发展,2025-04-01,1.5,1.5,1.53,1.49,1113804,168205081.0,2.67,0.0,0.0,2.86
荣盛发展,2025-04-02,1.5,1.48,1.5,1.48,852461,126719337.14,1.33,-1.33,-0.02,2.19
荣盛发展,2025-04-03,1.47,1.49,1.52,1.46,948340,141836847.05,4.05,0.68,0.01,2.43
荣盛发展,2025-04-07,1.43,1.34,1.43,1.34,1346168,183562407.0,6.04,-10.07,-0.15,3.45
荣盛发展,2025-04-08,1.31,1.35,1.36,1.3,1337726,178664981.38,4.48,0.75,0.01,3.43
荣盛发展,2025-04-09,1.32,1.39,1.41,1.24,1633155,218199607.18,12.59,2.96,0.04,4.19
荣盛发展,2025-04-10,1.39,1.44,1.45,1.38,1543337,218859958.0,5.04,3.6,0.05,3.96
荣盛发展,2025-04-11,1.42,1.41,1.43,1.39,1045715,147370663.4,2.78,-2.08,-0.03,2.68
荣盛发展,2025-04-14,1.41,1.42,1.43,1.4,949249,134477751.22,2.13,0.71,0.01,2.44
荣盛发展,2025-04-15,1.41,1.39,1.42,1.38,643127,89516988.0,2.82,-2.11,-0.03,1.65
荣盛发展,2025-04-16,1.39,1.38,1.41,1.36,732991,101361203.0,3.6,-0.72,-0.01,1.88
荣盛发展,2025-04-17,1.37,1.41,1.45,1.36,1634051,232516362.35,6.52,2.17,0.03,4.19
荣盛发展,2025-04-18,1.4,1.45,1.46,1.39,1336548,190194659.0,4.96,2.84,0.04,3.43
荣盛发展,2025-04-21,1.43,1.44,1.45,1.41,975077,139294317.99,2.76,-0.69,-0.01,2.5
荣盛发展,2025-04-22,1.42,1.43,1.45,1.42,1065925,152866267.0,2.08,-0.69,-0.01,2.74
荣盛发展,2025-04-23,1.51,1.44,1.54,1.43,1857602,273538293.94,7.69,0.7,0.01,4.77
荣盛发展,2025-04-24,1.42,1.39,1.45,1.38,1385972,195703414.94,4.86,-3.47,-0.05,3.56
荣盛发展,2025-04-25,1.39,1.42,1.48,1.39,2032938,292356608.0,6.47,2.16,0.03,5.22
荣盛发展,2025-04-28,1.4,1.36,1.41,1.35,1562014,213649926.0,4.23,-4.23,-0.06,4.01
荣盛发展,2025-04-29,1.36,1.37,1.38,1.35,632625,86546082.02,2.21,0.74,0.01,1.62
荣盛发展,2025-04-30,1.37,1.4,1.42,1.37,1015266,141418373.0,3.65,2.19,0.03,2.61
荣盛发展,2025-05-06,1.4,1.43,1.43,1.4,775514,109897428.82,2.14,2.14,0.03,1.99
荣盛发展,2025-05-07,1.46,1.45,1.51,1.44,1439659,210646653.09,4.9,1.4,0.02,3.69
荣盛发展,2025-05-08,1.44,1.46,1.47,1.43,992134,144309133.68,2.76,0.69,0.01,2.55
荣盛发展,2025-05-09,1.47,1.41,1.47,1.41,903761,129448923.59,4.11,-3.42,-0.05,2.32
荣盛发展,2025-05-12,1.42,1.44,1.44,1.41,853614,121972928.56,2.13,2.13,0.03,2.19
荣盛发展,2025-05-13,1.45,1.44,1.46,1.42,798231,114783502.55,2.78,0.0,0.0,2.05
荣盛发展,2025-05-14,1.43,1.45,1.45,1.41,834904,119430701.02,2.78,0.69,0.01,2.14
荣盛发展,2025-05-15,1.44,1.42,1.45,1.41,737794,105193716.11,2.76,-2.07,-0.03,1.89
荣盛发展,2025-05-16,1.41,1.41,1.42,1.4,612786,86440394.0,1.41,-0.7,-0.01,1.57
荣盛发展,2025-05-19,1.41,1.52,1.55,1.41,4212462,632961566.74,9.93,7.8,0.11,10.81
荣盛发展,2025-05-20,1.5,1.5,1.54,1.48,2670622,401734749.2,3.95,-1.32,-0.02,6.85
荣盛发展,2025-05-21,1.5,1.48,1.52,1.46,1828465,271248937.72,4.0,-1.33,-0.02,4.69
荣盛发展,2025-05-22,1.46,1.43,1.48,1.43,1197213,173442612.5,3.38,-3.38,-0.05,3.07
荣盛发展,2025-05-23,1.42,1.4,1.44,1.39,1486770,210956184.0,3.5,-2.1,-0.03,3.82
荣盛发展,2025-05-26,1.39,1.41,1.41,1.38,982223,137317420.97,2.14,0.71,0.01,2.52
荣盛发展,2025-05-27,1.4,1.41,1.42,1.39,879250,123492583.83,2.13,0.0,0.0,2.26
荣盛发展,2025-05-28,1.42,1.4,1.42,1.38,739973,103470793.6,2.84,-0.71,-0.01,1.9
荣盛发展,2025-05-29,1.39,1.42,1.43,1.39,855982,120866431.0,2.86,1.43,0.02,2.2
荣盛发展,2025-05-30,1.41,1.4,1.42,1.4,622006,87607361.6,1.41,-1.41,-0.02,1.6
荣盛发展,2025-06-03,1.39,1.4,1.41,1.39,573956,80231725.0,1.43,0.0,0.0,1.47
荣盛发展,2025-06-04,1.4,1.41,1.43,1.39,911186,128552325.42,2.86,0.71,0.01,2.34
荣盛发展,2025-06-05,1.41,1.4,1.42,1.39,763906,107257666.8,2.13,-0.71,-0.01,1.96
荣盛发展,2025-06-06,1.4,1.4,1.41,1.39,573776,80312018.6,1.43,0.0,0.0,1.47
荣盛发展,2025-06-09,1.4,1.41,1.41,1.39,552730,77422377.8,1.43,0.71,0.01,1.42
荣盛发展,2025-06-10,1.4,1.4,1.43,1.39,1139924,160665976.94,2.84,-0.71,-0.01,2.93
荣盛发展,2025-06-11,1.4,1.4,1.42,1.4,761253,107141226.64,1.43,0.0,0.0,1.95
荣盛发展,2025-06-12,1.41,1.4,1.41,1.39,665854,93162087.0,1.43,0.0,0.0,1.71
荣盛发展,2025-06-13,1.39,1.36,1.4,1.35,1209330,165802499.68,3.57,-2.86,-0.04,3.1
荣盛发展,2025-06-16,1.36,1.39,1.4,1.35,891530,123130419.32,3.68,2.21,0.03,2.29
荣盛发展,2025-06-17,1.38,1.38,1.39,1.37,594357,82015610.2,1.44,-0.72,-0.01,1.53
荣盛发展,2025-06-18,1.38,1.36,1.38,1.35,652701,88953120.64,2.17,-1.45,-0.02,1.68
荣盛发展,2025-06-19,1.36,1.33,1.37,1.32,772896,103715600.69,3.68,-2.21,-0.03,1.98
荣盛发展,2025-06-20,1.33,1.32,1.35,1.32,555310,73999225.45,2.26,-0.75,-0.01,1.43
荣盛发展,2025-06-23,1.32,1.33,1.34,1.3,525673,69580668.1,3.03,0.76,0.01,1.35
荣盛发展,2025-06-24,1.33,1.35,1.36,1.33,635945,85753815.82,2.26,1.5,0.02,1.63
荣盛发展,2025-06-25,1.35,1.37,1.37,1.34,739152,100365817.0,2.22,1.48,0.02,1.9
荣盛发展,2025-06-26,1.36,1.35,1.37,1.35,558264,75911681.0,1.46,-1.46,-0.02,1.43
荣盛发展,2025-06-27,1.35,1.36,1.39,1.35,838521,114913502.36,2.96,0.74,0.01,2.15
荣盛发展,2025-06-30,1.37,1.37,1.38,1.36,599600,82122012.75,1.47,0.74,0.01,1.53
荣盛发展,2025-07-01,1.38,1.36,1.38,1.35,514139,69864699.6,2.19,-0.73,-0.01,1.31
荣盛发展,2025-07-02,1.36,1.38,1.4,1.35,1074039,147941940.0,3.68,1.47,0.02,2.75
荣盛发展,2025-07-03,1.39,1.39,1.41,1.38,942616,131490713.84,2.17,0.72,0.01,2.41
荣盛发展,2025-07-04,1.39,1.38,1.4,1.38,660381,91648504.82,1.44,-0.72,-0.01,1.69
荣盛发展,2025-07-07,1.38,1.41,1.43,1.37,1271847,178878705.0,4.35,2.17,0.03,3.25
荣盛发展,2025-07-08,1.4,1.43,1.44,1.39,1201186,170109735.0,3.55,1.42,0.02,3.07
荣盛发展,2025-07-09,1.43,1.43,1.45,1.42,1007415,144349913.85,2.1,0.0,0.0,2.58
荣盛发展,2025-07-10,1.44,1.51,1.53,1.44,2554998,380518302.76,6.29,5.59,0.08,6.53
荣盛发展,2025-07-11,1.5,1.51,1.54,1.48,1911301,288160029.26,3.97,0.0,0.0,4.89
荣盛发展,2025-07-14,1.5,1.46,1.51,1.46,1508980,222737208.82,3.31,-3.31,-0.05,3.86
荣盛发展,2025-07-15,1.46,1.42,1.47,1.39,1651034,234521972.44,5.48,-2.74,-0.04,4.22
荣盛发展,2025-07-16,1.41,1.41,1.43,1.4,792398,112118931.0,2.11,-0.7,-0.01,2.03
荣盛发展,2025-07-17,1.41,1.41,1.42,1.4,492660,69342912.0,1.42,0.0,0.0,1.26
荣盛发展,2025-07-18,1.41,1.39,1.42,1.39,613107,85756885.59,2.13,-1.42,-0.02,1.57
荣盛发展,2025-07-21,1.39,1.43,1.44,1.39,1204832,171306140.0,3.6,2.88,0.04,3.08
荣盛发展,2025-07-22,1.43,1.45,1.45,1.41,1240826,178192883.86,2.8,1.4,0.02,3.17
荣盛发展,2025-07-23,1.46,1.44,1.48,1.43,1416602,206561358.06,3.45,-0.69,-0.01,3.62
荣盛发展,2025-07-24,1.44,1.5,1.52,1.43,2045285,302971517.12,6.25,4.17,0.06,5.23
荣盛发展,2025-07-25,1.5,1.48,1.51,1.47,1454173,216185191.24,2.67,-1.33,-0.02,3.72
荣盛发展,2025-07-28,1.48,1.48,1.5,1.46,1211575,179475866.24,2.7,0.0,0.0,3.1
荣盛发展,2025-07-29,1.48,1.49,1.49,1.46,1004532,148353803.64,2.03,0.68,0.01,2.57
荣盛发展,2025-07-30,1.49,1.47,1.52,1.46,1303594,193828264.98,4.03,-1.34,-0.02,3.33
荣盛发展,2025-07-31,1.46,1.41,1.47,1.4,1548302,220896765.8,4.76,-4.08,-0.06,3.96
荣盛发展,2025-08-01,1.41,1.39,1.42,1.38,1019129,142774936.0,2.84,-1.42,-0.02,2.61
荣盛发展,2025-08-04,1.38,1.39,1.4,1.37,674823,93667685.04,2.16,0.0,0.0,1.73
荣盛发展,2025-08-05,1.39,1.42,1.43,1.39,1015906,143479129.82,2.88,2.16,0.03,2.6
荣盛发展,2025-08-06,1.42,1.41,1.42,1.4,623307,87724309.0,1.41,-0.7,-0.01,1.59
荣盛发展,2025-08-07,1.41,1.41,1.42,1.39,679671,95420791.32,2.13,0.0,0.0,1.74
荣盛发展,2025-08-08,1.41,1.4,1.41,1.39,631544,88488370.0,1.42,-0.71,-0.01,1.61
荣盛发展,2025-08-11,1.42,1.43,1.44,1.41,1273428,181800662.59,2.14,2.14,0.03,3.26
荣盛发展,2025-08-12,1.44,1.43,1.44,1.42,744984,106534702.0,1.4,0.0,0.0,1.9
荣盛发展,2025-08-13,1.43,1.43,1.45,1.42,797568,114208959.14,2.1,0.0,0.0,2.04
荣盛发展,2025-08-14,1.43,1.39,1.44,1.39,1213437,171201525.57,3.5,-2.8,-0.04,3.1
荣盛发展,2025-08-15,1.39,1.42,1.42,1.39,856927,120855198.4,2.16,2.16,0.03,2.19
荣盛发展,2025-08-18,1.42,1.43,1.45,1.4,1362369,194613565.51,3.52,0.7,0.01,3.48
荣盛发展,2025-08-19,1.44,1.46,1.47,1.43,1592677,231015420.12,2.8,2.1,0.03,4.07
荣盛发展,2025-08-20,1.45,1.46,1.46,1.43,1058054,152747197.56,2.05,0.0,0.0,2.7
荣盛发展,2025-08-21,1.46,1.45,1.47,1.44,989297,143758518.0,2.05,-0.68,-0.01,2.53
荣盛发展,2025-08-22,1.45,1.44,1.46,1.42,1196649,172201841.0,2.76,-0.69,-0.01,3.06
荣盛发展,2025-08-25,1.45,1.54,1.58,1.44,5343966,826102225.2,9.72,6.94,0.1,13.66
荣盛发展,2025-08-26,1.53,1.51,1.55,1.49,3450234,522090187.12,3.9,-1.95,-0.03,8.82
荣盛发展,2025-08-27,1.51,1.45,1.53,1.44,2350282,348875812.86,5.96,-3.97,-0.06,6.01
荣盛发展,2025-08-28,1.44,1.44,1.47,1.41,1901643,274313793.08,4.14,-0.69,-0.01,4.86
荣盛发展,2025-08-29,1.47,1.43,1.48,1.42,1707957,247489414.55,4.17,-0.69,-0.01,4.37
荣盛发展,2025-09-01,1.42,1.47,1.5,1.41,2127500,309827358.8,6.29,2.8,0.04,5.44
荣盛发展,2025-09-02,1.47,1.52,1.58,1.45,2657133,401699894.88,8.84,3.4,0.05,6.79
荣盛发展,2025-09-03,1.59,1.49,1.62,1.48,2551656,393037489.0,9.21,-1.97,-0.03,6.52
荣盛发展,2025-09-04,1.51,1.49,1.52,1.46,1916878,287399668.0,4.03,0.0,0.0,4.9
荣盛发展,2025-09-05,1.49,1.52,1.52,1.45,1816764,270212644.4,4.7,2.01,0.03,4.64
荣盛发展,2025-09-08,1.52,1.53,1.55,1.51,1668806,254828483.08,2.63,0.66,0.01,4.27
荣盛发展,2025-09-09,1.53,1.59,1.63,1.52,3245807,512073532.68,7.19,3.92,0.06,8.3
荣盛发展,2025-09-10,1.57,1.6,1.61,1.55,2345689,370938569.12,3.77,0.63,0.01,6.0
荣盛发展,2025-09-11,1.6,1.59,1.6,1.55,1811983,285328586.9,3.13,-0.63,-0.01,4.63
荣盛发展,2025-09-12,1.59,1.75,1.75,1.58,3555652,604350632.31,10.69,10.06,0.16,9.09
荣盛发展,2025-09-15,1.82,1.93,1.93,1.77,8447572,1579307628.46,9.14,10.29,0.18,21.6
荣盛发展,2025-09-16,2.01,2.12,2.12,2.0,8621036,1805086143.76,6.22,9.84,0.19,22.04
荣盛发展,2025-09-17,2.08,1.99,2.08,1.95,8942039,1797208392.13,6.13,-6.13,-0.13,22.86
荣盛发展,2025-09-18,2.0,1.82,2.03,1.8,7252952,1385060654.99,11.56,-8.54,-0.17,18.54
荣盛发展,2025-09-19,1.85,1.78,1.9,1.71,5313073,946514677.88,10.44,-2.2,-0.04,13.58
荣盛发展,2025-09-22,1.72,1.71,1.73,1.66,3451004,587343052.58,3.93,-3.93,-0.07,8.82
荣盛发展,2025-09-23,1.73,1.65,1.73,1.61,3231924,532448405.12,7.02,-3.51,-0.06,8.26
荣盛发展,2025-09-24,1.63,1.67,1.7,1.61,2774510,459939158.0,5.45,1.21,0.02,7.09
荣盛发展,2025-09-25,1.65,1.62,1.66,1.61,2141251,349346717.0,2.99,-2.99,-0.05,5.47
荣盛发展,2025-09-26,1.62,1.6,1.65,1.59,2184368,353190219.51,3.7,-1.23,-0.02,5.58
荣盛发展,2025-09-29,1.6,1.61,1.63,1.56,1804984,288288714.35,4.38,0.63,0.01,4.61
荣盛发展,2025-09-30,1.59,1.61,1.62,1.58,2027087,324453145.4,2.48,0.0,0.0,5.18
荣盛发展,2025-10-09,1.64,1.62,1.65,1.56,2150525,345115917.24,5.59,0.62,0.01,5.5
荣盛发展,2025-10-10,1.62,1.63,1.67,1.61,2285773,375328751.65,3.7,0.62,0.01,5.84
荣盛发展,2025-10-13,1.58,1.61,1.62,1.56,1554645,247326883.2,3.68,-1.23,-0.02,3.97
荣盛发展,2025-10-14,1.63,1.62,1.68,1.61,2500846,411070871.03,4.35,0.62,0.01,6.39
荣盛发展,2025-10-15,1.62,1.63,1.65,1.6,1600291,260125040.06,3.09,0.62,0.01,4.09
荣盛发展,2025-10-16,1.63,1.59,1.64,1.57,1861111,297176762.6,4.29,-2.45,-0.04,4.76
荣盛发展,2025-10-17,1.58,1.55,1.61,1.54,1843191,290122483.0,4.4,-2.52,-0.04,4.71
荣盛发展,2025-10-20,1.56,1.58,1.59,1.55,1643718,258614148.0,2.58,1.94,0.03,4.2
荣盛发展,2025-10-21,1.59,1.66,1.68,1.58,3109676,508256606.29,6.33,5.06,0.08,7.95
荣盛发展,2025-10-22,1.67,1.71,1.78,1.64,3874847,663874046.97,8.43,3.01,0.05,9.91
荣盛发展,2025-10-23,1.71,1.67,1.73,1.64,2293411,382774107.02,5.26,-2.34,-0.04,5.86
荣盛发展,2025-10-24,1.68,1.63,1.7,1.61,2027068,332423660.63,5.39,-2.4,-0.04,5.18
荣盛发展,2025-10-27,1.64,1.65,1.67,1.62,1717055,282601342.0,3.07,1.23,0.02,4.39
荣盛发展,2025-10-28,1.64,1.63,1.66,1.62,1489060,243374470.0,2.42,-1.21,-0.02,3.81
荣盛发展,2025-10-29,1.63,1.62,1.63,1.59,1541472,248377824.06,2.45,-0.61,-0.01,3.94
荣盛发展,2025-10-30,1.61,1.57,1.63,1.57,1602555,254560528.41,3.7,-3.09,-0.05,4.1
荣盛发展,2025-10-31,1.58,1.61,1.62,1.58,1577872,252521997.19,2.55,2.55,0.04,4.03
荣盛发展,2025-11-03,1.6,1.64,1.64,1.59,1368906,221482685.83,3.11,1.86,0.03,3.5
荣盛发展,2025-11-04,1.63,1.66,1.68,1.61,2549643,419956297.47,4.27,1.22,0.02,6.52
荣盛发展,2025-11-05,1.64,1.68,1.72,1.63,2569140,432234850.24,5.42,1.2,0.02,6.57
荣盛发展,2025-11-06,1.69,1.66,1.7,1.64,1813120,301344939.45,3.57,-1.19,-0.02,4.64
荣盛发展,2025-11-07,1.65,1.65,1.67,1.64,1480415,244601044.69,1.81,-0.6,-0.01,3.78
荣盛发展,2025-11-10,1.65,1.7,1.7,1.64,2058364,344474978.97,3.64,3.03,0.05,5.26
荣盛发展,2025-11-11,1.7,1.72,1.74,1.69,1937401,332423541.4,2.94,1.18,0.02,4.95
荣盛发展,2025-11-12,1.72,1.69,1.73,1.67,1549352,261681629.62,3.49,-1.74,-0.03,3.96
荣盛发展,2025-11-13,1.7,1.77,1.78,1.67,3533094,616205213.62,6.51,4.73,0.08,9.03
荣盛发展,2025-11-14,1.77,1.95,1.95,1.77,2791373,528774357.41,10.17,10.17,0.18,7.14
荣盛发展,2025-11-17,1.97,1.88,1.99,1.88,5090597,972814478.07,5.64,-3.59,-0.07,13.01
荣盛发展,2025-11-18,1.97,1.83,2.04,1.75,6537521,1220648612.34,15.43,-2.66,-0.05,16.71
荣盛发展,2025-11-19,1.76,1.73,1.8,1.72,3994973,699443420.01,4.37,-5.46,-0.1,10.21
荣盛发展,2025-11-20,1.74,1.7,1.76,1.66,3681493,631291171.61,5.78,-1.73,-0.03,9.41
荣盛发展,2025-11-21,1.67,1.62,1.72,1.62,2866650,477442114.07,5.88,-4.71,-0.08,7.33
荣盛发展,2025-11-24,1.64,1.62,1.65,1.6,2255434,367262628.8,3.09,0.0,0.0,5.77
荣盛发展,2025-11-25,1.63,1.65,1.66,1.61,2229250,364357512.2,3.09,1.85,0.03,5.7
荣盛发展,2025-11-26,1.66,1.63,1.68,1.63,2078000,343034011.32,3.03,-1.21,-0.02,5.31
荣盛发展,2025-11-27,1.62,1.62,1.64,1.58,1826208,295283807.68,3.68,-0.61,-0.01,4.67
荣盛发展,2025-11-28,1.61,1.65,1.65,1.58,1873376,302518567.0,4.32,1.85,0.03,4.79
荣盛发展,2025-12-01,1.64,1.64,1.66,1.63,1465040,240676744.56,1.82,-0.61,-0.01,3.75
荣盛发展,2025-12-02,1.64,1.69,1.69,1.61,2618695,434285856.05,4.88,3.05,0.05,6.69
荣盛发展,2025-12-03,1.69,1.66,1.71,1.65,1855416,310383054.98,3.55,-1.78,-0.03,4.74
荣盛发展,2025-12-04,1.65,1.62,1.67,1.59,2028694,328726552.56,4.82,-2.41,-0.04,5.19
荣盛发展,2025-12-05,1.61,1.64,1.64,1.59,1326704,214929252.0,3.09,1.23,0.02,3.39
荣盛发展,2025-12-08,1.63,1.62,1.64,1.61,1452055,236395781.0,1.83,-1.22,-0.02,3.71
荣盛发展,2025-12-09,1.61,1.58,1.62,1.57,1885364,299093746.0,3.09,-2.47,-0.04,4.82
荣盛发展,2025-12-10,1.57,1.64,1.68,1.56,3048289,493518339.1,7.59,3.8,0.06,7.79
荣盛发展,2025-12-11,1.62,1.57,1.63,1.56,2335880,369981630.42,4.27,-4.27,-0.07,5.97
荣盛发展,2025-12-12,1.57,1.55,1.58,1.55,1207456,188567070.55,1.91,-1.27,-0.02,3.09
荣盛发展,2025-12-15,1.55,1.56,1.57,1.54,904766,141087651.05,1.94,0.65,0.01,2.31
荣盛发展,2025-12-16,1.55,1.52,1.57,1.51,1514211,232809306.8,3.85,-2.56,-0.04,3.87
荣盛发展,2025-12-17,1.51,1.52,1.53,1.47,1375526,206218052.6,3.95,0.0,0.0,3.52
荣盛发展,2025-12-18,1.51,1.51,1.53,1.51,763503,115907142.0,1.32,-0.66,-0.01,1.95
荣盛发展,2025-12-19,1.51,1.56,1.56,1.5,1458925,224696401.0,3.97,3.31,0.05,3.73
荣盛发展,2025-12-22,1.55,1.57,1.59,1.54,1160640,182029249.84,3.21,0.64,0.01,2.97
荣盛发展,2025-12-23,1.57,1.54,1.58,1.53,1250122,193487616.98,3.18,-1.91,-0.03,3.2
荣盛发展,2025-12-24,1.53,1.54,1.55,1.52,620815,95384119.15,1.95,0.0,0.0,1.59
荣盛发展,2025-12-25,1.55,1.56,1.62,1.54,1804069,283115903.94,5.19,1.3,0.02,4.61
荣盛发展,2025-12-26,1.57,1.57,1.59,1.56,1424083,224041502.88,1.92,0.64,0.01,3.64
荣盛发展,2025-12-29,1.67,1.73,1.73,1.66,4277312,733587160.49,4.46,10.19,0.16,10.94
荣盛发展,2025-12-30,1.75,1.64,1.81,1.64,5584988,966532206.48,9.83,-5.2,-0.09,14.28
荣盛发展,2025-12-31,1.68,1.64,1.7,1.61,3493005,575723677.41,5.49,0.0,0.0,8.93
荣盛发展,2026-01-05,1.71,1.68,1.76,1.66,3462845,587413161.31,6.1,2.44,0.04,8.85
荣盛发展,2026-01-06,1.67,1.71,1.74,1.66,3329188,565026974.78,4.76,1.79,0.03,8.51
荣盛发展,2026-01-07,1.73,1.88,1.88,1.72,3393643,623718425.97,9.36,9.94,0.17,8.68
荣盛发展,2026-01-08,1.97,1.85,1.97,1.79,6827759,1265601417.56,9.57,-1.6,-0.03,17.46
荣盛发展,2026-01-09,1.87,1.87,1.94,1.85,5440495,1026977475.2,4.86,1.08,0.02,13.91
荣盛发展,2026-01-12,1.86,1.82,1.93,1.81,4459003,826500989.33,6.42,-2.67,-0.05,11.4
荣盛发展,2026-01-13,1.81,1.74,1.82,1.72,2291550,401819787.95,5.49,-4.4,-0.08,5.86
