名称,日期,开盘,收盘,最高,最低,成交量,成交额,振幅,涨跌幅,涨跌额,换手率
星帅尔,2017-04-12,6.58,7.24,7.24,6.58,52,146149.0,13.75,50.83,2.44,0.03
星帅尔,2017-04-13,8.04,8.04,8.04,8.04,12,36934.0,0.0,11.05,0.8,0.01
星帅尔,2017-04-14,8.92,8.92,8.92,8.92,25,84712.0,0.0,10.95,0.88,0.02
星帅尔,2017-04-17,9.89,9.89,9.89,9.89,68,257854.0,0.0,10.87,0.97,0.04
星帅尔,2017-04-18,10.95,10.95,10.95,10.95,85,355420.0,0.0,10.72,1.06,0.06
星帅尔,2017-04-19,12.12,12.12,12.12,12.12,139,636591.0,0.0,10.68,1.17,0.09
星帅尔,2017-04-20,13.41,13.41,13.41,13.41,170,857024.0,0.0,10.64,1.29,0.11
星帅尔,2017-04-25,14.66,14.83,14.83,13.96,47220,257672769.0,6.49,10.59,1.42,31.07
星帅尔,2017-04-26,14.1,14.86,15.5,14.06,73618,408326752.0,9.71,0.2,0.03,48.43
星帅尔,2017-04-27,14.38,16.42,16.42,14.24,83611,486820592.0,14.67,10.5,1.56,55.01
星帅尔,2017-04-28,15.97,15.59,16.33,15.37,62965,370916176.0,5.85,-5.05,-0.83,41.42
星帅尔,2017-05-02,15.55,15.36,15.85,15.01,46873,270382624.0,5.39,-1.48,-0.23,30.84
星帅尔,2017-05-03,15.59,16.56,16.96,15.58,70726,426990864.0,8.98,7.81,1.2,46.53
星帅尔,2017-05-04,16.17,16.05,16.76,15.5,49383,297406016.0,7.61,-3.08,-0.51,32.49
星帅尔,2017-05-05,15.78,15.13,15.94,15.13,32969,191642687.0,5.05,-5.73,-0.92,21.69
星帅尔,2017-05-08,14.91,14.55,15.34,14.4,25855,145601102.0,6.21,-3.83,-0.58,17.01
星帅尔,2017-05-09,14.43,14.83,15.01,14.4,22000,121418883.0,4.19,1.92,0.28,14.47
星帅尔,2017-05-10,14.71,13.87,14.9,13.76,33748,181243708.0,7.69,-6.47,-0.96,22.2
星帅尔,2017-05-11,13.56,14.18,14.63,13.54,23451,123314218.0,7.86,2.24,0.31,15.43
星帅尔,2017-05-12,14.24,14.1,14.24,13.85,18240,96436168.0,2.75,-0.56,-0.08,12.0
星帅尔,2017-05-15,14.15,14.35,14.62,14.04,21024,113142525.0,4.11,1.77,0.25,13.83
星帅尔,2017-05-16,14.1,14.62,14.69,13.69,23378,124741938.0,6.97,1.88,0.27,15.38
星帅尔,2017-05-17,14.52,14.55,14.83,14.45,22939,125985616.0,2.6,-0.48,-0.07,15.09
星帅尔,2017-05-18,14.36,14.67,15.16,14.24,23426,129297538.0,6.32,0.82,0.12,15.41
星帅尔,2017-05-19,14.59,14.37,14.78,14.25,18936,103362767.0,3.61,-2.04,-0.3,12.46
星帅尔,2017-05-22,14.18,12.85,14.44,12.85,24531,124708385.0,11.06,-10.58,-1.52,16.14
星帅尔,2017-05-23,12.69,11.65,12.79,11.55,23928,110252655.0,9.65,-9.34,-1.2,15.74
星帅尔,2017-05-24,11.58,11.94,12.07,11.3,16279,73119308.0,6.61,2.49,0.29,10.71
星帅尔,2017-05-25,11.96,11.99,12.19,11.52,15734,70610724.0,5.61,0.42,0.05,10.35
星帅尔,2017-05-26,12.0,12.21,12.47,11.9,17111,78799848.0,4.75,1.83,0.22,11.26
星帅尔,2017-05-31,12.7,12.75,13.48,12.51,31147,153355229.0,7.94,4.42,0.54,20.49
星帅尔,2017-06-01,12.45,12.0,12.63,11.86,16705,77619288.0,6.04,-5.88,-0.75,10.99
星帅尔,2017-06-02,11.87,12.92,13.2,11.86,21061,99794419.0,11.17,7.67,0.92,13.86
星帅尔,2017-06-05,13.17,13.12,13.48,12.8,20866,103730502.0,5.26,1.55,0.2,13.73
星帅尔,2017-06-06,12.9,13.03,13.33,12.84,11681,57688320.0,3.73,-0.69,-0.09,7.68
星帅尔,2017-06-07,12.99,13.25,13.64,12.98,18971,95161396.0,5.07,1.69,0.22,12.48
星帅尔,2017-06-08,13.15,12.95,13.38,12.79,13394,66211803.0,4.45,-2.26,-0.3,8.81
星帅尔,2017-06-09,12.98,13.0,13.05,12.7,8484,41333985.0,2.7,0.39,0.05,5.58
星帅尔,2017-06-12,12.84,12.48,12.84,12.12,12819,60591925.0,5.54,-4.0,-0.52,8.43
星帅尔,2017-06-13,12.31,12.73,12.89,12.31,8322,39936684.0,4.65,2.0,0.25,5.48
星帅尔,2017-06-14,12.87,12.87,13.1,12.7,9875,48205348.0,3.14,1.1,0.14,6.5
星帅尔,2017-06-15,12.87,13.05,13.33,12.75,12284,61038990.0,4.51,1.4,0.18,8.08
星帅尔,2017-06-16,13.06,12.9,13.12,12.81,6553,31961852.0,2.38,-1.15,-0.15,4.31
星帅尔,2017-06-19,12.97,12.86,12.97,12.75,5399,26210403.0,1.71,-0.31,-0.04,3.55
星帅尔,2017-06-20,12.98,12.78,13.06,12.76,7909,38589831.0,2.33,-0.62,-0.08,5.2
星帅尔,2017-06-21,12.75,12.78,12.88,12.68,5675,27409198.0,1.56,0.0,0.0,3.73
星帅尔,2017-06-22,12.78,12.31,12.82,12.31,7301,34690167.0,3.99,-3.68,-0.47,4.8
星帅尔,2017-06-23,12.37,12.25,12.44,11.94,6197,28615756.0,4.06,-0.49,-0.06,4.08
星帅尔,2017-06-26,12.27,12.33,12.39,12.14,5411,25220424.0,2.04,0.65,0.08,3.56
星帅尔,2017-06-27,12.33,12.33,12.53,12.29,5976,28048633.0,1.95,0.0,0.0,3.93
星帅尔,2017-06-28,12.35,12.35,12.55,12.29,6767,31738297.0,2.11,0.16,0.02,4.45
星帅尔,2017-06-29,12.43,12.52,12.59,12.3,6295,29657624.0,2.35,1.38,0.17,4.14
星帅尔,2017-06-30,12.56,12.95,12.95,12.35,9636,46002837.0,4.79,3.43,0.43,6.34
星帅尔,2017-07-03,12.75,12.9,12.97,12.72,7081,34382387.0,1.93,-0.39,-0.05,4.66
星帅尔,2017-07-04,12.84,12.68,12.94,12.66,7903,38091377.0,2.17,-1.71,-0.22,5.2
星帅尔,2017-07-05,12.68,12.85,12.93,12.56,9063,43909871.0,2.92,1.34,0.17,5.96
星帅尔,2017-07-06,12.86,13.2,13.27,12.81,16030,79407704.0,3.58,2.72,0.35,10.55
星帅尔,2017-07-07,13.19,13.22,13.5,13.13,14571,73161830.0,2.8,0.15,0.02,9.59
星帅尔,2017-07-10,13.08,12.36,13.12,12.31,11165,53621925.0,6.13,-6.51,-0.86,7.35
星帅尔,2017-07-11,12.42,12.05,12.47,12.01,7313,33876756.0,3.72,-2.51,-0.31,4.81
星帅尔,2017-07-12,12.05,12.21,12.22,11.85,6390,29132874.0,3.07,1.33,0.16,4.2
星帅尔,2017-07-13,12.15,11.97,12.21,11.89,4893,22319510.0,2.62,-1.97,-0.24,3.22
星帅尔,2017-07-14,12.14,12.08,12.14,11.91,3169,14450162.0,1.92,0.92,0.11,2.08
星帅尔,2017-07-17,11.89,10.8,11.89,10.8,9384,39766481.0,9.02,-10.6,-1.28,6.17
星帅尔,2017-07-18,10.73,10.68,10.85,10.4,7734,31388392.0,4.17,-1.11,-0.12,5.09
星帅尔,2017-07-19,10.61,10.67,10.7,10.46,4474,18152293.0,2.25,-0.09,-0.01,2.94
星帅尔,2017-07-20,10.66,10.6,10.96,10.52,5963,24529161.0,4.12,-0.66,-0.07,3.92
星帅尔,2017-07-21,10.57,10.58,10.71,10.53,6379,25933960.0,1.7,-0.19,-0.02,4.2
星帅尔,2017-07-24,10.58,10.81,10.9,10.49,5526,22595105.0,3.88,2.17,0.23,3.64
星帅尔,2017-07-25,10.79,10.89,10.9,10.71,4588,18928252.0,1.76,0.74,0.08,3.02
星帅尔,2017-07-26,10.91,10.84,10.92,10.79,4913,20331900.0,1.19,-0.46,-0.05,3.23
星帅尔,2017-07-27,10.84,11.1,11.42,10.68,6074,25667066.0,6.83,2.4,0.26,4.0
星帅尔,2017-07-28,11.14,10.96,11.24,10.94,4133,17418854.0,2.7,-1.26,-0.14,2.72
星帅尔,2017-07-31,11.08,11.29,11.37,11.07,5358,22891472.0,2.74,3.01,0.33,3.52
星帅尔,2017-08-01,11.32,11.3,11.56,11.13,5944,25606293.0,3.81,0.09,0.01,3.91
星帅尔,2017-08-02,11.24,10.94,11.3,10.93,4386,18509341.0,3.27,-3.19,-0.36,2.89
星帅尔,2017-08-03,10.9,11.12,11.26,10.84,5275,22198102.0,3.84,1.65,0.18,3.47
星帅尔,2017-08-04,10.9,10.82,10.91,10.52,9673,39546267.0,3.51,-2.7,-0.3,6.36
星帅尔,2017-08-07,10.69,10.85,10.85,10.46,4810,19731188.0,3.6,0.28,0.03,3.16
星帅尔,2017-08-08,10.79,10.73,10.85,10.64,4559,18688799.0,1.94,-1.11,-0.12,3.0
星帅尔,2017-08-09,10.74,10.79,10.8,10.68,4335,17795045.0,1.12,0.56,0.06,2.85
星帅尔,2017-08-10,10.74,10.48,10.79,10.46,4568,18543126.0,3.06,-2.87,-0.31,3.01
星帅尔,2017-08-11,10.34,10.29,10.42,10.26,3858,15272981.0,1.53,-1.81,-0.19,2.54
星帅尔,2017-08-14,10.33,10.47,10.53,10.29,7030,28022664.0,2.33,1.75,0.18,4.62
星帅尔,2017-08-15,10.51,10.68,10.7,10.44,8303,33591941.0,2.48,2.01,0.21,5.46
星帅尔,2017-08-16,10.68,10.82,10.89,10.6,9701,39882196.0,2.72,1.31,0.14,6.38
星帅尔,2017-08-17,10.81,11.29,11.38,10.65,23347,98461598.0,6.75,4.34,0.47,15.36
星帅尔,2017-08-18,11.05,10.74,11.15,10.74,14714,61324227.0,3.63,-4.87,-0.55,9.68
星帅尔,2017-08-21,10.79,10.93,10.94,10.7,7591,31376805.0,2.23,1.77,0.19,4.99
星帅尔,2017-08-22,10.96,10.94,11.05,10.85,7384,30873774.0,1.83,0.09,0.01,4.86
星帅尔,2017-08-23,10.89,10.96,10.99,10.64,8637,35786475.0,3.2,0.18,0.02,5.68
星帅尔,2017-08-24,10.96,10.8,11.01,10.79,7359,30558414.0,2.01,-1.46,-0.16,4.84
星帅尔,2017-08-25,10.74,11.02,11.1,10.74,9212,38452822.0,3.33,2.04,0.22,6.06
星帅尔,2017-08-28,11.13,11.34,11.52,11.05,14454,62296865.0,4.26,2.9,0.32,9.51
星帅尔,2017-08-29,11.42,11.49,11.71,11.28,17690,77280777.0,3.79,1.32,0.15,11.64
星帅尔,2017-08-30,11.33,11.56,11.62,11.26,14163,61470885.0,3.13,0.61,0.07,9.32
星帅尔,2017-08-31,11.62,11.83,11.87,11.59,17560,78302133.0,2.42,2.34,0.27,11.55
星帅尔,2017-09-01,11.87,11.8,11.89,11.59,12473,55503565.0,2.54,-0.25,-0.03,8.21
星帅尔,2017-09-04,11.89,11.69,11.89,11.54,11273,49952171.0,2.97,-0.93,-0.11,7.42
星帅尔,2017-09-05,11.75,11.65,11.75,11.58,5954,26351952.0,1.45,-0.34,-0.04,3.92
星帅尔,2017-09-06,11.61,11.48,11.61,11.42,7937,34689247.0,1.63,-1.46,-0.17,5.22
星帅尔,2017-09-07,11.52,11.47,11.62,11.45,7965,34931895.0,1.48,-0.09,-0.01,5.24
星帅尔,2017-09-08,11.46,11.41,11.54,11.34,6462,28103464.0,1.74,-0.52,-0.06,4.25
星帅尔,2017-09-11,11.46,11.73,11.79,11.36,10635,47016077.0,3.77,2.8,0.32,7.0
星帅尔,2017-09-12,11.73,11.72,11.74,11.48,13488,59547632.0,2.22,-0.09,-0.01,8.87
星帅尔,2017-09-13,11.71,12.14,12.19,11.59,20932,94555572.0,5.12,3.58,0.42,13.77
星帅尔,2017-09-14,12.06,11.86,12.11,11.77,8828,40020546.0,2.8,-2.31,-0.28,5.81
星帅尔,2017-09-15,11.78,11.84,12.1,11.78,8594,38974157.0,2.7,-0.17,-0.02,5.65
星帅尔,2017-09-18,11.72,12.25,12.41,11.59,10526,47671341.0,6.93,3.46,0.41,6.93
星帅尔,2017-09-19,12.23,12.14,12.25,12.0,7962,36594133.0,2.04,-0.9,-0.11,5.24
星帅尔,2017-09-20,12.19,12.16,12.27,12.0,8800,40426272.0,2.22,0.16,0.02,5.79
星帅尔,2017-09-21,12.13,11.87,12.38,11.86,7606,34797274.0,4.28,-2.38,-0.29,5.0
星帅尔,2017-09-22,11.78,12.03,12.1,11.72,10885,49539909.0,3.2,1.35,0.16,7.16
星帅尔,2017-09-25,12.04,11.77,12.17,11.7,8783,39594116.0,3.91,-2.16,-0.26,5.78
星帅尔,2017-09-26,11.72,11.4,11.93,11.28,7559,33093603.0,5.52,-3.14,-0.37,4.97
星帅尔,2017-09-27,11.43,11.54,11.57,11.38,5573,24394734.0,1.67,1.23,0.14,3.67
星帅尔,2017-09-28,11.46,11.41,11.63,11.41,4855,21271376.0,1.91,-1.13,-0.13,3.19
星帅尔,2017-09-29,11.44,11.57,11.63,11.44,4560,20033126.0,1.67,1.4,0.16,3.0
星帅尔,2017-10-09,11.81,11.71,11.82,11.58,3207,14246777.0,2.07,1.21,0.14,2.11
星帅尔,2017-10-10,11.65,12.05,12.07,11.65,7890,35569253.0,3.59,2.9,0.34,5.19
星帅尔,2017-10-11,12.05,11.87,12.28,11.87,6949,31728769.0,3.4,-1.49,-0.18,4.57
星帅尔,2017-10-12,11.87,11.86,12.02,11.69,4792,21619706.0,2.78,-0.08,-0.01,3.15
星帅尔,2017-10-13,11.82,12.2,12.31,11.79,16356,75232595.0,4.38,2.87,0.34,10.76
星帅尔,2017-10-16,12.34,11.64,12.35,11.58,13075,58863717.0,6.31,-4.59,-0.56,8.6
星帅尔,2017-10-17,11.6,11.76,11.84,11.52,6158,27433066.0,2.75,1.03,0.12,4.05
星帅尔,2017-10-18,11.73,11.62,11.89,11.5,6589,29316105.0,3.32,-1.19,-0.14,4.33
星帅尔,2017-10-19,11.61,11.63,11.8,11.49,6014,26541145.0,2.67,0.09,0.01,3.96
星帅尔,2017-10-20,11.59,12.23,12.31,11.44,23475,107616062.0,7.48,5.16,0.6,15.44
星帅尔,2017-10-30,12.36,12.5,12.81,11.86,23253,109515469.0,7.77,2.21,0.27,15.3
星帅尔,2017-10-31,12.28,12.66,13.13,12.17,19599,94329613.0,7.68,1.28,0.16,12.89
星帅尔,2017-11-01,12.51,12.9,13.12,12.51,21399,103957270.0,4.82,1.9,0.24,14.08
星帅尔,2017-11-02,12.89,12.98,13.22,12.71,23676,116078246.0,3.95,0.62,0.08,15.58
星帅尔,2017-11-03,12.89,12.61,12.97,12.5,15275,73333233.0,3.62,-2.85,-0.37,10.05
星帅尔,2017-11-06,12.77,13.11,13.2,12.64,22130,108561345.0,4.44,3.97,0.5,14.56
星帅尔,2017-11-07,13.01,13.16,13.26,12.9,19433,96028660.0,2.75,0.38,0.05,12.79
星帅尔,2017-11-08,13.14,12.8,13.22,12.79,18332,89859627.0,3.27,-2.74,-0.36,12.06
星帅尔,2017-11-09,12.71,13.82,13.91,12.71,38136,191875027.0,9.38,7.97,1.02,25.09
星帅尔,2017-11-10,14.28,14.52,15.27,14.24,52599,287399392.0,7.45,5.07,0.7,34.6
星帅尔,2017-11-13,14.85,16.05,16.05,14.41,43862,250548657.0,11.29,10.54,1.53,28.86
星帅尔,2017-11-14,16.34,16.17,17.33,15.82,72713,449256688.0,9.41,0.75,0.12,47.84
星帅尔,2017-11-15,16.13,16.69,16.79,15.23,54568,327290048.0,9.65,3.22,0.52,35.9
星帅尔,2017-11-16,16.19,15.3,16.78,15.23,44672,266244639.0,9.29,-8.33,-1.39,29.39
星帅尔,2017-11-17,14.92,13.96,15.2,13.7,39565,213525428.0,9.8,-8.76,-1.34,26.03
星帅尔,2017-11-20,14.38,14.66,14.92,14.04,34973,190185347.0,6.3,5.01,0.7,23.01
星帅尔,2017-11-21,14.25,15.2,15.36,13.31,46951,250794986.0,13.98,3.68,0.54,30.89
星帅尔,2017-11-22,14.67,14.36,14.93,14.03,33515,183185251.0,5.92,-5.53,-0.84,22.05
星帅尔,2017-11-23,14.43,14.24,14.62,13.75,29899,159195510.0,6.06,-0.84,-0.12,19.67
星帅尔,2017-11-24,14.01,14.38,14.65,13.89,27128,146658726.0,5.34,0.98,0.14,17.85
星帅尔,2017-11-27,13.96,12.95,14.08,12.86,28773,145374095.0,8.48,-9.94,-1.43,18.93
星帅尔,2017-11-28,13.11,13.22,13.36,12.7,19487,96609120.0,5.1,2.08,0.27,12.82
星帅尔,2017-11-29,13.06,13.1,13.17,12.57,21821,106188620.0,4.54,-0.91,-0.12,14.36
星帅尔,2017-11-30,13.09,12.64,13.11,12.47,21609,104579774.0,4.89,-3.51,-0.46,14.22
星帅尔,2017-12-01,12.7,12.9,12.94,12.54,17846,86426206.0,3.16,2.06,0.26,11.74
星帅尔,2017-12-04,12.14,11.53,12.28,11.53,31523,139217619.0,5.81,-10.62,-1.37,20.74
星帅尔,2017-12-05,11.33,10.8,11.71,10.49,24194,101767651.0,10.58,-6.33,-0.73,15.92
星帅尔,2017-12-06,10.74,10.97,11.09,10.51,18498,76097179.0,5.37,1.57,0.17,12.17
星帅尔,2017-12-07,10.93,10.89,11.11,10.66,14788,61417890.0,4.1,-0.73,-0.08,9.73
星帅尔,2017-12-08,10.82,11.18,11.35,10.79,17190,73266316.0,5.14,2.66,0.29,11.31
星帅尔,2017-12-11,11.18,11.24,11.26,11.05,10850,46115716.0,1.88,0.54,0.06,7.14
星帅尔,2017-12-12,11.19,10.62,11.21,10.6,12944,53549350.0,5.43,-5.52,-0.62,8.52
星帅尔,2017-12-13,10.62,10.86,10.86,10.62,8569,35207461.0,2.26,2.26,0.24,5.64
星帅尔,2017-12-14,10.86,10.98,11.01,10.77,8336,34632027.0,2.21,1.1,0.12,5.48
星帅尔,2017-12-15,11.01,10.95,11.2,10.92,11405,48030324.0,2.55,-0.27,-0.03,7.5
星帅尔,2017-12-18,10.96,10.6,10.99,10.51,9609,39159352.0,4.38,-3.2,-0.35,6.32
星帅尔,2017-12-19,10.68,10.77,10.85,10.61,6567,26896916.0,2.26,1.6,0.17,4.32
星帅尔,2017-12-20,10.79,10.55,10.79,10.5,8102,32872102.0,2.69,-2.04,-0.22,5.33
星帅尔,2017-12-21,10.62,10.45,10.62,10.07,10354,40949100.0,5.21,-0.95,-0.1,6.81
星帅尔,2017-12-22,10.34,10.96,11.24,10.31,19038,78620944.0,8.9,4.88,0.51,12.52
星帅尔,2017-12-25,10.86,10.8,11.01,10.58,11572,47489133.0,3.92,-1.46,-0.16,7.61
星帅尔,2017-12-26,10.74,11.13,11.19,10.72,18778,79002549.0,4.35,3.06,0.33,12.35
星帅尔,2017-12-27,11.01,11.15,11.29,10.95,17838,75479445.0,3.05,0.18,0.02,11.74
星帅尔,2017-12-28,11.1,11.24,11.57,11.02,16457,70866351.0,4.93,0.81,0.09,10.83
星帅尔,2017-12-29,11.19,11.21,11.28,11.09,7780,33129737.0,1.69,-0.27,-0.03,5.12
星帅尔,2018-01-02,11.14,11.21,11.28,10.74,10276,43602995.0,4.82,0.0,0.0,6.76
星帅尔,2018-01-03,11.2,11.1,11.21,10.94,9868,41588266.0,2.41,-0.98,-0.11,6.49
星帅尔,2018-01-04,11.1,10.81,11.1,10.74,10729,44709781.0,3.24,-2.61,-0.29,7.06
星帅尔,2018-01-05,10.81,10.91,10.98,10.75,7759,32182670.0,2.13,0.93,0.1,5.1
星帅尔,2018-01-08,10.86,10.96,10.99,10.81,8531,35538777.0,1.65,0.46,0.05,5.61
星帅尔,2018-01-09,11.0,11.23,11.54,11.0,16911,72465740.0,4.93,2.46,0.27,11.13
星帅尔,2018-01-10,11.28,10.87,11.28,10.64,11406,47501470.0,5.7,-3.21,-0.36,7.5
星帅尔,2018-01-11,10.85,10.94,11.03,10.62,8663,35905226.0,3.77,0.64,0.07,5.7
星帅尔,2018-01-12,10.88,10.73,10.9,10.7,7271,29862944.0,1.83,-1.92,-0.21,4.78
星帅尔,2018-01-15,10.6,10.24,10.71,10.18,8844,35293368.0,4.94,-4.57,-0.49,5.82
星帅尔,2018-01-16,10.37,10.45,10.59,10.26,6102,24402654.0,3.22,2.05,0.21,4.01
星帅尔,2018-01-17,10.45,10.81,11.02,10.29,10451,42596545.0,6.99,3.44,0.36,6.88
星帅尔,2018-01-18,11.02,11.19,11.56,10.89,20668,88539674.0,6.2,3.52,0.38,13.6
星帅尔,2018-01-19,11.23,10.89,11.23,10.86,12941,54473236.0,3.31,-2.68,-0.3,8.51
星帅尔,2018-01-22,10.87,10.78,10.87,10.51,7877,32237962.0,3.31,-1.01,-0.11,5.18
星帅尔,2018-01-23,10.83,11.01,11.24,10.77,12324,51828039.0,4.36,2.13,0.23,8.11
星帅尔,2018-01-24,11.01,11.11,11.12,10.78,10872,45548837.0,3.09,0.91,0.1,7.15
星帅尔,2018-01-25,11.06,10.94,11.23,10.91,10494,44323356.0,2.88,-1.53,-0.17,6.9
星帅尔,2018-01-26,10.97,10.78,11.03,10.77,6674,27701288.0,2.38,-1.46,-0.16,4.39
星帅尔,2018-01-29,10.78,10.55,10.89,10.46,5411,21976025.0,3.99,-2.13,-0.23,3.56
星帅尔,2018-01-30,10.51,10.61,10.61,10.43,4433,17834775.0,1.71,0.57,0.06,2.92
星帅尔,2018-01-31,10.53,10.21,10.6,10.19,5447,21581056.0,3.86,-3.77,-0.4,3.58
星帅尔,2018-02-01,10.22,9.61,10.39,9.41,7786,29414537.0,9.6,-5.88,-0.6,5.12
星帅尔,2018-02-02,9.34,9.45,9.78,9.09,5399,19676291.0,7.18,-1.66,-0.16,3.55
星帅尔,2018-02-05,9.45,8.91,9.52,8.86,6710,23822788.0,6.98,-5.71,-0.54,4.41
星帅尔,2018-02-06,8.59,8.22,9.02,8.21,10475,35046038.0,9.09,-7.74,-0.69,6.89
星帅尔,2018-02-07,8.47,8.48,8.7,8.25,8534,28160122.0,5.47,3.16,0.26,5.61
星帅尔,2018-02-08,8.52,8.77,8.83,8.48,5533,18667729.0,4.13,3.42,0.29,3.64
星帅尔,2018-02-09,8.51,8.57,8.75,8.31,6490,21570645.0,5.02,-2.28,-0.2,4.27
星帅尔,2018-02-12,8.78,8.99,9.0,8.62,7363,25242044.0,4.43,4.9,0.42,4.84
星帅尔,2018-02-13,9.05,8.83,9.05,8.77,6237,21462529.0,3.11,-1.78,-0.16,4.1
星帅尔,2018-02-14,8.84,8.93,8.93,8.71,4876,16641290.0,2.49,1.13,0.1,3.21
星帅尔,2018-02-22,8.99,9.02,9.06,8.81,4809,16640058.0,2.8,1.01,0.09,3.16
星帅尔,2018-02-23,8.94,9.54,9.72,8.85,8035,28688622.0,9.65,5.76,0.52,5.29
星帅尔,2018-02-26,9.43,10.02,10.04,9.36,14487,53970603.0,7.13,5.03,0.48,9.53
星帅尔,2018-02-27,9.9,9.87,9.97,9.78,7866,29767890.0,1.9,-1.5,-0.15,5.17
星帅尔,2018-02-28,9.74,9.65,9.8,9.56,5238,19506509.0,2.43,-2.23,-0.22,3.45
星帅尔,2018-03-01,9.67,9.9,10.06,9.62,7926,30008905.0,4.56,2.59,0.25,5.21
星帅尔,2018-03-02,9.76,9.78,9.91,9.64,5019,18863799.0,2.73,-1.21,-0.12,3.3
星帅尔,2018-03-05,9.81,9.9,9.98,9.79,4437,16816755.0,1.94,1.23,0.12,2.92
星帅尔,2018-03-06,9.95,10.06,10.11,9.87,6956,26689975.0,2.42,1.62,0.16,4.58
星帅尔,2018-03-07,10.06,10.4,10.48,10.03,13200,51990698.0,4.47,3.38,0.34,8.68
星帅尔,2018-03-08,10.29,10.48,10.52,10.29,9989,39924709.0,2.21,0.77,0.08,6.57
星帅尔,2018-03-09,10.4,10.82,10.83,10.4,12499,50735309.0,4.1,3.24,0.34,8.22
星帅尔,2018-03-12,10.77,10.79,11.12,10.68,15986,66487025.0,4.07,-0.28,-0.03,10.52
星帅尔,2018-03-13,10.79,10.43,10.79,10.41,11509,46401808.0,3.52,-3.34,-0.36,7.57
星帅尔,2018-03-14,10.46,10.68,10.73,10.46,10269,41710004.0,2.59,2.4,0.25,6.76
星帅尔,2018-03-15,10.59,10.14,10.59,9.9,11454,44658795.0,6.46,-5.06,-0.54,7.54
星帅尔,2018-03-16,10.06,11.03,11.23,10.06,30370,126346052.0,11.54,8.78,0.89,19.98
星帅尔,2018-03-19,11.05,11.27,11.3,10.88,20782,87890542.0,3.81,2.18,0.24,13.67
星帅尔,2018-03-20,11.43,11.18,11.43,11.02,15461,65663705.0,3.64,-0.8,-0.09,10.17
星帅尔,2018-03-21,11.41,11.52,11.91,11.18,27397,119836917.0,6.53,3.04,0.34,18.02
星帅尔,2018-03-22,11.58,11.88,11.99,11.48,30709,136870764.0,4.43,3.13,0.36,20.2
星帅尔,2018-03-23,11.55,11.23,11.7,10.74,22245,95496717.0,8.08,-5.47,-0.65,14.63
星帅尔,2018-03-26,10.98,11.76,11.83,10.51,21110,90412266.0,11.75,4.72,0.53,13.89
星帅尔,2018-03-27,11.86,12.28,12.33,11.79,28071,128118480.0,4.59,4.42,0.52,18.47
星帅尔,2018-03-28,12.29,12.64,13.14,12.17,36870,176114782.0,7.9,2.93,0.36,24.26
星帅尔,2018-03-29,11.38,11.31,11.85,11.31,18881,82136124.0,4.27,-10.52,-1.33,12.42
星帅尔,2018-03-30,10.77,10.93,11.1,10.65,39523,164052197.0,3.98,-3.36,-0.38,26.0
星帅尔,2018-04-02,10.74,10.66,10.94,10.63,25215,103682156.0,2.84,-2.47,-0.27,16.59
星帅尔,2018-04-03,10.52,10.59,10.67,10.38,15731,63144885.0,2.72,-0.66,-0.07,10.35
星帅尔,2018-04-04,10.6,10.46,10.82,10.46,15303,62238114.0,3.4,-1.23,-0.13,10.07
星帅尔,2018-04-09,10.4,10.43,10.43,9.91,15004,58567465.0,4.97,-0.29,-0.03,9.87
星帅尔,2018-04-10,10.35,9.99,10.36,9.85,15117,58486282.0,4.89,-4.22,-0.44,9.95
星帅尔,2018-04-11,9.98,10.37,10.42,9.98,14860,58496430.0,4.4,3.8,0.38,9.78
星帅尔,2018-04-12,10.15,10.5,10.7,10.1,24228,97005732.0,5.79,1.25,0.13,7.68
星帅尔,2018-04-13,10.43,10.13,10.43,10.01,22639,88279830.0,4.0,-3.52,-0.37,7.17
星帅尔,2018-04-16,9.97,9.59,10.12,9.49,17143,64639348.0,6.22,-5.33,-0.54,5.43
星帅尔,2018-04-17,9.8,9.36,9.8,9.34,10562,38772255.0,4.8,-2.4,-0.23,3.35
星帅尔,2018-04-18,9.39,9.41,9.48,9.06,10061,36024707.0,4.49,0.53,0.05,3.19
星帅尔,2018-04-19,9.29,9.22,9.44,9.2,10406,37303483.0,2.55,-2.02,-0.19,3.3
星帅尔,2018-04-20,9.26,8.87,9.38,8.83,8686,30572883.0,5.97,-3.8,-0.35,2.75
星帅尔,2018-04-23,8.96,9.04,9.06,8.8,7439,25794282.0,2.93,1.92,0.17,2.36
星帅尔,2018-04-24,9.08,9.57,9.6,9.08,14494,52305736.0,5.75,5.86,0.53,4.59
星帅尔,2018-04-25,9.46,9.8,9.87,9.45,16349,61060048.0,4.39,2.4,0.23,5.18
星帅尔,2018-04-26,9.78,9.45,9.85,9.42,11062,40909803.0,4.39,-3.57,-0.35,3.51
星帅尔,2018-04-27,9.42,9.27,9.62,9.26,11290,27201603.0,3.81,-1.9,-0.18,2.39
星帅尔,2018-05-02,9.38,8.98,9.57,8.75,13015,30470780.0,8.85,-3.13,-0.29,2.75
星帅尔,2018-05-03,8.91,9.47,9.83,8.78,14881,34959520.0,11.69,5.46,0.49,3.14
星帅尔,2018-05-04,9.38,9.76,9.8,9.21,23717,57753623.0,6.23,3.06,0.29,5.01
星帅尔,2018-05-07,9.92,9.84,9.92,9.61,23510,58680480.0,3.18,0.82,0.08,4.97
星帅尔,2018-05-08,9.88,9.76,9.88,9.63,17114,42233761.0,2.54,-0.81,-0.08,3.62
星帅尔,2018-05-09,9.74,9.83,9.9,9.65,14808,36859459.0,2.56,0.72,0.07,3.13
星帅尔,2018-05-10,9.87,10.24,10.64,9.86,36689,95278207.0,7.93,4.17,0.41,7.75
星帅尔,2018-05-11,10.03,9.65,10.18,9.64,25558,63961189.0,5.27,-5.76,-0.59,5.4
星帅尔,2018-05-14,9.45,9.38,9.69,9.21,12808,30969763.0,4.97,-2.8,-0.27,2.71
星帅尔,2018-05-15,9.39,9.6,9.61,9.34,14390,34720540.0,2.88,2.35,0.22,3.04
星帅尔,2018-05-16,9.58,9.46,9.68,9.43,12344,30012046.0,2.6,-1.46,-0.14,2.61
星帅尔,2018-05-17,9.39,9.58,9.66,9.39,11208,27188268.0,2.85,1.27,0.12,2.37
星帅尔,2018-05-18,9.69,9.48,9.69,9.34,8903,21520970.0,3.65,-1.04,-0.1,1.88
星帅尔,2018-05-21,9.5,9.63,9.67,9.5,15711,38383087.0,1.79,1.58,0.15,3.32
星帅尔,2018-05-22,9.63,9.76,9.77,9.42,18243,44563090.0,3.63,1.35,0.13,3.85
星帅尔,2018-05-23,9.74,9.8,9.91,9.64,20943,52171501.0,2.77,0.41,0.04,4.42
星帅尔,2018-05-24,9.92,9.76,9.92,9.71,15435,38468289.0,2.14,-0.41,-0.04,3.26
星帅尔,2018-05-25,9.66,9.63,9.75,9.53,14673,35872424.0,2.25,-1.33,-0.13,3.1
星帅尔,2018-05-28,9.67,9.36,9.67,9.3,11406,27482259.0,3.84,-2.8,-0.27,2.41
星帅尔,2018-05-29,9.33,9.17,9.45,9.17,11888,28206694.0,2.99,-2.03,-0.19,2.51
星帅尔,2018-05-30,8.87,8.21,8.94,8.2,20224,44233022.0,8.07,-10.47,-0.96,4.27
星帅尔,2018-05-31,8.29,8.38,8.52,8.28,9257,19931433.0,2.92,2.07,0.17,1.96
星帅尔,2018-06-01,8.34,8.39,8.6,8.21,9413,20375968.0,4.65,0.12,0.01,1.99
星帅尔,2018-06-04,8.42,8.82,8.86,8.42,14051,31288279.0,5.24,5.13,0.43,2.97
星帅尔,2018-06-05,8.72,8.87,8.96,8.66,13333,30023154.0,3.4,0.57,0.05,2.82
星帅尔,2018-06-06,8.8,8.89,8.9,8.8,9225,20873561.0,1.13,0.23,0.02,1.95
星帅尔,2018-06-07,8.89,8.72,8.95,8.64,9244,20747236.0,3.49,-1.91,-0.17,1.95
星帅尔,2018-06-08,8.62,8.58,8.72,8.41,8061,17663815.0,3.56,-1.61,-0.14,1.7
星帅尔,2018-06-11,8.5,8.52,8.64,8.42,7539,16454693.0,2.56,-0.7,-0.06,1.59
星帅尔,2018-06-12,8.58,8.61,8.64,8.43,7882,17316257.0,2.46,1.06,0.09,1.67
星帅尔,2018-06-13,8.66,8.33,8.66,8.29,7062,15312681.0,4.3,-3.25,-0.28,1.49
星帅尔,2018-06-14,8.29,8.38,8.41,8.24,6390,13687292.0,2.04,0.6,0.05,1.35
星帅尔,2018-06-15,8.33,8.12,8.5,7.88,8933,18841644.0,7.4,-3.1,-0.26,1.89
星帅尔,2018-06-19,8.03,7.24,8.03,7.24,10376,20157602.0,9.73,-10.84,-0.88,2.19
星帅尔,2018-06-20,7.24,7.21,7.41,7.03,10831,20480157.0,5.25,-0.41,-0.03,2.29
星帅尔,2018-06-21,7.28,6.49,7.28,6.46,17195,30620004.0,11.37,-9.99,-0.72,3.63
星帅尔,2018-06-22,6.57,6.86,6.87,6.52,14689,25973955.0,5.39,5.7,0.37,3.1
星帅尔,2018-06-25,7.0,6.93,7.13,6.86,12655,23131405.0,3.94,1.02,0.07,2.67
星帅尔,2018-06-26,6.83,7.15,7.27,6.69,11205,20603933.0,8.37,3.17,0.22,2.37
星帅尔,2018-06-27,7.13,7.1,7.29,7.05,8779,16331413.0,3.36,-0.7,-0.05,1.85
星帅尔,2018-06-28,7.16,7.87,7.87,7.1,42995,86028475.0,10.85,10.85,0.77,9.08
星帅尔,2018-06-29,7.8,8.1,8.15,7.65,50539,103561870.0,6.35,2.92,0.23,10.68
星帅尔,2018-07-02,7.92,7.74,7.99,7.7,29519,59613949.0,3.58,-4.44,-0.36,6.24
星帅尔,2018-07-03,7.69,7.79,7.85,7.45,18157,36134992.0,5.17,0.65,0.05,3.84
星帅尔,2018-07-04,7.75,7.29,7.75,7.2,17912,34658482.0,7.06,-6.42,-0.5,3.79
星帅尔,2018-07-05,7.32,7.4,8.08,7.27,27712,55131911.0,11.11,1.51,0.11,5.86
星帅尔,2018-07-06,7.56,7.78,8.03,7.42,36305,72695624.0,8.24,5.14,0.38,7.67
星帅尔,2018-07-09,7.61,8.27,8.45,7.59,43030,89357305.0,11.05,6.3,0.49,9.1
星帅尔,2018-07-10,8.16,8.4,8.45,8.05,33297,70347368.0,4.84,1.57,0.13,7.04
星帅尔,2018-07-11,8.24,8.06,8.26,7.91,23175,48226615.0,4.17,-4.05,-0.34,4.9
星帅尔,2018-07-12,8.05,8.21,8.37,8.05,23978,50862557.0,3.97,1.86,0.15,5.07
星帅尔,2018-07-13,8.21,8.09,8.39,8.04,18583,39264990.0,4.26,-1.46,-0.12,3.93
星帅尔,2018-07-16,8.16,8.02,8.18,7.99,10156,21103977.0,2.35,-0.87,-0.07,2.15
星帅尔,2018-07-17,8.1,8.07,8.11,7.91,9582,19747238.0,2.49,0.62,0.05,2.03
星帅尔,2018-07-18,8.11,8.24,8.29,7.99,20110,42422739.0,3.72,2.11,0.17,4.25
星帅尔,2018-07-19,8.21,7.93,8.24,7.93,14260,29506113.0,3.76,-3.76,-0.31,3.01
星帅尔,2018-07-20,7.91,7.93,7.98,7.61,12942,26096005.0,4.67,0.0,0.0,2.74
星帅尔,2018-07-23,7.87,8.16,8.24,7.77,18001,37246828.0,5.93,2.9,0.23,3.81
星帅尔,2018-07-24,8.04,8.17,8.21,8.04,16208,33937414.0,2.08,0.12,0.01,3.43
星帅尔,2018-07-25,8.16,8.42,8.48,8.12,26494,56585465.0,4.41,3.06,0.25,5.6
星帅尔,2018-07-26,8.34,8.37,8.48,8.16,15034,32074951.0,3.8,-0.59,-0.05,3.18
星帅尔,2018-07-27,8.37,8.24,8.4,8.18,6933,14713834.0,2.63,-1.55,-0.13,1.47
星帅尔,2018-07-30,8.24,8.07,8.28,8.06,6691,14001245.0,2.67,-2.06,-0.17,1.41
星帅尔,2018-07-31,8.05,7.99,8.16,7.9,5263,10854965.0,3.22,-0.99,-0.08,1.11
星帅尔,2018-08-01,8.38,8.0,8.39,7.83,10896,22919803.0,7.01,0.13,0.01,2.3
星帅尔,2018-08-02,7.84,7.38,7.95,7.14,13184,25421765.0,10.13,-7.75,-0.62,2.79
星帅尔,2018-08-03,7.37,7.1,7.38,7.1,6910,13035137.0,3.79,-3.79,-0.28,1.46
星帅尔,2018-08-06,7.09,6.84,7.17,6.75,5980,10832151.0,5.92,-3.66,-0.26,1.26
星帅尔,2018-08-07,6.96,7.16,7.17,6.82,5853,10714761.0,5.12,4.68,0.32,1.24
星帅尔,2018-08-08,7.23,7.02,7.23,6.98,4137,7647413.0,3.49,-1.96,-0.14,0.87
星帅尔,2018-08-09,7.13,7.21,7.31,7.02,6275,11784628.0,4.13,2.71,0.19,1.33
星帅尔,2018-08-10,7.27,7.24,7.32,7.12,4825,9044961.0,2.77,0.42,0.03,1.02
星帅尔,2018-08-13,7.53,7.31,7.53,7.1,7209,13645036.0,5.94,0.97,0.07,1.52
星帅尔,2018-08-14,7.51,7.24,7.51,7.17,6568,12357652.0,4.65,-0.96,-0.07,1.39
星帅尔,2018-08-15,7.24,6.9,7.24,6.88,8098,14839732.0,4.97,-4.7,-0.34,1.71
星帅尔,2018-08-16,6.86,6.77,6.97,6.67,7678,13664028.0,4.35,-1.88,-0.13,1.62
星帅尔,2018-08-17,6.82,6.71,6.9,6.66,5508,9779766.0,3.55,-0.89,-0.06,1.16
星帅尔,2018-08-20,6.69,6.77,6.8,6.55,5696,9968186.0,3.73,0.89,0.06,1.2
星帅尔,2018-08-21,6.77,6.85,6.9,6.71,5436,9687752.0,2.81,1.18,0.08,1.15
星帅尔,2018-08-22,6.85,6.69,6.85,6.65,4117,7240938.0,2.92,-2.34,-0.16,0.87
星帅尔,2018-08-23,6.67,6.79,6.86,6.67,5245,9274402.0,2.84,1.49,0.1,1.11
星帅尔,2018-08-24,6.78,6.77,6.87,6.72,3602,6402891.0,2.21,-0.29,-0.02,0.76
星帅尔,2018-08-27,6.77,6.95,6.98,6.77,6296,11339664.0,3.1,2.66,0.18,1.33
星帅尔,2018-08-28,7.03,6.89,7.03,6.86,4491,8091538.0,2.45,-0.86,-0.06,0.95
星帅尔,2018-08-29,6.87,6.84,6.93,6.79,3125,5579585.0,2.03,-0.73,-0.05,0.66
星帅尔,2018-08-30,6.82,6.62,6.89,6.62,4516,7947217.0,3.95,-3.22,-0.22,0.95
星帅尔,2018-08-31,6.55,6.53,6.72,6.53,5122,8852183.0,2.87,-1.36,-0.09,1.08
星帅尔,2018-09-03,6.54,6.59,6.59,6.46,6103,10454805.0,1.99,0.92,0.06,1.29
星帅尔,2018-09-04,6.61,6.61,6.64,6.51,7173,12378033.0,1.97,0.3,0.02,1.52
星帅尔,2018-09-05,6.53,6.49,6.65,6.48,4607,7934466.0,2.57,-1.82,-0.12,0.97
星帅尔,2018-09-06,6.5,6.47,6.58,6.46,4087,6976338.0,1.85,-0.31,-0.02,0.86
星帅尔,2018-09-07,6.48,6.51,6.64,6.44,4276,7328708.0,3.09,0.62,0.04,0.9
星帅尔,2018-09-10,6.59,6.27,6.59,6.06,5260,8801477.0,8.14,-3.69,-0.24,1.11
星帅尔,2018-09-11,6.27,6.37,6.43,6.23,3949,6567199.0,3.19,1.59,0.1,0.84
星帅尔,2018-09-12,6.33,6.42,6.45,6.3,3031,5087253.0,2.35,0.78,0.05,0.64
星帅尔,2018-09-13,6.48,6.44,6.52,6.38,3125,5281417.0,2.18,0.31,0.02,0.66
星帅尔,2018-09-14,6.5,6.38,6.5,6.38,3535,5968206.0,1.86,-0.93,-0.06,0.75
星帅尔,2018-09-17,6.35,6.22,6.35,6.19,3234,5329489.0,2.51,-2.51,-0.16,0.68
星帅尔,2018-09-18,6.23,6.36,6.36,6.18,4055,6711889.0,2.89,2.25,0.14,0.86
星帅尔,2018-09-19,6.21,6.44,6.5,6.21,7868,13295231.0,4.56,1.26,0.08,1.66
星帅尔,2018-09-20,6.45,6.48,6.54,6.39,8048,13678070.0,2.33,0.62,0.04,1.7
星帅尔,2018-09-21,6.57,6.51,6.57,6.42,9572,16307051.0,2.31,0.46,0.03,2.02
星帅尔,2018-09-25,6.48,6.49,6.53,6.42,3322,5656822.0,1.69,-0.31,-0.02,0.7
星帅尔,2018-09-26,6.49,6.48,6.53,6.47,3989,6802534.0,0.92,-0.15,-0.01,0.84
星帅尔,2018-09-27,6.48,6.3,6.54,6.29,5598,9439060.0,3.86,-2.78,-0.18,1.18
星帅尔,2018-09-28,6.3,6.4,6.42,6.3,3092,5176077.0,1.9,1.59,0.1,0.65
星帅尔,2018-10-08,6.27,6.01,6.35,6.01,6632,10807553.0,5.31,-6.09,-0.39,1.4
星帅尔,2018-10-09,6.04,6.03,6.19,6.01,3548,5685125.0,3.0,0.33,0.02,0.75
星帅尔,2018-10-10,6.03,6.7,6.7,5.98,19517,33668751.0,11.94,11.11,0.67,4.13
星帅尔,2018-10-11,6.7,6.48,6.87,6.41,42254,73934824.0,6.87,-3.28,-0.22,8.93
星帅尔,2018-10-12,6.27,7.19,7.19,5.85,59451,104592916.0,20.68,10.96,0.71,12.57
星帅尔,2018-10-15,7.15,7.84,7.98,7.02,82045,158464343.0,13.35,9.04,0.65,17.35
星帅尔,2018-10-16,7.41,6.99,7.54,6.99,47571,89870544.0,7.02,-10.84,-0.85,10.06
星帅尔,2018-10-17,6.92,7.36,7.5,6.73,47520,88209487.0,11.02,5.29,0.37,10.05
星帅尔,2018-10-18,7.07,6.86,7.11,6.77,28925,52193739.0,4.62,-6.79,-0.5,6.12
星帅尔,2018-10-19,6.59,7.02,7.3,6.59,28079,50840161.0,10.35,2.33,0.16,5.94
星帅尔,2018-10-22,7.03,7.37,7.55,6.94,42235,79751784.0,8.69,4.99,0.35,8.93
星帅尔,2018-10-23,7.24,7.59,7.86,7.12,51864,99956591.0,10.04,2.99,0.22,10.97
星帅尔,2018-10-24,7.34,7.13,7.41,6.97,33272,62457740.0,5.8,-6.06,-0.46,7.04
星帅尔,2018-10-25,6.82,7.25,7.27,6.48,25327,46316278.0,11.08,1.68,0.12,5.36
星帅尔,2018-10-26,7.21,7.06,7.28,7.0,17022,31516091.0,3.86,-2.62,-0.19,3.6
星帅尔,2018-10-29,7.06,6.87,7.14,6.77,12638,22828100.0,5.24,-2.69,-0.19,2.67
星帅尔,2018-10-30,6.86,6.98,7.02,6.61,15708,28096846.0,5.97,1.6,0.11,3.32
星帅尔,2018-10-31,6.65,7.19,7.69,6.21,51496,94910194.0,21.2,3.01,0.21,10.89
星帅尔,2018-11-01,7.03,6.91,7.08,6.86,35687,64742115.0,3.06,-3.89,-0.28,7.55
星帅尔,2018-11-02,6.98,6.99,7.05,6.91,23060,41916278.0,2.03,1.16,0.08,4.88
星帅尔,2018-11-05,7.02,7.28,7.31,6.98,34548,64151846.0,4.72,4.15,0.29,7.31
星帅尔,2018-11-06,7.24,7.19,7.25,7.03,17766,32975163.0,3.02,-1.24,-0.09,3.76
星帅尔,2018-11-07,7.27,6.96,7.27,6.94,18818,34901350.0,4.59,-3.2,-0.23,3.98
星帅尔,2018-11-08,7.03,6.83,7.05,6.82,14100,25434054.0,3.3,-1.87,-0.13,2.98
星帅尔,2018-11-09,6.75,6.82,6.97,6.74,9105,16292020.0,3.37,-0.15,-0.01,1.93
星帅尔,2018-11-12,6.81,6.97,6.98,6.77,11585,20906096.0,3.08,2.2,0.15,2.45
星帅尔,2018-11-13,6.89,6.98,7.08,6.83,15961,29007183.0,3.59,0.14,0.01,3.38
星帅尔,2018-11-14,6.97,7.01,7.1,6.84,16808,30667845.0,3.72,0.43,0.03,3.55
星帅尔,2018-11-15,6.99,7.27,7.32,6.96,32228,60147768.0,5.14,3.71,0.26,6.81
星帅尔,2018-11-16,7.35,7.26,7.35,7.15,24049,45199997.0,2.75,-0.14,-0.01,5.09
星帅尔,2018-11-19,7.25,7.68,7.95,7.16,52047,102592998.0,10.88,5.79,0.42,11.01
星帅尔,2018-11-20,7.54,7.34,7.59,7.33,32031,61827832.0,3.39,-4.43,-0.34,6.77
星帅尔,2018-11-21,7.32,7.27,7.32,7.09,19243,35979889.0,3.13,-0.95,-0.07,4.07
星帅尔,2018-11-22,7.27,7.47,7.53,7.21,23637,45279918.0,4.4,2.75,0.2,5.0
星帅尔,2018-11-23,7.44,6.9,7.45,6.84,23274,43000075.0,8.17,-7.63,-0.57,4.92
星帅尔,2018-11-26,6.84,6.61,6.98,6.45,24178,41941123.0,7.68,-4.2,-0.29,5.11
星帅尔,2018-11-27,6.61,6.61,6.68,6.55,11699,20234228.0,1.97,0.0,0.0,2.47
星帅尔,2018-11-28,6.58,6.67,6.69,6.4,13387,23016354.0,4.39,0.91,0.06,2.83
星帅尔,2018-11-29,6.71,6.42,6.74,6.41,12366,21262910.0,4.95,-3.75,-0.25,2.61
星帅尔,2018-11-30,6.42,6.49,6.5,6.32,7807,13149820.0,2.8,1.09,0.07,1.65
星帅尔,2018-12-03,6.69,6.67,6.82,6.65,14821,26006634.0,2.62,2.77,0.18,3.13
星帅尔,2018-12-04,6.71,6.7,6.74,6.64,8730,15279024.0,1.5,0.45,0.03,1.85
星帅尔,2018-12-05,6.61,6.65,6.72,6.48,8808,15315318.0,3.58,-0.75,-0.05,1.86
星帅尔,2018-12-06,6.65,6.52,6.65,6.51,6533,11237649.0,2.11,-1.95,-0.13,1.38
星帅尔,2018-12-07,6.59,6.58,6.62,6.49,5799,9965818.0,1.99,0.92,0.06,1.23
星帅尔,2018-12-10,6.57,6.44,6.57,6.42,5421,9210270.0,2.28,-2.13,-0.14,1.15
星帅尔,2018-12-11,6.53,6.55,6.56,6.46,4566,7791955.0,1.55,1.71,0.11,0.97
星帅尔,2018-12-12,6.6,6.53,6.63,6.5,6087,10472412.0,1.98,-0.31,-0.02,1.29
星帅尔,2018-12-13,6.59,6.65,6.68,6.51,8826,15295493.0,2.6,1.84,0.12,1.87
星帅尔,2018-12-14,6.61,7.38,7.38,6.56,67253,124965466.0,12.33,10.98,0.73,14.22
星帅尔,2018-12-17,7.32,7.4,7.73,7.27,93444,181108588.0,6.23,0.27,0.02,19.76
星帅尔,2018-12-18,7.28,7.05,7.29,7.04,47102,87569321.0,3.38,-4.73,-0.35,9.96
星帅尔,2018-12-19,7.03,7.01,7.18,6.94,32063,59036981.0,3.4,-0.57,-0.04,6.78
星帅尔,2018-12-20,6.95,7.1,7.19,6.94,30579,56290580.0,3.57,1.28,0.09,6.47
星帅尔,2018-12-21,7.11,6.99,7.11,6.86,20819,37807903.0,3.52,-1.55,-0.11,4.4
星帅尔,2018-12-24,6.94,7.19,7.4,6.94,38557,72122881.0,6.58,2.86,0.2,8.15
星帅尔,2018-12-25,7.11,7.5,7.56,6.82,59441,112138503.0,10.29,4.31,0.31,12.57
星帅尔,2018-12-26,7.38,7.34,7.51,7.29,36751,70373782.0,2.93,-2.13,-0.16,7.77
星帅尔,2018-12-27,7.4,7.2,7.53,7.2,32266,61852410.0,4.5,-1.91,-0.14,6.82
星帅尔,2018-12-28,7.23,7.2,7.45,7.03,23541,44416692.0,5.83,0.0,0.0,4.98
星帅尔,2019-01-02,7.21,7.39,7.42,7.16,25419,48493342.0,3.61,2.64,0.19,5.38
星帅尔,2019-01-03,7.3,6.86,7.32,6.82,29126,53603483.0,6.77,-7.17,-0.53,6.16
星帅尔,2019-01-04,6.81,7.0,7.09,6.68,22255,40149467.0,5.98,2.04,0.14,4.71
星帅尔,2019-01-07,6.99,7.15,7.24,6.92,23217,42906458.0,4.57,2.14,0.15,4.91
星帅尔,2019-01-08,7.12,7.22,7.22,7.02,19979,37103811.0,2.8,0.98,0.07,4.23
星帅尔,2019-01-09,7.41,7.22,7.66,7.19,40376,77050777.0,6.51,0.0,0.0,8.54
星帅尔,2019-01-10,7.05,7.05,7.16,6.98,21073,38787802.0,2.49,-2.35,-0.17,4.46
星帅尔,2019-01-11,7.03,7.54,7.66,6.99,70044,134842454.0,9.5,6.95,0.49,14.82
星帅尔,2019-01-14,7.41,7.49,7.63,7.36,44396,86051193.0,3.58,-0.66,-0.05,9.39
星帅尔,2019-01-15,7.5,7.57,7.57,7.32,29221,56415881.0,3.34,1.07,0.08,6.18
星帅尔,2019-01-16,7.5,7.29,7.53,7.27,31108,59420934.0,3.43,-3.7,-0.28,6.58
星帅尔,2019-01-17,7.29,7.57,7.9,7.29,75072,147828821.0,8.37,3.84,0.28,15.89
星帅尔,2019-01-18,7.48,7.49,7.53,7.32,40916,78641091.0,2.77,-1.06,-0.08,8.66
星帅尔,2019-01-21,7.51,7.88,8.11,7.45,82887,167057401.0,8.81,5.21,0.39,17.54
星帅尔,2019-01-22,7.85,8.09,8.29,7.66,78082,159487167.0,7.99,2.66,0.21,16.52
星帅尔,2019-01-23,7.91,7.94,8.18,7.82,53681,110337840.0,4.45,-1.85,-0.15,11.36
星帅尔,2019-01-24,7.87,7.97,8.04,7.8,41780,85274763.0,3.02,0.38,0.03,8.84
星帅尔,2019-01-25,7.95,7.75,7.95,7.7,31331,63141240.0,3.14,-2.76,-0.22,6.63
星帅尔,2019-01-28,7.82,7.58,7.87,7.54,23723,46796555.0,4.26,-2.19,-0.17,5.02
星帅尔,2019-01-29,7.52,7.13,7.63,6.76,29783,56006800.0,11.48,-5.94,-0.45,6.3
星帅尔,2019-01-30,7.04,7.03,7.3,6.98,16640,30938923.0,4.49,-1.4,-0.1,3.52
星帅尔,2019-01-31,7.11,6.96,7.19,6.84,16702,30631790.0,4.98,-1.0,-0.07,3.53
星帅尔,2019-02-01,6.98,7.21,7.23,6.98,13290,24667549.0,3.59,3.59,0.25,2.81
星帅尔,2019-02-11,7.19,7.38,7.42,7.19,16976,32406295.0,3.19,2.36,0.17,3.59
星帅尔,2019-02-12,7.37,7.44,7.51,7.3,24459,46992263.0,2.85,0.81,0.06,5.18
星帅尔,2019-02-13,7.47,7.65,7.71,7.37,36135,70948686.0,4.57,2.82,0.21,7.65
星帅尔,2019-02-14,7.66,7.6,7.71,7.48,30003,58978424.0,3.01,-0.65,-0.05,6.35
星帅尔,2019-02-15,7.57,7.6,7.69,7.51,21929,43087122.0,2.37,0.0,0.0,4.64
星帅尔,2019-02-18,7.68,7.93,8.0,7.6,43008,86933345.0,5.26,4.34,0.33,9.1
星帅尔,2019-02-19,7.92,7.77,7.97,7.62,38938,78442842.0,4.41,-2.02,-0.16,8.24
星帅尔,2019-02-20,7.78,7.73,7.84,7.61,25304,50433712.0,2.96,-0.51,-0.04,5.35
星帅尔,2019-02-21,7.75,7.74,8.02,7.66,49534,100243375.0,4.66,0.13,0.01,10.48
星帅尔,2019-02-22,7.66,7.9,7.92,7.61,38169,76973241.0,4.01,2.07,0.16,8.08
星帅尔,2019-02-25,7.9,8.45,8.76,7.9,90538,194257228.0,10.89,6.96,0.55,19.16
星帅尔,2019-02-26,8.42,8.24,8.5,8.19,54546,116649651.0,3.67,-2.49,-0.21,11.54
星帅尔,2019-02-27,8.27,8.31,8.43,8.12,37598,79969020.0,3.76,0.85,0.07,7.96
星帅尔,2019-02-28,8.31,8.28,8.49,8.13,30385,64623507.0,4.33,-0.36,-0.03,6.43
星帅尔,2019-03-01,8.36,8.34,8.43,8.13,22140,47041582.0,3.62,0.72,0.06,4.68
星帅尔,2019-03-04,8.44,8.5,8.78,8.29,59467,129871830.0,5.88,1.92,0.16,12.58
星帅尔,2019-03-05,8.43,8.66,8.71,8.37,40725,89444532.0,4.0,1.88,0.16,8.62
星帅尔,2019-03-06,8.71,8.71,8.86,8.48,49191,109145646.0,4.39,0.58,0.05,10.41
星帅尔,2019-03-07,8.72,9.0,9.06,8.62,51564,117078154.0,5.05,3.33,0.29,10.91
星帅尔,2019-03-08,8.77,8.33,8.86,8.31,48649,107712764.0,6.11,-7.44,-0.67,10.29
星帅尔,2019-03-11,8.41,8.68,8.7,8.4,33360,73132619.0,3.6,4.2,0.35,7.06
星帅尔,2019-03-12,8.83,8.69,8.91,8.52,44658,99998434.0,4.49,0.12,0.01,9.45
星帅尔,2019-03-13,8.69,8.37,8.77,8.34,33079,72200824.0,4.95,-3.68,-0.32,7.0
星帅尔,2019-03-14,8.28,8.13,8.46,8.02,22081,46676328.0,5.26,-2.87,-0.24,4.67
星帅尔,2019-03-15,8.14,8.23,8.35,8.11,22232,47032982.0,2.95,1.23,0.1,4.7
星帅尔,2019-03-18,8.28,8.45,8.46,8.2,17838,38161168.0,3.16,2.67,0.22,3.77
星帅尔,2019-03-19,8.41,8.42,8.49,8.34,17484,37743405.0,1.78,-0.36,-0.03,3.7
星帅尔,2019-03-20,8.4,8.52,8.52,8.33,23122,50068316.0,2.26,1.19,0.1,4.89
星帅尔,2019-03-21,8.57,8.41,8.69,8.41,26078,56847114.0,3.29,-1.29,-0.11,5.52
星帅尔,2019-03-22,8.45,8.9,9.31,8.2,65883,147503545.0,13.2,5.83,0.49,13.94
星帅尔,2019-03-25,8.58,8.69,8.87,8.52,38660,86232127.0,3.93,-2.36,-0.21,8.18
星帅尔,2019-03-26,8.69,8.24,8.79,8.19,32189,69732493.0,6.9,-5.18,-0.45,6.81
星帅尔,2019-03-27,8.24,8.19,8.34,8.05,16223,34094833.0,3.52,-0.61,-0.05,3.43
星帅尔,2019-03-28,8.16,8.21,8.44,8.16,19072,40703576.0,3.42,0.24,0.02,4.04
星帅尔,2019-03-29,8.2,8.39,8.44,8.03,23082,49118725.0,4.99,2.19,0.18,4.88
星帅尔,2019-04-01,8.45,8.87,8.88,8.43,38701,86148714.0,5.36,5.72,0.48,8.19
星帅尔,2019-04-02,8.87,8.81,8.94,8.66,32755,73802482.0,3.16,-0.68,-0.06,6.93
星帅尔,2019-04-03,8.75,8.96,9.0,8.7,35009,79669989.0,3.41,1.7,0.15,7.41
星帅尔,2019-04-04,8.96,9.11,9.2,8.85,37932,87494410.0,3.91,1.67,0.15,8.03
星帅尔,2019-04-08,9.13,8.87,9.2,8.71,34906,79513455.0,5.38,-2.63,-0.24,7.39
星帅尔,2019-04-09,8.9,8.8,8.9,8.66,19878,44741929.0,2.71,-0.79,-0.07,4.21
星帅尔,2019-04-10,8.79,8.78,8.87,8.66,18876,42388644.0,2.39,-0.23,-0.02,3.99
星帅尔,2019-04-11,8.75,8.63,8.82,8.59,17594,39104679.0,2.62,-1.71,-0.15,3.72
星帅尔,2019-04-12,8.64,8.63,8.71,8.54,14334,31614563.0,1.97,0.0,0.0,3.03
星帅尔,2019-04-15,8.7,8.66,8.83,8.66,24246,54447781.0,1.97,0.35,0.03,5.13
星帅尔,2019-04-16,8.61,9.0,9.08,8.5,37860,85386891.0,6.7,3.93,0.34,8.01
星帅尔,2019-04-17,9.01,8.88,9.03,8.83,27869,63499803.0,2.22,-1.33,-0.12,5.9
星帅尔,2019-04-18,8.93,8.9,9.03,8.81,22685,51716503.0,2.48,0.23,0.02,4.8
星帅尔,2019-04-19,8.89,8.81,8.94,8.61,20822,46687618.0,3.71,-1.01,-0.09,4.41
星帅尔,2019-04-22,8.8,8.64,8.85,8.64,17374,38772881.0,2.38,-1.93,-0.17,3.68
星帅尔,2019-04-23,8.7,8.54,8.7,8.5,16632,36517127.0,2.31,-1.16,-0.1,3.52
星帅尔,2019-04-24,8.63,8.66,8.7,8.51,11312,24959471.0,2.22,1.41,0.12,2.39
星帅尔,2019-04-25,8.59,8.19,8.65,8.19,17180,37143655.0,5.31,-5.43,-0.47,3.64
星帅尔,2019-04-26,8.2,7.87,8.31,7.76,15859,32562760.0,6.72,-3.91,-0.32,3.36
星帅尔,2019-04-29,7.99,7.84,7.99,7.76,9723,19747800.0,2.92,-0.38,-0.03,2.06
星帅尔,2019-04-30,7.78,7.82,7.92,7.74,9579,19369425.0,2.3,-0.26,-0.02,2.03
星帅尔,2019-05-06,7.63,6.98,7.63,6.98,15486,29205538.0,8.31,-10.74,-0.84,3.28
星帅尔,2019-05-07,6.98,7.03,7.1,6.9,12004,21984040.0,2.87,0.72,0.05,2.54
星帅尔,2019-05-08,6.95,7.05,7.09,6.88,11048,20181596.0,2.99,0.28,0.02,2.34
星帅尔,2019-05-09,7.03,6.99,7.11,6.95,7718,14110400.0,2.27,-0.85,-0.06,1.63
星帅尔,2019-05-10,7.05,7.23,7.28,6.91,19779,36548090.0,5.29,3.43,0.24,4.19
星帅尔,2019-05-13,7.11,7.16,7.23,7.09,11763,21909311.0,1.94,-0.97,-0.07,2.49
星帅尔,2019-05-14,7.11,7.15,7.27,7.05,11934,22337579.0,3.07,-0.14,-0.01,2.53
星帅尔,2019-05-15,7.19,7.25,7.31,7.19,12049,22715592.0,1.68,1.4,0.1,2.55
星帅尔,2019-05-16,7.31,7.31,7.36,7.22,11640,22009668.0,1.93,0.83,0.06,2.46
星帅尔,2019-05-17,7.24,7.02,7.39,6.92,14127,26285820.0,6.43,-3.97,-0.29,2.99
星帅尔,2019-05-20,6.92,6.92,6.98,6.71,13734,24615121.0,3.85,-1.42,-0.1,2.91
星帅尔,2019-05-21,6.88,7.07,7.11,6.87,10587,19320319.0,3.47,2.17,0.15,2.24
星帅尔,2019-05-22,7.06,6.95,7.17,6.9,9185,16846755.0,3.82,-1.7,-0.12,1.94
星帅尔,2019-05-23,6.88,7.16,7.53,6.49,29182,53987500.0,14.96,3.02,0.21,6.17
星帅尔,2019-05-24,7.01,6.92,7.11,6.77,20234,36439284.0,4.75,-3.35,-0.24,4.28
星帅尔,2019-05-27,6.92,7.1,7.13,6.85,12501,22852282.0,4.05,2.6,0.18,2.65
星帅尔,2019-05-28,7.1,7.04,7.21,6.99,10623,19627414.0,3.1,-0.85,-0.06,2.25
星帅尔,2019-05-29,7.04,7.04,7.11,7.0,8391,15429177.0,1.56,0.0,0.0,1.78
星帅尔,2019-05-30,7.1,7.1,7.13,7.01,10397,19121254.0,1.7,0.85,0.06,2.2
星帅尔,2019-05-31,7.1,7.13,7.19,7.04,10023,18565521.0,2.11,0.42,0.03,2.12
星帅尔,2019-06-03,7.15,6.9,7.19,6.83,14705,26715347.0,5.05,-3.23,-0.23,3.11
星帅尔,2019-06-04,6.9,6.92,7.06,6.86,8937,16211371.0,2.9,0.29,0.02,1.89
星帅尔,2019-06-05,7.04,7.67,7.67,6.94,44392,85633043.0,10.55,10.84,0.75,9.39
星帅尔,2019-06-06,7.74,7.61,8.5,7.6,103502,214833754.0,11.73,-0.78,-0.06,21.9
星帅尔,2019-06-10,7.32,7.64,8.0,7.22,58489,114945200.0,10.25,0.39,0.03,12.38
星帅尔,2019-06-11,7.49,7.81,7.98,7.45,58267,116682961.0,6.94,2.23,0.17,12.33
星帅尔,2019-06-12,7.75,7.9,8.0,7.7,49552,100545750.0,3.84,1.15,0.09,10.49
星帅尔,2019-06-13,7.81,7.69,7.9,7.63,32576,65148291.0,3.42,-2.66,-0.21,6.89
星帅尔,2019-06-14,7.7,7.42,7.76,7.4,23991,46772221.0,4.68,-3.51,-0.27,5.08
星帅尔,2019-06-17,7.42,7.48,7.57,7.33,11943,23077650.0,3.23,0.81,0.06,2.53
星帅尔,2019-06-18,7.5,7.4,7.55,7.37,8355,16125363.0,2.41,-1.07,-0.08,1.77
星帅尔,2019-06-19,7.54,7.58,7.69,7.5,20998,41261989.0,2.57,2.43,0.18,4.44
星帅尔,2019-06-20,7.56,7.61,7.67,7.47,15643,30501908.0,2.64,0.4,0.03,3.31
星帅尔,2019-06-21,7.69,7.72,7.77,7.59,20955,41434718.0,2.37,1.45,0.11,4.43
星帅尔,2019-06-24,7.68,7.64,7.78,7.63,14094,27844444.0,1.94,-1.04,-0.08,2.98
星帅尔,2019-06-25,7.75,7.57,7.75,7.51,10061,19603380.0,3.14,-0.92,-0.07,2.13
星帅尔,2019-06-26,7.53,7.63,7.69,7.53,8634,16921982.0,2.11,0.79,0.06,1.83
星帅尔,2019-06-27,7.64,7.71,7.76,7.64,12373,24468269.0,1.57,1.05,0.08,2.62
星帅尔,2019-06-28,7.65,7.54,7.66,7.4,14261,27547623.0,3.37,-2.2,-0.17,3.02
星帅尔,2019-07-01,7.73,8.36,8.36,7.68,46041,96883894.0,9.02,10.88,0.82,9.69
星帅尔,2019-07-02,8.56,8.01,8.56,7.93,68103,141020299.0,7.54,-4.19,-0.35,14.34
星帅尔,2019-07-03,7.82,8.02,8.11,7.82,34061,69211493.0,3.62,0.12,0.01,7.17
星帅尔,2019-07-04,8.08,8.36,8.88,8.04,111418,244033490.0,10.47,4.24,0.34,23.46
星帅尔,2019-07-05,8.43,9.25,9.25,8.24,153057,349041424.0,12.08,10.65,0.89,32.23
星帅尔,2019-07-08,9.69,9.58,10.24,9.35,227241,573064256.0,9.62,3.57,0.33,47.85
星帅尔,2019-07-09,9.26,9.55,10.2,8.87,236355,574637760.0,13.88,-0.31,-0.03,49.77
星帅尔,2019-07-10,9.08,8.58,9.27,8.53,183116,412328736.0,7.75,-10.16,-0.97,38.56
星帅尔,2019-07-11,8.48,8.3,8.55,8.14,117817,250629546.0,4.78,-3.26,-0.28,24.81
星帅尔,2019-07-12,8.27,8.37,8.45,8.15,80843,171590253.0,3.61,0.84,0.07,17.02
星帅尔,2019-07-15,8.34,8.39,8.42,7.96,74953,157090661.0,5.5,0.24,0.02,15.78
星帅尔,2019-07-16,8.37,8.66,8.72,8.24,107905,234322138.0,5.72,3.22,0.27,22.72
星帅尔,2019-07-17,8.68,8.43,8.79,8.38,71449,156133359.0,4.73,-2.66,-0.23,15.04
星帅尔,2019-07-18,8.29,8.03,8.29,8.0,59645,123934121.0,3.44,-4.74,-0.4,12.56
星帅尔,2019-07-19,8.05,7.89,8.19,7.84,49198,100785686.0,4.36,-1.74,-0.14,10.36
星帅尔,2019-07-22,7.89,7.4,7.98,7.39,47865,92772102.0,7.48,-6.21,-0.49,10.08
星帅尔,2019-07-23,7.39,7.56,7.58,7.39,31130,60019521.0,2.57,2.16,0.16,6.55
星帅尔,2019-07-24,7.6,7.79,8.09,7.6,51092,102882819.0,6.48,3.04,0.23,10.76
星帅尔,2019-07-25,7.78,7.74,7.87,7.69,32594,64913001.0,2.31,-0.64,-0.05,6.86
星帅尔,2019-07-26,7.71,7.67,7.8,7.64,24556,48527092.0,2.07,-0.9,-0.07,5.17
星帅尔,2019-07-29,7.66,7.6,7.74,7.56,22237,43631590.0,2.35,-0.91,-0.07,4.68
星帅尔,2019-07-30,7.61,7.87,7.94,7.61,43876,88023078.0,4.34,3.55,0.27,9.24
星帅尔,2019-07-31,7.77,7.72,7.84,7.66,28302,56223857.0,2.29,-1.91,-0.15,5.96
星帅尔,2019-08-01,7.62,7.69,7.84,7.62,21837,43113278.0,2.85,-0.39,-0.03,4.6
星帅尔,2019-08-02,7.51,7.55,7.61,7.42,27900,53750961.0,2.47,-1.82,-0.14,5.87
星帅尔,2019-08-05,7.54,7.56,7.79,7.51,26972,52757392.0,3.71,0.13,0.01,5.68
星帅尔,2019-08-06,7.38,7.17,7.38,7.03,37923,70067324.0,4.63,-5.16,-0.39,7.99
星帅尔,2019-08-07,7.17,7.1,7.27,7.03,22671,41828630.0,3.35,-0.98,-0.07,4.77
星帅尔,2019-08-08,7.13,7.2,7.28,7.07,24386,45158108.0,2.96,1.41,0.1,5.13
星帅尔,2019-08-09,7.24,6.98,7.24,6.96,25044,45894841.0,3.89,-3.06,-0.22,5.27
星帅尔,2019-08-12,6.94,7.15,7.16,6.94,21103,38580341.0,3.15,2.44,0.17,4.44
星帅尔,2019-08-13,7.17,7.26,7.41,7.08,35349,66422005.0,4.62,1.54,0.11,7.44
星帅尔,2019-08-14,7.4,7.28,7.45,7.22,28139,53003331.0,3.17,0.28,0.02,5.92
星帅尔,2019-08-15,6.97,7.31,7.31,6.97,22071,40705074.0,4.67,0.41,0.03,4.65
星帅尔,2019-08-16,7.34,7.17,7.34,7.16,24759,46387391.0,2.46,-1.92,-0.14,5.21
星帅尔,2019-08-19,7.22,7.46,7.46,7.22,35711,67873363.0,3.35,4.04,0.29,7.52
星帅尔,2019-08-20,7.47,7.65,7.67,7.4,45993,89399178.0,3.62,2.55,0.19,9.68
星帅尔,2019-08-21,7.67,7.58,7.69,7.52,27503,53633274.0,2.22,-0.92,-0.07,5.79
星帅尔,2019-08-22,7.58,7.75,7.84,7.51,35630,70538342.0,4.35,2.24,0.17,7.5
星帅尔,2019-08-23,7.75,7.57,7.82,7.54,26663,52270875.0,3.61,-2.32,-0.18,5.61
星帅尔,2019-08-26,7.36,7.47,7.55,7.33,17393,33342152.0,2.91,-1.32,-0.1,3.66
星帅尔,2019-08-27,7.53,7.62,7.68,7.39,20660,40368038.0,3.88,2.01,0.15,4.35
星帅尔,2019-08-28,8.39,7.84,8.39,7.7,64641,130957844.0,9.06,2.89,0.22,13.61
星帅尔,2019-08-29,7.72,8.27,8.63,7.59,83770,173248349.0,13.27,5.48,0.43,17.64
星帅尔,2019-08-30,8.17,7.93,8.17,7.89,37228,76585814.0,3.39,-4.11,-0.34,7.84
星帅尔,2019-09-02,7.9,8.11,8.13,7.81,29495,60524230.0,4.04,2.27,0.18,6.21
星帅尔,2019-09-03,8.11,8.07,8.16,7.98,25061,51591428.0,2.22,-0.49,-0.04,5.28
星帅尔,2019-09-04,8.0,8.01,8.13,7.97,26899,55292330.0,1.98,-0.74,-0.06,5.66
星帅尔,2019-09-05,8.05,7.99,8.16,7.93,38492,79458291.0,2.87,-0.25,-0.02,8.1
星帅尔,2019-09-06,8.02,8.14,8.22,7.98,41515,86164475.0,3.0,1.88,0.15,8.74
星帅尔,2019-09-09,8.29,8.39,8.47,8.11,49126,103697738.0,4.42,3.07,0.25,10.18
星帅尔,2019-09-10,8.35,8.27,8.4,8.18,30860,65163686.0,2.62,-1.43,-0.12,6.4
星帅尔,2019-09-11,8.27,8.16,8.33,8.14,25044,52737320.0,2.3,-1.33,-0.11,5.19
星帅尔,2019-09-12,8.15,8.3,8.34,8.14,25361,53361855.0,2.45,1.72,0.14,5.26
星帅尔,2019-09-16,8.29,8.39,8.54,8.19,36711,78253682.0,4.22,1.08,0.09,7.61
星帅尔,2019-09-17,8.33,8.06,8.33,8.03,30563,63587781.0,3.58,-3.93,-0.33,6.33
星帅尔,2019-09-18,8.04,8.07,8.14,7.97,15851,32679293.0,2.11,0.12,0.01,3.29
星帅尔,2019-09-19,8.06,8.24,8.27,8.02,24512,51258045.0,3.1,2.11,0.17,5.08
星帅尔,2019-09-20,8.24,8.21,8.41,8.18,29253,61980304.0,2.79,-0.36,-0.03,6.06
星帅尔,2019-09-23,8.21,8.43,8.43,8.08,51182,108915166.0,4.26,2.68,0.22,10.61
星帅尔,2019-09-24,8.45,8.28,8.48,8.23,40956,86854963.0,2.97,-1.78,-0.15,8.49
星帅尔,2019-09-25,8.22,7.95,8.27,7.95,27825,57470614.0,3.86,-3.99,-0.33,5.77
星帅尔,2019-09-26,7.95,7.79,8.16,7.76,23234,47147240.0,5.03,-2.01,-0.16,4.82
星帅尔,2019-09-27,7.78,7.8,7.97,7.69,15922,32046236.0,3.59,0.13,0.01,3.3
星帅尔,2019-09-30,7.8,7.72,7.92,7.72,10785,21597939.0,2.56,-1.03,-0.08,2.24
星帅尔,2019-10-08,7.71,7.55,7.85,7.53,12784,25203135.0,4.15,-2.2,-0.17,2.65
星帅尔,2019-10-09,7.55,7.73,7.74,7.4,11495,22518540.0,4.5,2.38,0.18,2.38
星帅尔,2019-10-10,7.72,7.75,7.79,7.64,11397,22638061.0,1.94,0.26,0.02,2.36
星帅尔,2019-10-11,7.75,7.7,7.79,7.63,13559,26855254.0,2.06,-0.65,-0.05,2.81
星帅尔,2019-10-14,7.79,7.85,7.91,7.72,18035,36274930.0,2.47,1.95,0.15,3.74
星帅尔,2019-10-15,7.88,7.74,7.88,7.69,11650,23153539.0,2.42,-1.4,-0.11,2.41
星帅尔,2019-10-16,7.75,7.58,7.77,7.53,12599,24755897.0,3.1,-2.07,-0.16,2.61
星帅尔,2019-10-17,7.57,7.61,7.7,7.56,10025,19672596.0,1.85,0.4,0.03,2.08
星帅尔,2019-10-18,7.61,7.55,7.8,7.48,17303,34013435.0,4.2,-0.79,-0.06,3.59
星帅尔,2019-10-21,7.55,7.41,7.55,7.27,11532,21959569.0,3.71,-1.85,-0.14,2.39
星帅尔,2019-10-22,7.43,7.63,7.67,7.38,14376,27925145.0,3.91,2.97,0.22,2.98
星帅尔,2019-10-23,7.63,7.63,7.71,7.56,9557,18750038.0,1.97,0.0,0.0,1.98
星帅尔,2019-10-24,7.59,7.63,7.71,7.58,9138,17904770.0,1.7,0.0,0.0,1.89
星帅尔,2019-10-25,8.09,8.03,8.39,7.98,69865,144457168.0,5.37,5.24,0.4,14.48
星帅尔,2019-10-28,8.0,8.17,8.29,8.0,45180,93934818.0,3.61,1.74,0.14,9.36
星帅尔,2019-10-29,8.1,8.09,8.15,7.98,28108,57955407.0,2.08,-0.98,-0.08,5.83
星帅尔,2019-10-30,8.0,8.09,8.18,8.0,24863,51482913.0,2.22,0.0,0.0,5.15
星帅尔,2019-10-31,8.01,8.19,8.24,8.0,34672,72124437.0,2.97,1.24,0.1,7.19
星帅尔,2019-11-01,8.15,8.23,8.34,8.01,37097,77945721.0,4.03,0.49,0.04,7.69
星帅尔,2019-11-04,8.29,8.54,8.67,8.26,56757,122886157.0,4.98,3.77,0.31,11.76
星帅尔,2019-11-05,8.47,8.53,8.78,8.4,55590,121545255.0,4.45,-0.12,-0.01,11.52
星帅尔,2019-11-06,8.49,8.5,8.62,8.41,31998,69268502.0,2.46,-0.35,-0.03,6.63
星帅尔,2019-11-07,8.56,8.52,8.57,8.42,21488,46567401.0,1.76,0.24,0.02,4.45
星帅尔,2019-11-08,8.57,8.43,8.74,8.4,35854,77986873.0,3.99,-1.06,-0.09,7.43
星帅尔,2019-11-11,8.32,8.27,8.58,8.17,34668,74032646.0,4.86,-1.9,-0.16,7.19
星帅尔,2019-11-12,8.24,8.34,8.42,8.22,28135,59724478.0,2.42,0.85,0.07,5.83
星帅尔,2019-11-13,8.34,8.57,8.58,8.26,30347,65160229.0,3.84,2.76,0.23,6.29
星帅尔,2019-11-14,8.56,8.4,8.56,8.34,42520,91353539.0,2.57,-1.98,-0.17,8.81
星帅尔,2019-11-15,8.34,8.34,8.56,8.24,26931,57733607.0,3.81,-0.71,-0.06,5.58
星帅尔,2019-11-18,8.3,8.2,8.35,8.16,24412,51426910.0,2.28,-1.68,-0.14,5.06
星帅尔,2019-11-19,8.22,8.68,8.74,8.17,63912,139289473.0,6.95,5.85,0.48,13.25
星帅尔,2019-11-20,8.62,8.69,8.79,8.6,47068,104075797.0,2.19,0.12,0.01,9.76
星帅尔,2019-11-21,8.64,8.7,8.95,8.57,42102,93590351.0,4.37,0.12,0.01,8.73
星帅尔,2019-11-22,8.76,8.64,8.96,8.5,40459,90037859.0,5.29,-0.69,-0.06,8.39
星帅尔,2019-11-25,8.62,8.27,8.62,8.22,33570,71792268.0,4.63,-4.28,-0.37,6.96
星帅尔,2019-11-26,8.26,8.3,8.39,8.22,17060,36089671.0,2.06,0.36,0.03,3.54
星帅尔,2019-11-27,8.24,8.14,8.35,8.1,22207,46439204.0,3.01,-1.93,-0.16,4.6
星帅尔,2019-11-28,8.13,7.94,8.2,7.8,25587,52358273.0,4.91,-2.46,-0.2,5.3
星帅尔,2019-11-29,7.93,7.96,7.99,7.85,13691,27813616.0,1.76,0.25,0.02,2.84
星帅尔,2019-12-02,8.0,7.94,8.03,7.89,14563,29676288.0,1.76,-0.25,-0.02,3.02
星帅尔,2019-12-03,7.95,7.94,7.95,7.76,13786,27720013.0,2.39,0.0,0.0,2.86
星帅尔,2019-12-04,7.89,7.91,7.98,7.84,13367,27026621.0,1.76,-0.38,-0.03,2.77
星帅尔,2019-12-05,7.92,8.08,8.1,7.92,22295,45755080.0,2.28,2.15,0.17,4.62
星帅尔,2019-12-06,8.06,8.12,8.15,8.0,18466,38103104.0,1.86,0.5,0.04,3.83
星帅尔,2019-12-09,8.16,8.29,8.3,8.11,23836,50074161.0,2.34,2.09,0.17,4.94
星帅尔,2019-12-10,8.26,8.24,8.27,8.08,20252,42377741.0,2.29,-0.6,-0.05,4.2
星帅尔,2019-12-11,8.23,8.34,8.45,8.19,27682,58852006.0,3.16,1.21,0.1,5.74
星帅尔,2019-12-12,8.35,8.41,8.5,8.29,22956,49304520.0,2.52,0.84,0.07,4.76
星帅尔,2019-12-13,8.43,8.53,8.56,8.39,25327,54829985.0,2.02,1.43,0.12,5.25
星帅尔,2019-12-16,8.55,8.64,8.68,8.49,33295,73009252.0,2.23,1.29,0.11,6.9
星帅尔,2019-12-17,8.67,8.62,8.75,8.55,35013,76881721.0,2.31,-0.23,-0.02,7.26
星帅尔,2019-12-18,8.62,8.66,8.78,8.57,28148,61981090.0,2.44,0.46,0.04,5.83
星帅尔,2019-12-19,8.66,8.74,8.95,8.64,37074,82833702.0,3.58,0.92,0.08,7.68
星帅尔,2019-12-20,8.69,8.59,8.83,8.59,27898,61715869.0,2.75,-1.72,-0.15,5.78
星帅尔,2019-12-23,8.6,8.88,9.27,8.59,73381,167069242.0,7.92,3.38,0.29,15.21
星帅尔,2019-12-24,8.92,9.11,9.33,8.77,68633,158453123.0,6.31,2.59,0.23,14.23
星帅尔,2019-12-25,9.06,9.0,9.08,8.92,44741,102200637.0,1.76,-1.21,-0.11,9.27
星帅尔,2019-12-26,8.96,9.05,9.16,8.93,33056,75755242.0,2.56,0.56,0.05,6.85
星帅尔,2019-12-27,9.06,8.86,9.12,8.82,38626,87577857.0,3.31,-2.1,-0.19,8.01
星帅尔,2019-12-30,8.82,8.98,9.05,8.68,36005,81507907.0,4.18,1.35,0.12,7.46
星帅尔,2019-12-31,8.97,9.12,9.29,8.95,45383,105278775.0,3.79,1.56,0.14,9.41
星帅尔,2020-01-02,9.03,9.01,9.22,8.81,53063,121937231.0,4.5,-1.21,-0.11,11.0
星帅尔,2020-01-03,8.88,9.35,9.55,8.88,78316,183507223.0,7.44,3.77,0.34,16.23
星帅尔,2020-01-06,9.27,9.18,9.3,9.11,63197,147309224.0,2.03,-1.82,-0.17,13.1
星帅尔,2020-01-07,9.23,9.15,9.24,9.02,37761,87338873.0,2.4,-0.33,-0.03,7.83
星帅尔,2020-01-08,9.1,8.81,9.24,8.8,41917,95713079.0,4.81,-3.72,-0.34,8.69
星帅尔,2020-01-09,8.95,9.31,9.31,8.88,61749,143460731.0,4.88,5.68,0.5,12.8
星帅尔,2020-01-10,9.31,9.2,9.44,9.06,52278,122430850.0,4.08,-1.18,-0.11,10.84
星帅尔,2020-01-13,9.2,9.57,9.71,9.17,66911,159991226.0,5.87,4.02,0.37,13.87
星帅尔,2020-01-14,9.76,9.98,10.19,9.66,97974,245066521.0,5.54,4.28,0.41,20.31
星帅尔,2020-01-15,9.83,9.67,9.91,9.61,64042,157383334.0,3.01,-3.11,-0.31,13.27
星帅尔,2020-01-16,9.48,9.31,9.56,9.27,57072,135571213.0,3.0,-3.72,-0.36,11.83
星帅尔,2020-01-17,9.34,9.37,9.48,9.21,44106,104450370.0,2.9,0.64,0.06,9.14
星帅尔,2020-01-20,9.44,9.41,9.44,9.23,31484,74454481.0,2.24,0.43,0.04,6.53
星帅尔,2020-01-21,9.41,9.18,9.42,9.15,26519,62228127.0,2.87,-2.44,-0.23,5.5
星帅尔,2020-01-22,9.17,9.28,9.29,8.95,25426,58912144.0,3.7,1.09,0.1,5.27
星帅尔,2020-01-23,9.21,9.02,9.45,8.83,37978,88401506.0,6.68,-2.8,-0.26,7.87
星帅尔,2020-02-03,8.06,8.06,8.06,8.06,3630,7481430.0,0.0,-10.64,-0.96,0.75
星帅尔,2020-02-04,7.21,7.74,8.03,7.21,48051,95537314.0,10.17,-3.97,-0.32,9.96
星帅尔,2020-02-05,7.81,8.3,8.43,7.81,52713,110413358.0,8.01,7.24,0.56,10.93
星帅尔,2020-02-06,8.3,8.32,8.47,8.23,28823,61211902.0,2.89,0.24,0.02,5.97
星帅尔,2020-02-07,8.33,8.5,8.56,8.28,31937,68809898.0,3.37,2.16,0.18,6.62
星帅尔,2020-02-10,8.4,8.63,8.71,8.36,25738,55851766.0,4.12,1.53,0.13,5.33
星帅尔,2020-02-11,8.61,8.78,9.46,8.58,41406,93524121.0,10.2,1.74,0.15,8.58
星帅尔,2020-02-12,8.78,9.0,9.16,8.78,37120,84749444.0,4.33,2.51,0.22,7.69
星帅尔,2020-02-13,9.02,8.81,9.04,8.81,30905,70056307.0,2.56,-2.11,-0.19,6.41
星帅尔,2020-02-14,8.92,8.84,8.96,8.74,20317,45683110.0,2.5,0.34,0.03,4.21
星帅尔,2020-02-17,8.84,9.12,9.15,8.84,36200,82996143.0,3.51,3.17,0.28,7.5
星帅尔,2020-02-18,9.25,9.35,9.45,9.12,50552,119020953.0,3.62,2.52,0.23,10.48
星帅尔,2020-02-19,9.16,9.23,9.59,9.16,56798,134993946.0,4.6,-1.28,-0.12,11.77
星帅尔,2020-02-20,9.19,9.32,9.41,9.07,41439,97460149.0,3.68,0.98,0.09,8.59
星帅尔,2020-02-21,9.32,9.45,9.58,9.26,52640,125535349.0,3.43,1.39,0.13,10.91
星帅尔,2020-02-24,9.5,9.6,9.73,9.36,56551,136786945.0,3.92,1.59,0.15,11.72
星帅尔,2020-02-25,9.38,9.55,9.57,8.9,62129,147683668.0,6.98,-0.52,-0.05,12.88
星帅尔,2020-02-26,9.35,9.12,9.5,9.07,39813,94029572.0,4.5,-4.5,-0.43,8.25
星帅尔,2020-02-27,9.27,9.45,9.98,9.26,89431,217851010.0,7.89,3.62,0.33,18.54
星帅尔,2020-02-28,9.23,9.06,9.72,8.92,81272,193624482.0,8.47,-4.13,-0.39,16.84
星帅尔,2020-03-02,9.19,9.78,9.93,9.19,87239,213662014.0,8.17,7.95,0.72,18.08
星帅尔,2020-03-03,9.93,9.55,10.06,9.53,90172,220969061.0,5.42,-2.35,-0.23,18.69
星帅尔,2020-03-04,9.47,9.81,9.81,9.32,68787,166937891.0,5.13,2.72,0.26,14.26
星帅尔,2020-03-05,9.97,9.82,10.01,9.7,74478,184950634.0,3.16,0.1,0.01,15.44
星帅尔,2020-03-06,9.7,9.48,9.75,9.4,57894,139609803.0,3.56,-3.46,-0.34,12.0
星帅尔,2020-03-09,9.23,9.31,9.69,9.15,45091,107758134.0,5.7,-1.79,-0.17,9.35
星帅尔,2020-03-10,9.65,10.23,10.3,9.4,122737,307231184.0,9.67,9.88,0.92,25.44
星帅尔,2020-03-11,10.0,9.61,10.11,9.59,90737,226653851.0,5.08,-6.06,-0.62,18.81
星帅尔,2020-03-12,9.27,9.11,9.44,9.01,63797,149439130.0,4.47,-5.2,-0.5,13.22
星帅尔,2020-03-13,8.43,9.12,9.21,8.35,40199,90906631.0,9.44,0.11,0.01,8.33
星帅尔,2020-03-16,9.22,8.52,9.23,8.44,39082,88126389.0,8.66,-6.58,-0.6,8.1
星帅尔,2020-03-17,8.63,8.52,8.8,8.35,26882,58396207.0,5.28,0.0,0.0,5.57
星帅尔,2020-03-18,8.65,8.55,8.72,8.45,21666,47398854.0,3.17,0.35,0.03,4.49
星帅尔,2020-03-19,8.47,8.61,8.69,8.47,32394,70930657.0,2.57,0.7,0.06,6.71
星帅尔,2020-03-20,8.67,8.69,8.8,8.61,23862,52857423.0,2.21,0.93,0.08,4.95
星帅尔,2020-03-23,8.5,8.29,8.64,8.23,26249,56698312.0,4.72,-4.6,-0.4,5.44
星帅尔,2020-03-24,8.47,8.61,8.63,8.29,21659,46604935.0,4.1,3.86,0.32,4.49
星帅尔,2020-03-25,8.76,8.81,8.84,8.69,24758,55310856.0,1.74,2.32,0.2,5.13
星帅尔,2020-03-26,8.78,9.21,9.48,8.73,51663,119724754.0,8.51,4.54,0.4,10.71
星帅尔,2020-03-27,9.21,9.05,9.27,8.98,31612,72997880.0,3.15,-1.74,-0.16,6.55
星帅尔,2020-03-30,8.9,8.77,8.97,8.75,24430,54903717.0,2.43,-3.09,-0.28,5.06
星帅尔,2020-03-31,8.58,9.09,9.15,8.57,46776,106390031.0,6.61,3.65,0.32,9.7
星帅尔,2020-04-01,9.02,9.38,9.53,9.02,56400,133637823.0,5.61,3.19,0.29,11.69
星帅尔,2020-04-02,9.36,9.55,9.6,9.34,45834,110283970.0,2.77,1.81,0.17,9.5
星帅尔,2020-04-03,10.56,10.56,10.56,10.56,36762,97677882.0,0.0,10.58,1.01,7.62
星帅尔,2020-04-07,11.16,11.68,11.68,10.79,186144,529124608.0,8.43,10.61,1.12,38.58
星帅尔,2020-04-08,11.24,10.82,11.76,10.72,182631,513346192.0,8.9,-7.36,-0.86,37.85
星帅尔,2020-04-09,10.84,10.88,11.16,10.68,104524,286049760.0,4.44,0.55,0.06,21.66
星帅尔,2020-04-10,10.69,10.24,10.69,10.2,89479,234072372.0,4.5,-5.88,-0.64,18.55
星帅尔,2020-04-13,10.08,10.27,10.38,9.81,45319,116469534.0,5.57,0.29,0.03,5.92
星帅尔,2020-04-14,10.37,10.3,10.42,10.11,37025,95620022.0,3.02,0.29,0.03,4.84
星帅尔,2020-04-15,10.21,10.12,10.47,10.11,39588,102529203.0,3.5,-1.75,-0.18,5.17
星帅尔,2020-04-16,10.02,10.04,10.21,9.95,27724,70299879.0,2.57,-0.79,-0.08,3.62
星帅尔,2020-04-17,10.03,10.05,10.26,10.0,34810,88950685.0,2.59,0.1,0.01,4.55
星帅尔,2020-04-20,10.03,10.19,10.3,10.03,30989,79555221.0,2.69,1.39,0.14,4.05
星帅尔,2020-04-21,10.16,10.49,10.51,10.05,42558,110277959.0,4.51,2.94,0.3,5.56
星帅尔,2020-04-22,10.45,10.37,10.53,10.2,40604,105810479.0,3.15,-1.14,-0.12,5.31
星帅尔,2020-04-23,10.37,10.12,10.45,10.11,34339,88725087.0,3.28,-2.41,-0.25,4.49
星帅尔,2020-04-24,9.99,9.69,10.07,9.63,41749,103371782.0,4.35,-4.25,-0.43,5.46
星帅尔,2020-04-27,9.75,9.86,10.09,9.75,31617,79390436.0,3.51,1.75,0.17,4.07
星帅尔,2020-04-28,9.82,9.98,10.06,9.5,33093,82168876.0,5.68,1.22,0.12,4.26
星帅尔,2020-04-29,9.9,10.18,10.23,9.8,27028,68766171.0,4.31,2.0,0.2,3.48
星帅尔,2020-04-30,10.24,10.36,10.43,10.14,41399,107707766.0,2.85,1.77,0.18,5.33
星帅尔,2020-05-06,10.39,10.45,10.5,10.1,48994,127255702.0,3.86,0.87,0.09,6.31
星帅尔,2020-05-07,10.44,10.23,10.69,10.06,94290,142987306.0,6.03,-2.11,-0.22,7.15
星帅尔,2020-05-08,10.17,10.13,10.24,9.89,69171,102194071.0,3.42,-0.98,-0.1,5.24
星帅尔,2020-05-11,10.17,10.46,10.75,10.11,105852,162698726.0,6.32,3.26,0.33,8.02
星帅尔,2020-05-12,10.56,10.44,10.61,10.31,68234,104618044.0,2.87,-0.19,-0.02,5.17
星帅尔,2020-05-13,10.44,10.34,10.57,10.27,59480,90648119.0,2.87,-0.96,-0.1,4.51
星帅尔,2020-05-14,10.29,10.14,10.3,10.04,45809,68141819.0,2.51,-1.93,-0.2,3.47
星帅尔,2020-05-15,10.14,10.47,10.52,10.08,72528,110764352.0,4.34,3.25,0.33,5.5
星帅尔,2020-05-18,10.47,10.17,10.54,10.11,57604,87093492.0,4.11,-2.87,-0.3,4.37
星帅尔,2020-05-19,10.2,10.13,10.32,10.09,38474,57609127.0,2.26,-0.39,-0.04,2.92
星帅尔,2020-05-20,10.18,10.01,10.18,9.84,48794,71742604.0,3.36,-1.18,-0.12,3.7
星帅尔,2020-05-21,10.19,10.14,10.29,9.92,43115,64181156.0,3.7,1.3,0.13,3.27
星帅尔,2020-05-22,10.14,10.02,10.14,9.81,32936,48400942.0,3.25,-1.18,-0.12,2.5
星帅尔,2020-05-25,10.15,9.93,10.15,9.77,24875,36269177.0,3.79,-0.9,-0.09,1.89
星帅尔,2020-05-26,9.93,10.04,10.05,9.89,24705,36321202.0,1.61,1.11,0.11,1.87
星帅尔,2020-05-27,10.09,10.26,10.51,10.09,56409,85532436.0,4.18,2.19,0.22,4.28
星帅尔,2020-05-28,10.07,10.06,10.18,9.84,40521,59634636.0,3.31,-1.95,-0.2,3.07
星帅尔,2020-05-29,9.92,9.72,9.95,9.67,35577,51676401.0,2.78,-3.38,-0.34,2.7
星帅尔,2020-06-01,9.8,9.97,9.98,9.71,44327,64490882.0,2.78,2.57,0.25,3.36
星帅尔,2020-06-02,9.98,10.08,10.08,9.91,36347,53401874.0,1.71,1.1,0.11,2.76
星帅尔,2020-06-03,10.07,9.85,10.07,9.82,41965,61345616.0,2.48,-2.28,-0.23,3.18
星帅尔,2020-06-04,9.82,9.97,10.06,9.74,46727,68268117.0,3.25,1.22,0.12,3.54
星帅尔,2020-06-05,9.94,10.58,10.77,9.88,119129,181036486.0,8.93,6.12,0.61,9.03
星帅尔,2020-06-08,10.77,10.95,11.03,10.56,133487,212515089.0,4.44,3.5,0.37,10.12
星帅尔,2020-06-09,10.98,10.72,11.05,10.7,70059,111279325.0,3.2,-2.1,-0.23,5.31
星帅尔,2020-06-10,10.83,10.86,10.94,10.63,53247,84208824.0,2.89,1.31,0.14,4.04
星帅尔,2020-06-11,10.89,10.84,11.04,10.74,56591,90229389.0,2.76,-0.18,-0.02,4.29
星帅尔,2020-06-12,10.63,10.92,10.99,10.57,55770,88705096.0,3.87,0.74,0.08,4.23
星帅尔,2020-06-15,11.02,10.99,11.2,10.78,64611,103997946.0,3.85,0.64,0.07,4.9
星帅尔,2020-06-16,11.04,11.04,11.19,10.92,54673,88513569.0,2.46,0.45,0.05,4.14
星帅尔,2020-06-17,10.93,10.9,11.13,10.79,49108,78404365.0,3.08,-1.27,-0.14,3.72
星帅尔,2020-06-18,10.91,10.95,10.99,10.71,42187,67034092.0,2.57,0.46,0.05,3.2
星帅尔,2020-06-19,10.91,10.81,11.05,10.79,35074,56046219.0,2.37,-1.28,-0.14,2.66
星帅尔,2020-06-22,10.89,10.95,11.39,10.89,58114,94347445.0,4.63,1.3,0.14,4.41
星帅尔,2020-06-23,10.95,10.91,11.02,10.81,33650,53780083.0,1.92,-0.37,-0.04,2.55
星帅尔,2020-06-24,10.84,10.75,10.94,10.68,32084,50799592.0,2.38,-1.47,-0.16,2.43
星帅尔,2020-06-29,10.72,10.72,10.86,10.64,29659,46693986.0,2.05,-0.28,-0.03,2.25
星帅尔,2020-06-30,10.89,10.84,10.9,10.72,33561,53197990.0,1.68,1.12,0.12,2.52
星帅尔,2020-07-01,10.87,10.89,10.95,10.7,42563,67588724.0,2.31,0.46,0.05,3.19
星帅尔,2020-07-02,10.92,10.93,10.96,10.82,43383,69300157.0,1.29,0.37,0.04,3.25
星帅尔,2020-07-03,10.94,11.19,11.21,10.87,66816,108285369.0,3.11,2.38,0.26,5.01
星帅尔,2020-07-06,11.38,11.4,11.52,11.12,122612,202967147.0,3.57,1.88,0.21,9.19
星帅尔,2020-07-07,11.44,11.24,11.54,11.19,105692,175242739.0,3.07,-1.4,-0.16,7.92
星帅尔,2020-07-08,11.17,11.02,11.19,10.79,120562,193403774.0,3.56,-1.96,-0.22,9.04
星帅尔,2020-07-09,11.03,11.37,11.62,10.97,172611,285948944.0,5.9,3.18,0.35,12.94
星帅尔,2020-07-10,11.31,10.99,11.31,10.99,106566,173606469.0,2.81,-3.34,-0.38,7.99
星帅尔,2020-07-13,11.0,11.77,11.84,10.81,181973,303667088.0,9.37,7.1,0.78,13.64
星帅尔,2020-07-14,11.84,11.49,11.84,11.19,139609,234382345.0,5.52,-2.38,-0.28,10.47
星帅尔,2020-07-15,11.48,11.62,11.97,11.33,131236,222919621.0,5.57,1.13,0.13,9.84
星帅尔,2020-07-16,11.63,10.78,11.74,10.77,91254,150009133.0,8.35,-7.23,-0.84,6.84
星帅尔,2020-07-17,10.67,10.76,10.94,10.52,58366,91844671.0,3.9,-0.19,-0.02,4.38
星帅尔,2020-07-20,10.82,10.86,10.9,10.69,51168,80974505.0,1.95,0.93,0.1,3.84
星帅尔,2020-07-21,10.83,10.58,10.84,10.48,73184,114101228.0,3.31,-2.58,-0.28,5.49
星帅尔,2020-07-22,10.59,10.62,10.63,10.43,49927,77327491.0,1.89,0.38,0.04,3.74
星帅尔,2020-07-23,10.62,10.33,10.62,10.18,50970,77560280.0,4.14,-2.73,-0.29,3.82
星帅尔,2020-07-24,10.33,9.7,10.34,9.49,63660,93242335.0,8.23,-6.1,-0.63,4.77
星帅尔,2020-07-27,9.79,9.57,9.83,9.44,32437,45741114.0,4.02,-1.34,-0.13,2.42
星帅尔,2020-07-28,9.67,9.99,10.06,9.66,38648,56386875.0,4.18,4.39,0.42,2.89
星帅尔,2020-07-29,10.02,10.07,10.16,9.93,46372,68376424.0,2.3,0.8,0.08,3.47
星帅尔,2020-07-30,10.03,9.87,10.1,9.81,41967,61372912.0,2.88,-1.99,-0.2,3.14
星帅尔,2020-07-31,9.81,9.89,10.01,9.79,28754,41945272.0,2.23,0.2,0.02,2.15
星帅尔,2020-08-03,9.94,10.14,10.15,9.94,38092,56436438.0,2.12,2.53,0.25,2.85
星帅尔,2020-08-04,10.12,10.01,10.19,9.97,34235,50545234.0,2.17,-1.28,-0.13,2.56
星帅尔,2020-08-05,9.99,10.26,10.34,9.99,51407,77152109.0,3.5,2.5,0.25,3.84
星帅尔,2020-08-06,10.24,10.32,10.39,10.14,43731,65991678.0,2.44,0.58,0.06,3.27
星帅尔,2020-08-07,10.31,10.64,10.72,10.2,80417,123774493.0,5.04,3.1,0.32,6.01
星帅尔,2020-08-10,10.57,10.64,10.92,10.54,68013,107230528.0,3.57,0.0,0.0,5.08
星帅尔,2020-08-11,10.63,10.49,10.73,10.46,44210,68681852.0,2.54,-1.41,-0.15,3.3
星帅尔,2020-08-12,10.62,10.27,10.62,10.04,37012,55696571.0,5.53,-2.1,-0.22,2.77
星帅尔,2020-08-13,10.33,10.34,10.4,10.17,22658,34232765.0,2.24,0.68,0.07,1.69
星帅尔,2020-08-14,10.33,10.32,10.56,10.21,19593,29702047.0,3.38,-0.19,-0.02,1.46
星帅尔,2020-08-17,10.27,10.44,10.49,10.27,21047,32132638.0,2.13,1.16,0.12,1.57
星帅尔,2020-08-18,10.44,10.67,10.74,10.4,41750,64926433.0,3.26,2.2,0.23,3.12
星帅尔,2020-08-19,10.62,10.67,10.78,10.49,57780,90519063.0,2.72,0.0,0.0,4.32
星帅尔,2020-08-20,10.62,10.64,10.77,10.51,27073,42392849.0,2.44,-0.28,-0.03,2.02
星帅尔,2020-08-21,10.7,10.6,10.76,10.49,29109,45354221.0,2.54,-0.38,-0.04,2.18
星帅尔,2020-08-24,10.63,10.52,10.69,10.38,21997,33847649.0,2.92,-0.75,-0.08,1.64
星帅尔,2020-08-25,10.49,10.39,10.59,10.34,23387,35993133.0,2.38,-1.24,-0.13,1.75
星帅尔,2020-08-26,10.39,9.99,10.4,9.95,30750,45833469.0,4.33,-3.85,-0.4,2.3
星帅尔,2020-08-27,10.06,10.22,10.26,9.99,20307,30328351.0,2.7,2.3,0.23,1.52
星帅尔,2020-08-28,10.2,10.18,10.31,10.01,20929,31166680.0,2.94,-0.39,-0.04,1.56
星帅尔,2020-08-31,10.25,10.06,10.27,10.05,23027,34389533.0,2.16,-1.18,-0.12,1.72
星帅尔,2020-09-01,10.07,10.0,10.12,9.92,17579,25776374.0,1.99,-0.6,-0.06,1.31
星帅尔,2020-09-02,10.08,10.12,10.31,9.98,28725,42738788.0,3.3,1.2,0.12,2.15
星帅尔,2020-09-03,10.09,9.87,10.1,9.84,25357,36985251.0,2.57,-2.47,-0.25,1.89
星帅尔,2020-09-04,9.78,9.96,9.96,9.69,17543,25340523.0,2.74,0.91,0.09,1.31
星帅尔,2020-09-07,9.89,10.06,10.17,9.88,31118,46093809.0,2.91,1.0,0.1,2.33
星帅尔,2020-09-08,10.13,10.08,10.21,10.02,20172,30041409.0,1.89,0.2,0.02,1.51
星帅尔,2020-09-09,10.03,9.79,10.03,9.79,20433,29750095.0,2.38,-2.88,-0.29,1.53
星帅尔,2020-09-10,9.8,10.02,10.17,9.62,42448,62139428.0,5.62,2.35,0.23,3.17
星帅尔,2020-09-11,9.99,10.04,10.18,9.88,20350,29938788.0,2.99,0.2,0.02,1.52
星帅尔,2020-09-14,10.04,9.92,10.04,9.49,27648,40133929.0,5.48,-1.2,-0.12,2.07
星帅尔,2020-09-15,9.94,9.91,9.97,9.76,12269,17822347.0,2.12,-0.1,-0.01,0.91
星帅尔,2020-09-16,9.9,10.04,10.08,9.83,20250,29740255.0,2.52,1.31,0.13,1.5
星帅尔,2020-09-17,9.98,10.11,10.17,9.94,20629,30643932.0,2.29,0.7,0.07,1.53
星帅尔,2020-09-18,10.11,10.04,10.12,9.75,24675,36104781.0,3.66,-0.69,-0.07,1.83
星帅尔,2020-09-21,10.05,9.94,10.08,9.92,13983,20583660.0,1.59,-1.0,-0.1,1.03
星帅尔,2020-09-22,9.95,9.8,9.95,9.79,11957,17333144.0,1.61,-1.41,-0.14,0.88
星帅尔,2020-09-23,9.8,9.79,9.87,9.74,8389,12104433.0,1.33,-0.1,-0.01,0.62
星帅尔,2020-09-24,9.87,9.59,9.87,9.57,16082,22918618.0,3.06,-2.04,-0.2,1.19
星帅尔,2020-09-25,9.56,9.54,9.62,9.49,9368,13196460.0,1.36,-0.52,-0.05,0.69
星帅尔,2020-09-28,9.56,9.42,9.56,9.42,9364,13096569.0,1.47,-1.26,-0.12,0.69
星帅尔,2020-09-29,9.47,9.44,9.56,9.34,9244,12893699.0,2.34,0.21,0.02,0.68
星帅尔,2020-09-30,9.46,9.39,9.53,9.34,9633,13352035.0,2.01,-0.53,-0.05,0.72
星帅尔,2020-10-09,9.39,9.64,9.68,9.39,9701,13751490.0,3.09,2.66,0.25,0.72
星帅尔,2020-10-12,9.67,9.79,9.81,9.65,12567,18079777.0,1.66,1.56,0.15,0.93
星帅尔,2020-10-13,9.83,9.77,9.83,9.68,9412,13530439.0,1.53,-0.2,-0.02,0.7
星帅尔,2020-10-14,9.76,9.78,9.82,9.7,12811,18428193.0,1.23,0.1,0.01,0.95
星帅尔,2020-10-15,9.84,9.81,9.98,9.77,13158,19096133.0,2.15,0.31,0.03,0.98
星帅尔,2020-10-16,9.74,9.76,9.84,9.72,6864,9877020.0,1.22,-0.51,-0.05,0.51
星帅尔,2020-10-19,9.76,9.6,9.83,9.56,8937,12740953.0,2.77,-1.64,-0.16,0.66
星帅尔,2020-10-20,9.59,9.7,9.7,9.56,8125,11559931.0,1.46,1.04,0.1,0.6
星帅尔,2020-10-21,9.69,9.52,9.76,9.47,10523,14840367.0,2.99,-1.86,-0.18,0.78
星帅尔,2020-10-22,9.42,9.42,9.49,9.42,11762,16377732.0,0.74,-1.05,-0.1,0.87
星帅尔,2020-10-23,9.42,9.4,9.56,9.38,11257,15710585.0,1.91,-0.21,-0.02,0.84
星帅尔,2020-10-26,9.44,9.41,9.45,9.29,8852,12236675.0,1.7,0.11,0.01,0.66
星帅尔,2020-10-27,9.39,9.41,9.49,9.31,9659,13418340.0,1.91,0.0,0.0,0.72
星帅尔,2020-10-28,9.34,9.35,9.42,9.13,14427,19737356.0,3.08,-0.64,-0.06,1.07
星帅尔,2020-10-29,9.27,9.22,9.32,9.14,9691,13249881.0,1.93,-1.39,-0.13,0.72
星帅尔,2020-10-30,9.22,8.82,9.3,8.79,23453,31257032.0,5.53,-4.34,-0.4,1.74
星帅尔,2020-11-02,8.78,8.84,8.94,8.74,10242,13365441.0,2.27,0.23,0.02,0.76
星帅尔,2020-11-03,8.88,8.97,9.01,8.81,12653,16725610.0,2.26,1.47,0.13,0.94
星帅尔,2020-11-04,9.12,9.0,9.12,8.94,11278,15032839.0,2.01,0.33,0.03,0.84
星帅尔,2020-11-05,9.04,9.17,9.17,9.0,12292,16530453.0,1.89,1.89,0.17,0.91
星帅尔,2020-11-06,9.17,9.01,9.22,8.94,11564,15519289.0,3.05,-1.74,-0.16,0.86
星帅尔,2020-11-09,9.05,9.19,9.24,9.02,12322,16700862.0,2.44,2.0,0.18,0.92
星帅尔,2020-11-10,9.24,8.99,9.27,8.95,12536,16818218.0,3.48,-2.18,-0.2,0.93
星帅尔,2020-11-11,8.96,8.89,9.06,8.87,9899,13140747.0,2.11,-1.11,-0.1,0.74
星帅尔,2020-11-12,8.91,8.97,9.02,8.89,8466,11212167.0,1.46,0.9,0.08,0.63
星帅尔,2020-11-13,9.06,9.13,9.19,8.86,16076,21490392.0,3.68,1.78,0.16,1.19
星帅尔,2020-11-16,9.25,9.22,9.27,9.13,11432,15522869.0,1.53,0.99,0.09,0.85
星帅尔,2020-11-17,9.17,9.56,9.64,9.14,31871,44207382.0,5.42,3.69,0.34,2.37
星帅尔,2020-11-18,9.62,9.55,9.78,9.41,40035,56942182.0,3.87,-0.1,-0.01,2.97
星帅尔,2020-11-19,9.59,9.69,9.81,9.49,28314,40403158.0,3.35,1.47,0.14,2.1
星帅尔,2020-11-20,9.68,9.64,9.77,9.62,19342,27593983.0,1.55,-0.52,-0.05,1.44
星帅尔,2020-11-23,9.66,9.62,9.77,9.57,13775,19599300.0,2.07,-0.21,-0.02,1.02
星帅尔,2020-11-24,9.67,9.64,9.67,9.56,12493,17705184.0,1.14,0.21,0.02,0.93
星帅尔,2020-11-25,9.55,9.63,9.7,9.55,10742,15271103.0,1.56,-0.1,-0.01,0.8
星帅尔,2020-11-26,9.64,9.52,9.69,9.47,12145,17118889.0,2.28,-1.14,-0.11,0.9
星帅尔,2020-11-27,9.53,9.46,9.59,9.39,9468,13223154.0,2.1,-0.63,-0.06,0.7
星帅尔,2020-11-30,9.38,9.35,9.54,9.34,9798,13596501.0,2.11,-1.16,-0.11,0.73
星帅尔,2020-12-01,9.36,9.4,9.5,9.33,11882,16524034.0,1.82,0.53,0.05,0.88
星帅尔,2020-12-02,9.46,9.35,9.46,9.34,10106,13997893.0,1.28,-0.53,-0.05,0.75
星帅尔,2020-12-03,9.39,9.33,9.39,9.27,8757,12056314.0,1.28,-0.21,-0.02,0.65
星帅尔,2020-12-04,9.32,9.3,9.34,9.23,10511,14409012.0,1.18,-0.32,-0.03,0.78
星帅尔,2020-12-07,9.33,9.24,9.42,9.23,7473,10261256.0,2.04,-0.65,-0.06,0.56
星帅尔,2020-12-08,9.24,9.24,9.32,9.17,8424,11514682.0,1.62,0.0,0.0,0.63
星帅尔,2020-12-09,9.2,9.15,9.24,9.07,8909,12063422.0,1.84,-0.97,-0.09,0.66
星帅尔,2020-12-10,9.13,9.34,9.38,9.04,10418,14173563.0,3.72,2.08,0.19,0.77
星帅尔,2020-12-11,9.56,9.52,9.56,9.3,19574,27280082.0,2.78,1.93,0.18,1.45
星帅尔,2020-12-14,9.63,9.95,9.95,9.62,57178,82740219.0,3.47,4.52,0.43,4.25
星帅尔,2020-12-15,10.01,9.59,10.03,9.57,26679,38322408.0,4.62,-3.62,-0.36,1.98
星帅尔,2020-12-16,9.61,9.72,9.82,9.42,22202,31465334.0,4.17,1.36,0.13,1.65
星帅尔,2020-12-17,9.69,9.64,9.81,9.52,14966,21286937.0,2.98,-0.82,-0.08,1.11
星帅尔,2020-12-18,9.62,9.61,9.75,9.49,14091,20041885.0,2.7,-0.31,-0.03,1.05
星帅尔,2020-12-21,9.71,9.86,9.97,9.55,23801,34339875.0,4.37,2.6,0.25,1.77
星帅尔,2020-12-22,9.86,9.86,9.98,9.75,23154,33623026.0,2.33,0.0,0.0,1.72
星帅尔,2020-12-23,9.9,10.12,10.19,9.79,37707,55767836.0,4.06,2.64,0.26,2.8
星帅尔,2020-12-24,10.13,10.08,10.24,10.02,34524,51423235.0,2.17,-0.4,-0.04,2.57
星帅尔,2020-12-25,10.0,10.12,10.15,9.95,22650,33550293.0,1.98,0.4,0.04,1.68
星帅尔,2020-12-28,10.12,10.15,10.24,9.71,28649,42457017.0,5.24,0.3,0.03,2.13
星帅尔,2020-12-29,10.09,9.9,10.15,9.79,19967,29367849.0,3.55,-2.46,-0.25,1.48
星帅尔,2020-12-30,9.83,9.92,9.98,9.77,13431,19517178.0,2.12,0.2,0.02,1.0
星帅尔,2020-12-31,9.81,10.11,10.12,9.81,12324,18148084.0,3.13,1.92,0.19,0.92
星帅尔,2021-01-04,10.19,10.2,10.31,10.04,21015,31489940.0,2.67,0.89,0.09,1.56
星帅尔,2021-01-05,10.24,10.37,10.48,10.2,38138,57870774.0,2.75,1.67,0.17,2.83
星帅尔,2021-01-06,10.4,10.27,10.42,10.14,19120,28731631.0,2.7,-0.96,-0.1,1.42
星帅尔,2021-01-07,10.37,10.48,10.54,10.17,39771,60787726.0,3.6,2.04,0.21,2.96
星帅尔,2021-01-08,10.47,10.69,10.7,10.35,45155,70343317.0,3.34,2.0,0.21,3.36
星帅尔,2021-01-11,10.77,10.69,10.81,10.57,31443,49334878.0,2.25,0.0,0.0,2.34
星帅尔,2021-01-12,10.69,10.64,10.72,10.49,23619,36808762.0,2.15,-0.47,-0.05,1.76
星帅尔,2021-01-13,10.65,10.06,10.77,9.92,37294,56469100.0,7.99,-5.45,-0.58,2.77
星帅尔,2021-01-14,9.93,9.72,10.12,9.61,30336,43994450.0,5.07,-3.38,-0.34,2.25
星帅尔,2021-01-15,9.71,9.87,9.89,9.69,10158,14673816.0,2.06,1.54,0.15,0.75
星帅尔,2021-01-18,9.9,9.9,9.97,9.79,10168,14804598.0,1.82,0.3,0.03,0.76
星帅尔,2021-01-19,9.82,9.84,9.93,9.81,7524,10930283.0,1.21,-0.61,-0.06,0.56
星帅尔,2021-01-20,9.94,9.95,10.06,9.8,8379,12233676.0,2.64,1.12,0.11,0.62
星帅尔,2021-01-21,10.04,9.87,10.04,9.83,10723,15593935.0,2.11,-0.8,-0.08,0.8
星帅尔,2021-01-22,9.81,9.88,9.94,9.64,20317,29238044.0,3.04,0.1,0.01,1.51
星帅尔,2021-01-25,9.88,9.83,9.96,9.76,11561,16772883.0,2.02,-0.51,-0.05,0.86
星帅尔,2021-01-26,9.83,10.11,10.12,9.59,22000,32368295.0,5.39,2.85,0.28,1.63
星帅尔,2021-01-27,10.14,10.32,10.52,10.09,29637,45122177.0,4.25,2.08,0.21,2.2
星帅尔,2021-01-28,10.31,10.34,10.42,10.2,17147,25953795.0,2.13,0.19,0.02,1.27
星帅尔,2021-01-29,10.45,10.51,10.6,10.19,27063,41431885.0,3.97,1.64,0.17,2.01
星帅尔,2021-02-01,10.49,10.35,10.6,10.32,21335,32805126.0,2.66,-1.52,-0.16,1.59
星帅尔,2021-02-02,10.32,10.62,10.63,10.26,24774,38221834.0,3.57,2.61,0.27,1.84
星帅尔,2021-02-03,10.63,10.54,10.72,10.39,23545,36508005.0,3.11,-0.75,-0.08,1.75
星帅尔,2021-02-04,10.56,10.38,10.74,10.26,23625,36387018.0,4.55,-1.52,-0.16,1.76
星帅尔,2021-02-05,10.24,10.22,10.37,9.96,20176,30192073.0,3.95,-1.54,-0.16,1.5
星帅尔,2021-02-08,10.22,10.67,10.67,10.17,29356,45265985.0,4.89,4.4,0.45,2.18
星帅尔,2021-02-09,10.67,10.76,10.84,10.58,34479,54539062.0,2.44,0.84,0.09,2.56
星帅尔,2021-02-10,10.83,10.56,11.89,10.52,91590,149914817.0,12.73,-1.86,-0.2,6.81
星帅尔,2021-02-18,10.41,10.26,10.42,9.92,57525,86094856.0,4.73,-2.84,-0.3,4.27
星帅尔,2021-02-19,10.22,10.2,10.24,10.06,24333,36376264.0,1.75,-0.58,-0.06,1.81
星帅尔,2021-02-22,10.21,10.99,11.25,10.18,88233,140049708.0,10.49,7.75,0.79,6.56
星帅尔,2021-02-23,10.99,10.99,11.12,10.84,35000,56260406.0,2.55,0.0,0.0,2.6
星帅尔,2021-02-24,10.98,10.99,11.38,10.93,46923,76462972.0,4.09,0.0,0.0,3.49
星帅尔,2021-02-25,11.09,11.48,11.52,10.98,62718,103670326.0,4.91,4.46,0.49,4.66
星帅尔,2021-02-26,11.48,11.01,11.48,10.78,51223,82855652.0,6.1,-4.09,-0.47,3.81
星帅尔,2021-03-01,11.02,11.07,11.12,10.85,26042,41969025.0,2.45,0.54,0.06,1.94
星帅尔,2021-03-02,11.07,11.09,11.17,10.88,26338,42355135.0,2.62,0.18,0.02,1.96
星帅尔,2021-03-03,11.07,11.33,11.4,11.06,38164,62846102.0,3.07,2.16,0.24,2.84
星帅尔,2021-03-04,11.24,11.27,11.48,11.21,27519,45704706.0,2.38,-0.53,-0.06,2.04
星帅尔,2021-03-05,11.17,11.48,11.53,11.06,31621,52604357.0,4.17,1.86,0.21,2.35
星帅尔,2021-03-08,11.53,11.2,11.54,11.2,29075,48278463.0,2.96,-2.44,-0.28,2.16
星帅尔,2021-03-09,11.09,10.79,11.15,10.68,24218,38678278.0,4.2,-3.66,-0.41,1.8
星帅尔,2021-03-10,10.86,10.53,10.95,10.49,18372,28774597.0,4.26,-2.41,-0.26,1.37
星帅尔,2021-03-11,10.54,10.93,10.93,10.48,17882,28226805.0,4.27,3.8,0.4,1.33
星帅尔,2021-03-12,10.93,11.1,11.14,10.92,20251,32781148.0,2.01,1.56,0.17,1.5
星帅尔,2021-03-15,11.11,10.97,11.16,10.96,10927,17689157.0,1.8,-1.17,-0.13,0.81
星帅尔,2021-03-16,10.97,10.87,11.09,10.86,10489,16828073.0,2.1,-0.91,-0.1,0.78
星帅尔,2021-03-17,10.83,10.81,10.89,10.66,11746,18550655.0,2.12,-0.55,-0.06,0.87
星帅尔,2021-03-18,10.77,10.77,10.89,10.67,9496,15001391.0,2.04,-0.37,-0.04,0.71
星帅尔,2021-03-19,10.63,10.87,11.02,10.63,14002,22269875.0,3.62,0.93,0.1,1.04
星帅尔,2021-03-22,10.97,10.87,10.98,10.84,14136,22617185.0,1.29,0.0,0.0,1.05
星帅尔,2021-03-23,10.74,10.77,11.11,10.7,16080,25682093.0,3.77,-0.92,-0.1,1.19
星帅尔,2021-03-24,10.74,10.57,10.87,10.54,12920,20166966.0,3.06,-1.86,-0.2,0.96
星帅尔,2021-03-25,10.56,10.64,10.66,10.22,19157,29421237.0,4.16,0.66,0.07,1.42
星帅尔,2021-03-26,10.62,10.63,10.72,10.57,7674,11981098.0,1.41,-0.09,-0.01,0.57
星帅尔,2021-03-29,10.63,10.58,10.74,10.57,7578,11834489.0,1.6,-0.47,-0.05,0.56
星帅尔,2021-03-30,10.56,10.32,10.69,10.28,11692,17994801.0,3.88,-2.46,-0.26,0.87
星帅尔,2021-03-31,10.37,10.33,10.43,10.27,9028,13688293.0,1.55,0.1,0.01,0.64
星帅尔,2021-04-01,10.33,10.3,10.41,10.21,10628,16084494.0,1.94,-0.29,-0.03,0.75
星帅尔,2021-04-02,10.27,10.42,10.54,10.24,9967,15211321.0,2.91,1.17,0.12,0.71
星帅尔,2021-04-06,10.39,10.67,10.69,10.39,8629,13442246.0,2.88,2.4,0.25,0.61
星帅尔,2021-04-07,10.61,10.74,10.74,10.61,7807,12250960.0,1.22,0.66,0.07,0.55
星帅尔,2021-04-08,10.74,10.59,10.79,10.57,8053,12595887.0,2.05,-1.4,-0.15,0.57
星帅尔,2021-04-09,10.59,10.46,10.61,10.38,6247,9617104.0,2.17,-1.23,-0.13,0.44
星帅尔,2021-04-12,10.46,10.27,10.58,10.24,7429,11294835.0,3.25,-1.82,-0.19,0.53
星帅尔,2021-04-13,10.42,10.27,10.42,10.24,6569,9931242.0,1.75,0.0,0.0,0.47
星帅尔,2021-04-14,10.31,10.47,10.67,10.31,8080,12468622.0,3.51,1.95,0.2,0.57
星帅尔,2021-04-15,10.67,10.68,10.76,10.55,14587,22824928.0,2.01,2.01,0.21,1.03
星帅尔,2021-04-16,10.69,11.02,11.12,10.66,29732,47763058.0,4.31,3.18,0.34,2.11
星帅尔,2021-04-19,11.08,11.07,11.2,10.84,21641,34965681.0,3.27,0.45,0.05,1.53
星帅尔,2021-04-20,11.01,10.97,11.13,10.97,10529,17028321.0,1.45,-0.9,-0.1,0.75
星帅尔,2021-04-21,10.97,11.02,11.02,10.84,13319,21404168.0,1.64,0.46,0.05,0.94
星帅尔,2021-04-22,11.02,10.94,11.04,10.87,8789,14086354.0,1.54,-0.73,-0.08,0.62
星帅尔,2021-04-23,10.86,10.94,11.01,10.7,13170,20990684.0,2.83,0.0,0.0,0.93
星帅尔,2021-04-26,10.93,11.19,11.32,10.84,29404,48218609.0,4.39,2.29,0.25,2.08
星帅尔,2021-04-27,11.18,11.04,11.23,10.96,12796,20747237.0,2.41,-1.34,-0.15,0.91
星帅尔,2021-04-28,11.07,11.07,11.26,10.99,15064,24553100.0,2.45,0.27,0.03,1.07
星帅尔,2021-04-29,11.09,10.92,11.15,10.89,11877,19195108.0,2.35,-1.36,-0.15,0.84
星帅尔,2021-04-30,10.92,11.17,11.21,10.89,18986,31001096.0,2.93,2.29,0.25,1.35
星帅尔,2021-05-06,11.2,11.09,11.38,11.04,15913,26055710.0,3.04,-0.72,-0.08,1.13
星帅尔,2021-05-07,11.09,11.17,11.26,11.03,13453,22041931.0,2.07,0.72,0.08,0.95
星帅尔,2021-05-10,11.14,11.1,11.27,10.99,15592,25365927.0,2.51,-0.63,-0.07,1.1
星帅尔,2021-05-11,11.08,11.0,11.21,10.77,15068,24192785.0,3.96,-0.9,-0.1,1.07
星帅尔,2021-05-12,10.99,10.87,10.99,10.79,10406,16570260.0,1.82,-1.18,-0.13,0.74
星帅尔,2021-05-13,10.83,11.09,11.17,10.69,16971,27288264.0,4.42,2.02,0.22,1.2
星帅尔,2021-05-14,11.1,11.21,11.36,11.01,22811,37411462.0,3.16,1.08,0.12,1.62
星帅尔,2021-05-17,11.15,11.4,11.49,11.07,34980,58203142.0,3.75,1.69,0.19,2.48
星帅尔,2021-05-18,11.34,11.38,11.48,11.22,15630,25982381.0,2.28,-0.18,-0.02,1.11
星帅尔,2021-05-19,11.49,11.44,11.52,11.17,29527,49007958.0,3.08,0.53,0.06,2.09
星帅尔,2021-05-20,11.47,11.65,11.71,11.32,42890,72535680.0,3.41,1.84,0.21,3.04
星帅尔,2021-05-21,11.76,11.56,11.77,11.43,27335,46229283.0,2.92,-0.77,-0.09,1.94
星帅尔,2021-05-24,11.75,11.52,12.03,11.49,40783,70106785.0,4.67,-0.35,-0.04,2.89
星帅尔,2021-05-25,11.57,11.51,11.59,11.25,20995,35108234.0,2.95,-0.09,-0.01,1.49
星帅尔,2021-05-26,11.58,11.33,11.6,11.29,21208,35329726.0,2.69,-1.56,-0.18,1.5
星帅尔,2021-05-27,11.38,11.43,11.65,11.34,17525,29459178.0,2.74,0.88,0.1,1.24
星帅尔,2021-05-28,11.49,11.56,11.67,11.23,20543,34404795.0,3.85,1.14,0.13,1.46
星帅尔,2021-05-31,11.65,11.59,11.65,11.47,17142,28945269.0,1.56,0.26,0.03,1.21
星帅尔,2021-06-01,11.69,11.52,11.69,11.41,13827,23235436.0,2.42,-0.6,-0.07,0.98
星帅尔,2021-06-02,11.63,11.42,11.63,11.4,13667,22920058.0,2.0,-0.87,-0.1,0.97
星帅尔,2021-06-03,11.36,11.47,11.58,11.35,19647,32922436.0,2.01,0.44,0.05,1.39
星帅尔,2021-06-04,11.49,11.47,11.59,11.34,9965,16748146.0,2.18,0.0,0.0,0.71
星帅尔,2021-06-07,11.56,11.42,11.56,11.28,14568,24405249.0,2.44,-0.44,-0.05,1.03
星帅尔,2021-06-08,11.49,11.85,11.87,11.39,33034,55881263.0,4.2,3.77,0.43,2.34
星帅尔,2021-06-09,11.85,11.6,11.85,11.53,24834,41933139.0,2.7,-2.11,-0.25,1.76
星帅尔,2021-06-10,11.6,11.54,11.7,11.49,18704,31380915.0,1.81,-0.52,-0.06,1.33
星帅尔,2021-06-11,11.54,11.65,11.76,11.52,20680,34829380.0,2.08,0.95,0.11,1.47
星帅尔,2021-06-15,11.57,11.65,11.71,11.22,32768,54653606.0,4.21,0.0,0.0,2.32
星帅尔,2021-06-16,11.59,11.42,11.63,11.35,17453,29020601.0,2.4,-1.97,-0.23,1.24
星帅尔,2021-06-17,11.27,11.39,11.44,11.09,15369,25152986.0,3.06,-0.26,-0.03,1.09
星帅尔,2021-06-18,11.41,11.24,11.42,11.13,13310,21696784.0,2.55,-1.32,-0.15,0.94
星帅尔,2021-06-21,11.24,11.47,11.59,11.21,19280,31968577.0,3.38,2.05,0.23,1.37
星帅尔,2021-06-22,11.49,11.52,11.62,11.47,13528,22616890.0,1.31,0.44,0.05,0.96
星帅尔,2021-06-23,11.44,11.73,11.75,11.29,31495,53158830.0,3.99,1.82,0.21,2.23
星帅尔,2021-06-24,12.12,11.28,12.53,11.24,67838,115101582.0,11.0,-3.84,-0.45,4.81
星帅尔,2021-06-25,11.18,11.46,11.72,10.58,42909,71508089.0,10.11,1.6,0.18,3.04
星帅尔,2021-06-28,11.48,11.44,11.63,11.35,18946,31435367.0,2.44,-0.17,-0.02,1.34
星帅尔,2021-06-29,11.47,11.16,11.49,11.09,23837,39062704.0,3.5,-2.45,-0.28,1.69
星帅尔,2021-06-30,11.22,10.99,11.22,10.94,20711,33193016.0,2.51,-1.52,-0.17,1.45
星帅尔,2021-07-01,11.13,11.17,11.63,11.02,28567,46896377.0,5.55,1.64,0.18,2.01
星帅尔,2021-07-02,11.12,11.22,11.4,11.08,19198,31364562.0,2.86,0.45,0.05,1.35
星帅尔,2021-07-05,11.32,11.27,11.37,11.17,11901,19434469.0,1.78,0.45,0.05,0.84
星帅尔,2021-07-06,11.17,11.41,11.52,11.17,18494,30457745.0,3.11,1.24,0.14,1.3
星帅尔,2021-07-07,11.32,11.37,11.53,11.31,10628,17515546.0,1.93,-0.35,-0.04,0.75
星帅尔,2021-07-08,11.33,11.24,11.4,11.2,12078,19770053.0,1.76,-1.14,-0.13,0.85
星帅尔,2021-07-09,11.4,11.42,11.47,11.24,17472,28784322.0,2.05,1.6,0.18,1.23
星帅尔,2021-07-12,11.43,11.67,11.7,11.43,32454,54573151.0,2.36,2.19,0.25,2.28
星帅尔,2021-07-13,11.81,11.74,11.81,11.6,23217,39390666.0,1.8,0.6,0.07,1.63
星帅尔,2021-07-14,11.74,11.85,12.03,11.74,34489,59435756.0,2.47,0.94,0.11,2.42
星帅尔,2021-07-15,11.79,11.71,11.91,11.61,25432,43129841.0,2.53,-1.18,-0.14,1.79
星帅尔,2021-07-16,11.81,11.86,12.04,11.67,29167,50126596.0,3.16,1.28,0.15,2.05
星帅尔,2021-07-19,11.87,12.49,12.63,11.68,82229,145740807.0,8.01,5.31,0.63,5.77
星帅尔,2021-07-20,12.41,13.22,13.24,12.27,92956,170600403.0,7.77,5.84,0.73,6.53
星帅尔,2021-07-21,13.02,13.18,14.09,12.88,113602,218484244.0,9.15,-0.3,-0.04,7.97
星帅尔,2021-07-22,13.08,13.24,13.56,12.95,61611,118009748.0,4.63,0.46,0.06,4.32
星帅尔,2021-07-23,13.24,12.75,13.38,12.67,66135,123911654.0,5.36,-3.7,-0.49,4.64
星帅尔,2021-07-26,12.8,13.25,13.29,12.64,67486,126963243.0,5.1,3.92,0.5,4.74
星帅尔,2021-07-27,13.01,12.85,13.63,12.7,52578,100692824.0,7.02,-3.02,-0.4,3.69
星帅尔,2021-07-28,12.82,12.45,13.09,12.17,47954,86662361.0,7.16,-3.11,-0.4,3.37
星帅尔,2021-07-29,12.67,13.03,13.08,12.53,57103,106138829.0,4.42,4.66,0.58,4.01
星帅尔,2021-07-30,13.02,13.42,13.64,12.99,70544,136538618.0,4.99,2.99,0.39,4.95
星帅尔,2021-08-02,13.52,14.26,14.8,13.52,167061,351132944.0,9.54,6.26,0.84,11.73
星帅尔,2021-08-03,14.2,14.12,14.65,14.02,111607,229492949.0,4.42,-0.98,-0.14,7.83
星帅尔,2021-08-04,14.19,14.12,14.36,13.94,60253,122554650.0,2.97,0.0,0.0,4.23
星帅尔,2021-08-05,14.02,13.93,14.19,13.84,45962,92484505.0,2.48,-1.35,-0.19,3.23
星帅尔,2021-08-06,13.95,13.74,14.09,13.65,36077,71676397.0,3.16,-1.36,-0.19,2.53
星帅尔,2021-08-09,13.92,13.36,13.92,13.28,43043,83481034.0,4.66,-2.77,-0.38,3.02
星帅尔,2021-08-10,13.38,13.51,13.81,13.38,39808,77764463.0,3.22,1.12,0.15,2.79
星帅尔,2021-08-11,13.52,13.24,13.59,13.19,31506,60347476.0,2.96,-2.0,-0.27,2.21
星帅尔,2021-08-12,13.37,13.12,13.37,12.85,37892,71387353.0,3.93,-0.91,-0.12,2.66
星帅尔,2021-08-13,13.08,13.14,13.26,13.0,20352,38589512.0,1.98,0.15,0.02,1.43
星帅尔,2021-08-16,13.24,12.79,13.33,12.72,29555,55205222.0,4.64,-2.66,-0.35,2.07
星帅尔,2021-08-17,12.86,12.29,12.87,12.27,30483,55100797.0,4.69,-3.91,-0.5,2.14
星帅尔,2021-08-18,12.37,12.47,12.49,12.17,18131,32465528.0,2.6,1.46,0.18,1.27
星帅尔,2021-08-19,12.46,12.43,12.67,12.31,16611,29919036.0,2.89,-0.32,-0.04,1.17
星帅尔,2021-08-20,12.38,12.43,12.58,12.24,16897,30342731.0,2.74,0.0,0.0,1.19
星帅尔,2021-08-23,12.32,12.87,12.92,12.32,28335,51984903.0,4.83,3.54,0.44,1.99
星帅尔,2021-08-24,13.08,13.4,13.44,12.86,48113,91630427.0,4.51,4.12,0.53,3.38
星帅尔,2021-08-25,13.27,13.42,13.43,13.04,32839,62867318.0,2.91,0.15,0.02,2.31
星帅尔,2021-08-26,13.39,13.67,13.79,13.24,42383,83059748.0,4.1,1.86,0.25,2.98
星帅尔,2021-08-27,13.45,13.4,13.67,13.31,28389,55094909.0,2.63,-1.98,-0.27,1.99
星帅尔,2021-08-30,13.63,13.57,13.76,13.32,35936,70265250.0,3.28,1.27,0.17,2.52
星帅尔,2021-08-31,13.58,13.19,13.67,12.88,44961,85393980.0,5.82,-2.8,-0.38,3.16
星帅尔,2021-09-01,13.57,13.34,14.24,13.22,71913,141005329.0,7.73,1.14,0.15,4.96
星帅尔,2021-09-02,13.34,13.23,13.79,12.51,75249,142297894.0,9.6,-0.82,-0.11,5.19
星帅尔,2021-09-03,13.17,12.97,13.64,12.77,63869,121293395.0,6.58,-1.97,-0.26,4.4
星帅尔,2021-09-06,12.93,13.3,13.41,12.64,40559,75896679.0,5.94,2.54,0.33,2.8
星帅尔,2021-09-07,13.27,13.3,13.75,13.09,42884,82965013.0,4.96,0.0,0.0,2.91
星帅尔,2021-09-08,13.36,13.54,13.65,13.29,32415,63028496.0,2.71,1.8,0.24,2.2
星帅尔,2021-09-09,13.79,13.75,14.12,13.47,53992,107758291.0,4.8,1.55,0.21,3.67
星帅尔,2021-09-10,13.74,13.62,13.92,13.46,37045,72852580.0,3.35,-0.95,-0.13,2.52
星帅尔,2021-09-13,13.54,13.13,13.54,13.09,25276,48308132.0,3.3,-3.6,-0.49,1.72
星帅尔,2021-09-14,13.18,13.02,13.34,12.95,24019,45516640.0,2.97,-0.84,-0.11,1.63
星帅尔,2021-09-15,12.97,13.17,13.22,12.85,20168,37961653.0,2.84,1.15,0.15,1.37
星帅尔,2021-09-16,13.27,12.77,13.27,12.74,27957,52082881.0,4.02,-3.04,-0.4,1.9
星帅尔,2021-09-17,12.87,12.69,12.96,12.59,19051,35012460.0,2.9,-0.63,-0.08,1.29
星帅尔,2021-09-22,12.63,12.95,12.97,12.35,25276,46207883.0,4.89,2.05,0.26,1.72
星帅尔,2021-09-23,12.95,12.62,13.19,12.59,23139,42999450.0,4.63,-2.55,-0.33,1.57
星帅尔,2021-09-24,12.54,12.41,12.64,12.36,21800,39220003.0,2.22,-1.66,-0.21,1.48
星帅尔,2021-09-27,12.35,11.95,12.46,11.77,23561,41174158.0,5.56,-3.71,-0.46,1.6
星帅尔,2021-09-28,11.96,12.06,12.19,11.68,12938,22390305.0,4.27,0.92,0.11,0.88
星帅尔,2021-09-29,12.06,11.7,12.18,11.68,15530,26769392.0,4.15,-2.99,-0.36,1.06
星帅尔,2021-09-30,11.74,12.2,12.27,11.72,17740,30867570.0,4.7,4.27,0.5,1.21
星帅尔,2021-10-08,12.23,12.06,12.42,11.95,16394,28778588.0,3.85,-1.15,-0.14,1.12
星帅尔,2021-10-11,12.11,11.84,12.11,11.64,12841,22029690.0,3.9,-1.82,-0.22,0.88
星帅尔,2021-10-12,11.85,11.59,11.89,11.38,17150,28916323.0,4.31,-2.11,-0.25,1.17
星帅尔,2021-10-13,11.6,11.61,11.82,11.34,9902,16557508.0,4.14,0.17,0.02,0.68
星帅尔,2021-10-14,11.67,12.02,12.08,11.47,12401,21282008.0,5.25,3.53,0.41,0.85
星帅尔,2021-10-15,12.37,12.18,12.37,11.65,19172,33788392.0,5.99,1.33,0.16,1.31
星帅尔,2021-10-18,12.09,12.74,12.78,12.09,32618,59420307.0,5.67,4.6,0.56,2.23
星帅尔,2021-10-19,12.89,12.81,12.94,12.63,18115,33564496.0,2.43,0.55,0.07,1.24
星帅尔,2021-10-20,12.67,12.65,12.93,12.64,17631,32588423.0,2.26,-1.25,-0.16,1.2
星帅尔,2021-10-21,12.64,12.57,12.8,12.51,16676,30423180.0,2.29,-0.63,-0.08,1.14
星帅尔,2021-10-22,12.53,12.45,12.72,12.36,12529,22658725.0,2.86,-0.95,-0.12,0.86
星帅尔,2021-10-25,12.66,13.02,13.02,12.22,26633,49153787.0,6.43,4.58,0.57,1.82
星帅尔,2021-10-26,13.02,12.87,13.12,12.69,16915,31420789.0,3.3,-1.15,-0.15,1.16
星帅尔,2021-10-27,12.75,12.45,12.75,12.28,34380,62011821.0,3.65,-3.26,-0.42,2.35
星帅尔,2021-10-28,12.64,12.29,12.64,12.17,21755,38810558.0,3.78,-1.29,-0.16,1.49
星帅尔,2021-10-29,12.34,12.17,12.44,11.92,20990,36828826.0,4.23,-0.98,-0.12,1.43
星帅尔,2021-11-01,12.17,13.3,13.36,12.08,66664,124626632.0,10.52,9.29,1.13,4.55
星帅尔,2021-11-02,13.08,12.92,13.18,12.74,50635,94728611.0,3.31,-2.86,-0.38,3.46
星帅尔,2021-11-03,13.31,13.77,13.86,12.89,101190,197880627.0,7.51,6.58,0.85,6.91
星帅尔,2021-11-04,13.49,13.75,13.87,13.17,73596,144245045.0,5.08,-0.15,-0.02,5.03
星帅尔,2021-11-05,13.59,13.37,13.82,13.17,58374,112622149.0,4.73,-2.76,-0.38,3.99
星帅尔,2021-11-08,13.29,13.81,13.84,13.12,64531,126574919.0,5.39,3.29,0.44,4.41
星帅尔,2021-11-09,13.72,14.24,14.67,13.72,73237,148842443.0,6.88,3.11,0.43,5.0
星帅尔,2021-11-10,14.04,14.24,14.42,13.99,48967,99831674.0,3.02,0.0,0.0,3.34
星帅尔,2021-11-11,14.24,14.27,14.45,14.02,34978,71555537.0,3.02,0.21,0.03,2.39
星帅尔,2021-11-12,14.12,15.18,15.73,14.12,102740,224715823.0,11.28,6.38,0.91,7.02
星帅尔,2021-11-15,15.44,16.74,16.74,15.39,132347,310788016.0,8.89,10.28,1.56,9.04
星帅尔,2021-11-16,17.67,16.56,17.74,16.32,207618,504094736.0,8.48,-1.08,-0.18,14.18
星帅尔,2021-11-17,16.56,17.04,17.24,15.98,102282,243154739.0,7.61,2.9,0.48,6.98
星帅尔,2021-11-18,17.01,15.94,17.01,15.81,80556,187835593.0,7.04,-6.46,-1.1,5.5
星帅尔,2021-11-19,15.97,16.47,16.56,15.63,87988,202337755.0,5.83,3.32,0.53,6.01
星帅尔,2021-11-22,16.6,18.16,18.16,16.59,68572,175561026.0,9.53,10.26,1.69,4.68
星帅尔,2021-11-23,18.63,20.02,20.02,18.22,229364,638169376.0,9.91,10.24,1.86,15.66
星帅尔,2021-11-24,19.59,19.84,20.74,19.2,238344,682523280.0,7.69,-0.9,-0.18,16.28
星帅尔,2021-11-25,19.31,19.09,19.59,18.76,107159,293124400.0,4.18,-3.78,-0.75,7.32
星帅尔,2021-11-26,19.24,18.87,19.86,18.57,89030,243038459.0,6.76,-1.15,-0.22,6.08
星帅尔,2021-11-29,18.38,18.34,18.81,18.13,116795,307059504.0,3.6,-2.81,-0.53,7.98
星帅尔,2021-11-30,18.01,18.17,18.73,17.92,131743,344942560.0,4.42,-0.93,-0.17,9.0
星帅尔,2021-12-01,18.12,17.7,18.38,17.39,91764,233604867.0,5.45,-2.59,-0.47,6.27
星帅尔,2021-12-02,17.87,17.32,17.87,17.09,65740,163020779.0,4.41,-2.15,-0.38,4.49
星帅尔,2021-12-03,17.45,17.57,17.81,17.38,67541,170324091.0,2.48,1.44,0.25,4.61
星帅尔,2021-12-06,18.14,17.64,18.22,17.55,75776,194176328.0,3.81,0.4,0.07,5.17
星帅尔,2021-12-07,17.95,17.28,17.95,16.81,69178,170461562.0,6.46,-2.04,-0.36,4.72
星帅尔,2021-12-08,17.17,17.44,17.63,16.74,48343,120007613.0,5.15,0.93,0.16,3.3
星帅尔,2021-12-09,17.56,17.5,17.66,17.29,46302,115951556.0,2.12,0.34,0.06,3.16
星帅尔,2021-12-10,17.39,18.02,18.21,17.02,76845,196248183.0,6.8,2.97,0.52,5.25
星帅尔,2021-12-13,17.94,17.99,18.2,17.69,47431,121359442.0,2.83,-0.17,-0.03,3.24
星帅尔,2021-12-14,17.86,17.5,17.92,17.37,35455,89349301.0,3.06,-2.72,-0.49,2.42
星帅尔,2021-12-15,17.5,18.17,18.46,17.4,71299,184155598.0,6.06,3.83,0.67,4.87
星帅尔,2021-12-16,17.99,18.14,18.81,17.96,58163,152896010.0,4.68,-0.17,-0.03,3.97
星帅尔,2021-12-17,18.17,18.4,18.65,17.95,49558,130477965.0,3.86,1.43,0.26,3.38
星帅尔,2021-12-20,18.37,17.45,18.57,17.1,59944,151784772.0,7.99,-5.16,-0.95,4.09
星帅尔,2021-12-21,17.37,17.72,18.09,17.37,26520,67352553.0,4.13,1.55,0.27,1.81
星帅尔,2021-12-22,17.74,17.15,17.84,16.76,54074,132094471.0,6.09,-3.22,-0.57,3.69
星帅尔,2021-12-23,17.31,16.88,17.39,16.84,43299,106175233.0,3.21,-1.57,-0.27,2.96
星帅尔,2021-12-24,17.13,16.26,17.17,16.2,46401,110001605.0,5.75,-3.67,-0.62,3.17
星帅尔,2021-12-27,16.46,16.39,16.59,16.22,30454,71618919.0,2.28,0.8,0.13,2.08
星帅尔,2021-12-28,16.44,17.04,17.09,16.32,30222,73256832.0,4.7,3.97,0.65,2.06
星帅尔,2021-12-29,17.04,16.59,17.29,16.4,20889,49958407.0,5.22,-2.64,-0.45,1.43
星帅尔,2021-12-30,16.52,16.44,17.15,16.34,31128,74365347.0,4.88,-0.9,-0.15,2.13
星帅尔,2021-12-31,16.3,17.02,17.13,16.3,27441,65927795.0,5.05,3.53,0.58,1.86
星帅尔,2022-01-04,16.99,16.53,17.16,16.37,35670,84811863.0,4.64,-2.88,-0.49,2.42
星帅尔,2022-01-05,16.53,16.74,16.81,16.38,26772,63905140.0,2.6,1.27,0.21,1.82
星帅尔,2022-01-06,16.77,17.44,17.65,16.57,44743,110844304.0,6.45,4.18,0.7,3.04
星帅尔,2022-01-07,17.49,16.59,17.51,16.59,34288,83823308.0,5.28,-4.87,-0.85,2.33
星帅尔,2022-01-10,16.45,16.73,16.95,16.4,24615,59117767.0,3.32,0.84,0.14,1.67
星帅尔,2022-01-11,16.73,16.59,17.09,16.52,20724,49778312.0,3.41,-0.84,-0.14,1.41
星帅尔,2022-01-12,16.59,16.89,17.02,16.56,25296,61391251.0,2.77,1.81,0.3,1.72
星帅尔,2022-01-13,16.89,16.49,16.97,16.45,20650,49136212.0,3.08,-2.37,-0.4,1.4
星帅尔,2022-01-14,16.32,15.63,16.58,15.52,48513,110890694.0,6.43,-5.22,-0.86,3.3
星帅尔,2022-01-17,15.62,15.72,16.09,15.52,40226,91213579.0,3.65,0.58,0.09,2.73
星帅尔,2022-01-18,15.72,15.57,16.22,15.37,40809,92317790.0,5.41,-0.95,-0.15,2.77
星帅尔,2022-01-19,15.57,15.62,15.81,15.17,36720,81546530.0,4.11,0.32,0.05,2.5
星帅尔,2022-01-20,15.94,15.02,15.94,15.02,35358,77675756.0,5.89,-3.84,-0.6,2.4
星帅尔,2022-01-21,14.97,15.32,15.74,14.85,42272,93521520.0,5.93,2.0,0.3,2.87
星帅尔,2022-01-24,15.53,15.95,16.22,15.2,46692,106450233.0,6.66,4.11,0.63,3.17
星帅尔,2022-01-25,15.95,15.22,16.03,15.12,35110,78136326.0,5.71,-4.58,-0.73,2.39
星帅尔,2022-01-26,15.21,13.97,15.22,13.82,63815,131338076.0,9.2,-8.21,-1.25,4.34
星帅尔,2022-01-27,14.44,13.97,14.7,13.92,61902,127709758.0,5.58,0.0,0.0,4.21
星帅尔,2022-01-28,14.14,13.92,14.39,13.91,31737,64601772.0,3.44,-0.36,-0.05,2.16
星帅尔,2022-02-07,14.12,14.37,14.49,13.95,30506,62868276.0,3.88,3.23,0.45,2.07
星帅尔,2022-02-08,14.37,13.99,14.37,13.83,25103,50672332.0,3.76,-2.64,-0.38,1.71
星帅尔,2022-02-09,14.01,13.88,14.14,13.49,31924,63433107.0,4.65,-0.79,-0.11,2.17
星帅尔,2022-02-10,13.88,13.69,13.98,13.54,36653,72821525.0,3.17,-1.37,-0.19,2.49
星帅尔,2022-02-11,13.67,13.27,13.72,13.24,25725,49809454.0,3.51,-3.07,-0.42,1.75
星帅尔,2022-02-14,13.3,13.2,13.34,12.97,28267,53617678.0,2.79,-0.53,-0.07,1.92
星帅尔,2022-02-15,13.19,12.91,13.28,12.67,60156,111519174.0,4.62,-2.2,-0.29,3.88
星帅尔,2022-02-16,13.23,13.22,13.27,12.82,43228,81596869.0,3.49,2.4,0.31,2.79
星帅尔,2022-02-17,13.52,13.78,14.44,13.49,81255,161358011.0,7.19,4.24,0.56,5.24
星帅尔,2022-02-18,13.4,13.29,13.62,12.97,60073,115063399.0,4.72,-3.56,-0.49,3.87
星帅尔,2022-02-21,13.29,13.41,13.79,13.27,33361,64813218.0,3.91,0.9,0.12,2.15
星帅尔,2022-02-22,13.28,13.14,13.39,13.09,26967,51282276.0,2.24,-2.01,-0.27,1.74
星帅尔,2022-02-23,13.28,13.5,13.59,13.12,37317,72080968.0,3.58,2.74,0.36,2.41
星帅尔,2022-02-24,13.49,13.87,14.06,13.25,79114,155674309.0,6.0,2.74,0.37,4.87
星帅尔,2022-02-25,13.65,13.37,13.83,13.32,66026,128873181.0,3.68,-3.6,-0.5,4.07
星帅尔,2022-02-28,13.29,13.59,13.66,13.21,38953,75651226.0,3.37,1.65,0.22,2.4
星帅尔,2022-03-01,13.67,13.63,13.99,13.56,54825,108673362.0,3.16,0.29,0.04,3.38
星帅尔,2022-03-02,13.46,13.49,13.7,13.32,36028,69912139.0,2.79,-1.03,-0.14,2.22
星帅尔,2022-03-03,13.7,13.19,13.72,13.17,41082,78809084.0,4.08,-2.22,-0.3,2.53
星帅尔,2022-03-04,13.24,13.21,13.39,12.98,26982,51324994.0,3.11,0.15,0.02,1.66
星帅尔,2022-03-07,13.06,12.87,13.2,12.67,33184,61629195.0,4.01,-2.57,-0.34,2.04
星帅尔,2022-03-08,12.87,12.6,12.94,12.47,31078,57204120.0,3.65,-2.1,-0.27,1.91
星帅尔,2022-03-09,12.63,12.45,12.8,12.11,27506,49558725.0,5.48,-1.19,-0.15,1.69
星帅尔,2022-03-10,12.65,12.53,12.87,12.49,33492,61353454.0,3.05,0.64,0.08,2.06
星帅尔,2022-03-11,12.42,12.45,12.48,12.06,30755,54760263.0,3.35,-0.64,-0.08,1.89
星帅尔,2022-03-14,12.17,12.25,12.48,12.17,26930,47904266.0,2.49,-1.61,-0.2,1.66
星帅尔,2022-03-15,11.99,11.85,12.18,11.52,44758,76861483.0,5.39,-3.27,-0.4,2.76
星帅尔,2022-03-16,11.95,11.89,12.08,11.26,42887,72555026.0,6.92,0.34,0.04,2.64
星帅尔,2022-03-17,12.09,12.41,12.47,11.81,75646,133090818.0,5.55,4.37,0.52,4.66
星帅尔,2022-03-18,12.38,12.03,12.67,11.88,56630,99577030.0,6.37,-3.06,-0.38,3.49
星帅尔,2022-03-21,11.91,12.02,12.22,11.86,34406,59896771.0,2.99,-0.08,-0.01,2.12
星帅尔,2022-03-22,11.9,11.99,12.11,11.69,27467,47307337.0,3.49,-0.25,-0.03,1.69
星帅尔,2022-03-23,12.09,12.18,12.66,11.88,48714,86299856.0,6.51,1.58,0.19,3.0
星帅尔,2022-03-24,12.08,11.89,12.2,11.87,31878,55369140.0,2.71,-2.38,-0.29,1.96
星帅尔,2022-03-25,11.93,11.93,12.19,11.88,26158,45583282.0,2.61,0.34,0.04,1.61
星帅尔,2022-03-28,11.82,11.89,11.99,11.61,30052,51432797.0,3.19,-0.34,-0.04,1.85
星帅尔,2022-03-29,11.87,11.68,12.22,11.51,36106,61681599.0,5.97,-1.77,-0.21,2.22
星帅尔,2022-03-30,11.67,11.91,11.96,11.67,24509,41943184.0,2.48,1.97,0.23,1.51
星帅尔,2022-03-31,11.88,11.89,11.99,11.78,20140,34633391.0,1.76,-0.17,-0.02,1.24
星帅尔,2022-04-01,11.76,11.77,11.99,11.59,31182,53306014.0,3.36,-1.01,-0.12,1.92
星帅尔,2022-04-06,11.76,11.88,12.09,11.75,33991,58646142.0,2.89,0.93,0.11,2.09
星帅尔,2022-04-07,11.78,11.29,11.87,11.29,28579,47973781.0,4.88,-4.97,-0.59,1.76
星帅尔,2022-04-08,11.39,11.18,11.49,11.12,16837,27536520.0,3.28,-0.97,-0.11,1.04
星帅尔,2022-04-11,11.08,10.74,11.19,10.72,21429,33906655.0,4.2,-3.94,-0.44,1.32
星帅尔,2022-04-12,10.77,11.02,11.04,10.61,20793,32683348.0,4.0,2.61,0.28,1.28
星帅尔,2022-04-13,11.03,10.72,11.03,10.7,15644,24620722.0,2.99,-2.72,-0.3,0.96
星帅尔,2022-04-14,10.91,10.94,11.06,10.64,20868,32898900.0,3.92,2.05,0.22,1.29
星帅尔,2022-04-15,10.83,10.84,10.92,10.67,15829,24805898.0,2.29,-0.91,-0.1,0.98
星帅尔,2022-04-18,10.92,11.04,11.06,10.59,14821,23543960.0,4.34,1.85,0.2,0.91
星帅尔,2022-04-19,10.95,11.11,11.19,10.95,14752,23720494.0,2.17,0.63,0.07,0.91
星帅尔,2022-04-20,11.15,10.94,11.17,10.84,17994,28803980.0,2.97,-1.53,-0.17,1.11
星帅尔,2022-04-21,10.99,10.77,11.23,10.67,23612,37508931.0,5.12,-1.55,-0.17,1.45
星帅尔,2022-04-22,10.34,9.7,10.49,9.66,85210,121527576.0,7.71,-9.94,-1.07,5.25
星帅尔,2022-04-25,9.38,9.09,9.69,9.09,39845,54547632.0,6.19,-6.29,-0.61,2.45
星帅尔,2022-04-26,9.09,8.52,9.29,8.47,45957,59716614.0,9.02,-6.27,-0.57,2.83
星帅尔,2022-04-27,8.48,8.83,8.84,8.17,52774,65666912.0,7.86,3.64,0.31,3.25
星帅尔,2022-04-28,8.84,8.77,9.02,8.64,24823,31997779.0,4.3,-0.68,-0.06,1.53
星帅尔,2022-04-29,8.9,9.08,9.14,8.8,25303,33324361.0,3.88,3.53,0.31,1.56
星帅尔,2022-05-05,9.12,9.23,9.32,9.02,23059,30940071.0,3.3,1.65,0.15,1.42
星帅尔,2022-05-06,9.09,9.3,9.47,8.95,22620,30703641.0,5.63,0.76,0.07,1.39
星帅尔,2022-05-09,9.37,9.29,9.41,9.1,13454,18272171.0,3.33,-0.11,-0.01,0.83
星帅尔,2022-05-10,9.15,9.44,9.48,9.09,18449,25249670.0,4.2,1.61,0.15,1.14
星帅尔,2022-05-11,9.44,9.44,9.76,9.39,22954,32049850.0,3.92,0.0,0.0,1.41
星帅尔,2022-05-12,9.38,9.58,9.62,9.31,19771,27420366.0,3.28,1.48,0.14,1.22
星帅尔,2022-05-13,9.58,9.73,9.73,9.47,15000,21019811.0,2.71,1.57,0.15,0.92
星帅尔,2022-05-16,9.81,9.62,9.92,9.57,15229,21482891.0,3.6,-1.13,-0.11,0.94
星帅尔,2022-05-17,9.67,9.89,10.17,9.52,30317,43315399.0,6.76,2.81,0.27,1.87
星帅尔,2022-05-18,9.88,9.85,10.02,9.68,23264,33430487.0,3.44,-0.4,-0.04,1.43
星帅尔,2022-05-19,9.65,10.22,10.53,9.61,42369,62524394.0,9.34,3.76,0.37,2.61
星帅尔,2022-05-20,10.17,10.67,10.98,10.07,89484,137441275.0,8.9,4.4,0.45,5.51
星帅尔,2022-05-23,11.24,11.78,11.78,11.24,112551,190363970.0,5.06,10.4,1.11,6.93
星帅尔,2022-05-24,12.63,13.0,13.0,12.11,182521,336466528.0,7.56,10.36,1.22,11.24
星帅尔,2022-05-25,12.99,12.15,12.99,11.83,193796,345866560.0,8.92,-6.54,-0.85,11.94
星帅尔,2022-05-26,12.28,11.62,12.62,11.49,143565,245918521.0,9.3,-4.36,-0.53,8.84
星帅尔,2022-05-27,11.52,11.58,12.13,11.31,100309,170089672.0,7.06,-0.34,-0.04,6.18
星帅尔,2022-05-30,11.49,11.23,11.52,11.01,88816,144704381.0,4.4,-3.02,-0.35,5.47
星帅尔,2022-05-31,11.31,11.47,11.74,10.99,96664,159428658.0,6.68,2.14,0.24,5.96
星帅尔,2022-06-01,11.32,11.36,11.69,11.18,58065,95890503.0,4.45,-0.96,-0.11,3.58
星帅尔,2022-06-02,11.35,11.58,11.67,11.18,76160,126900483.0,4.31,1.94,0.22,4.69
星帅尔,2022-06-06,11.54,12.78,12.78,11.34,137685,240937984.0,12.44,10.36,1.2,8.48
星帅尔,2022-06-07,13.3,12.22,13.3,12.02,143056,258698061.0,10.02,-4.38,-0.56,8.81
星帅尔,2022-06-08,12.22,12.46,12.58,11.71,103095,180675681.0,7.12,1.96,0.24,6.35
星帅尔,2022-06-09,12.14,11.58,12.2,11.57,70202,120152714.0,5.06,-7.06,-0.88,4.33
星帅尔,2022-06-10,11.72,11.91,12.14,11.58,54098,93540553.0,4.84,2.85,0.33,3.33
星帅尔,2022-06-13,11.76,12.12,12.15,11.63,60357,104210322.0,4.37,1.76,0.21,3.85
星帅尔,2022-06-14,11.92,11.71,11.93,11.45,53222,89764616.0,3.96,-3.38,-0.41,3.39
星帅尔,2022-06-15,11.96,11.89,12.36,11.74,64823,112553954.0,5.29,1.54,0.18,4.13
星帅尔,2022-06-16,11.54,11.73,11.81,11.1,74670,124469544.0,5.97,-1.35,-0.16,4.76
星帅尔,2022-06-17,11.59,12.09,12.29,11.49,84747,147461752.0,6.82,3.07,0.36,5.41
星帅尔,2022-06-20,11.87,12.25,12.35,11.82,68408,120569063.0,4.38,1.32,0.16,4.36
星帅尔,2022-06-21,12.15,11.76,12.26,11.5,95141,115166728.0,6.2,-4.0,-0.49,4.34
星帅尔,2022-06-22,11.92,12.97,12.97,11.64,102274,131922400.0,11.31,10.29,1.21,4.66
星帅尔,2022-06-23,13.2,14.3,14.3,13.08,297037,423667024.0,9.41,10.25,1.33,13.55
星帅尔,2022-06-24,14.65,15.76,15.76,14.43,527133,828009712.0,9.3,10.21,1.46,24.04
星帅尔,2022-06-27,16.15,15.26,17.2,14.4,596863,966920736.0,17.77,-3.17,-0.5,27.22
星帅尔,2022-06-28,14.69,14.39,15.2,13.99,441708,651476464.0,7.93,-5.7,-0.87,20.14
星帅尔,2022-06-29,14.1,13.75,14.85,13.58,297766,429284144.0,8.83,-4.45,-0.64,13.58
星帅尔,2022-06-30,13.7,14.51,14.52,13.45,288932,417664512.0,7.78,5.53,0.76,13.18
星帅尔,2022-07-01,14.2,13.78,14.39,13.7,182084,259878359.0,4.76,-5.03,-0.73,8.3
星帅尔,2022-07-04,13.68,13.97,14.47,13.26,150394,213713984.0,8.78,1.38,0.19,6.86
星帅尔,2022-07-05,14.0,13.62,14.06,13.27,133202,184967555.0,5.65,-2.51,-0.35,6.07
星帅尔,2022-07-06,13.48,13.38,13.75,13.3,78135,107523200.0,3.3,-1.76,-0.24,3.56
星帅尔,2022-07-07,13.35,13.18,13.43,12.82,101385,135600989.0,4.56,-1.49,-0.2,4.62
星帅尔,2022-07-08,13.25,12.99,13.6,12.95,91076,123108800.0,4.93,-1.44,-0.19,4.15
星帅尔,2022-07-11,12.95,13.1,13.18,12.85,62846,83634981.0,2.54,0.85,0.11,2.87
星帅尔,2022-07-12,13.06,13.4,13.42,12.7,103614,140026138.59,5.5,2.29,0.3,4.73
星帅尔,2022-07-13,13.4,13.98,14.11,13.31,178871,252556885.8,5.97,4.33,0.58,8.16
星帅尔,2022-07-14,14.28,13.61,14.57,13.56,140873,200299882.96,7.22,-2.65,-0.37,6.42
星帅尔,2022-07-15,13.08,12.81,13.47,12.8,112814,151584889.21,4.92,-5.88,-0.8,5.15
星帅尔,2022-07-18,12.82,13.25,13.44,12.82,68195,91638603.67,4.84,3.43,0.44,3.11
星帅尔,2022-07-19,13.65,13.5,14.2,13.49,137850,194544001.66,5.36,1.89,0.25,6.29
星帅尔,2022-07-20,13.52,13.25,13.79,13.06,89518,121312454.07,5.41,-1.85,-0.25,4.08
星帅尔,2022-07-21,13.2,14.01,14.19,13.06,197910,279135571.52,8.53,5.74,0.76,9.03
星帅尔,2022-07-22,14.02,14.08,14.33,13.68,171851,245650304.71,4.64,0.5,0.07,7.84
星帅尔,2022-07-25,14.29,13.56,14.38,13.41,107716,150923904.84,6.89,-3.69,-0.52,4.91
星帅尔,2022-07-26,13.69,13.9,13.94,13.06,94167,130713282.93,6.49,2.51,0.34,4.29
星帅尔,2022-07-27,13.71,14.16,14.28,13.69,145364,209499551.09,4.24,1.87,0.26,6.63
星帅尔,2022-07-28,14.7,15.61,15.61,14.3,120921,190408094.73,9.25,10.24,1.45,5.51
星帅尔,2022-07-29,16.36,15.11,16.58,15.11,412497,658405679.42,9.42,-3.2,-0.5,18.81
星帅尔,2022-08-01,15.11,15.21,15.7,14.75,253336,395203858.38,6.29,0.66,0.1,11.55
星帅尔,2022-08-02,14.7,14.09,14.86,13.97,196444,286936982.5,5.85,-7.36,-1.12,8.96
星帅尔,2022-08-03,14.35,13.59,14.44,13.54,137878,197100530.27,6.39,-3.55,-0.5,6.29
星帅尔,2022-08-04,13.71,13.58,13.85,13.2,93207,128663421.7,4.78,-0.07,-0.01,4.25
星帅尔,2022-08-05,13.7,13.68,14.0,13.42,79318,110506811.03,4.27,0.74,0.1,3.62
星帅尔,2022-08-08,13.55,14.44,14.52,13.35,172844,248901544.49,8.55,5.56,0.76,7.88
星帅尔,2022-08-09,14.3,14.65,15.08,14.1,205650,308168410.88,6.79,1.45,0.21,9.38
星帅尔,2022-08-10,14.4,15.06,15.27,14.3,230313,349577053.22,6.62,2.8,0.41,10.5
星帅尔,2022-08-11,15.25,16.6,16.6,14.9,404804,659793287.52,11.29,10.23,1.54,18.46
星帅尔,2022-08-12,16.71,15.18,16.71,15.18,478994,766523832.69,9.22,-8.55,-1.42,21.85
星帅尔,2022-08-15,15.17,15.07,15.57,14.91,239526,369186816.28,4.35,-0.72,-0.11,10.92
星帅尔,2022-08-16,14.92,15.83,16.27,14.91,345947,553240437.66,9.02,5.04,0.76,15.78
星帅尔,2022-08-17,15.83,16.0,16.67,15.75,368911,610152866.03,5.81,1.07,0.17,16.82
星帅尔,2022-08-18,16.01,16.29,16.9,15.9,303941,505599787.04,6.25,1.81,0.29,13.86
星帅尔,2022-08-19,16.39,16.02,17.0,15.75,291203,484921435.18,7.67,-1.66,-0.27,13.28
星帅尔,2022-08-22,15.41,15.16,15.61,14.95,248297,384928236.18,4.12,-5.37,-0.86,11.32
星帅尔,2022-08-23,14.95,16.34,16.71,14.95,608188,1018516898.36,11.61,7.78,1.18,27.74
星帅尔,2022-08-24,15.75,14.68,15.8,14.68,468558,727733353.76,6.85,-10.16,-1.66,21.37
星帅尔,2022-08-25,14.69,16.18,16.18,14.05,431841,679723349.86,14.51,10.22,1.5,19.69
星帅尔,2022-08-26,16.76,16.16,17.17,15.93,538073,899913467.45,7.66,-0.12,-0.02,24.54
星帅尔,2022-08-29,15.82,16.79,16.8,15.45,432629,722058671.73,8.35,3.9,0.63,19.73
星帅尔,2022-08-30,16.58,15.83,16.59,15.65,323386,528075796.55,5.6,-5.72,-0.96,14.75
星帅尔,2022-08-31,15.56,16.79,17.44,15.56,589749,1018169592.31,11.88,6.06,0.96,26.9
星帅尔,2022-09-01,16.2,16.37,16.5,15.2,459118,739783868.52,7.74,-2.5,-0.42,20.94
星帅尔,2022-09-02,16.15,15.78,16.25,15.4,251062,402838063.69,5.19,-3.6,-0.59,11.45
星帅尔,2022-09-05,15.38,15.45,16.05,14.87,213858,336100581.25,7.48,-2.09,-0.33,9.75
星帅尔,2022-09-06,15.63,16.28,16.55,15.48,372656,613589883.28,6.93,5.37,0.83,17.0
星帅尔,2022-09-07,15.75,15.95,16.45,15.62,294059,481270547.44,5.1,-2.03,-0.33,13.41
星帅尔,2022-09-08,16.08,16.31,17.06,15.76,307390,512323766.38,8.15,2.26,0.36,14.02
星帅尔,2022-09-09,16.58,16.85,17.97,16.17,538306,936194571.6,11.04,3.31,0.54,24.55
星帅尔,2022-09-13,16.85,17.58,17.9,16.3,470609,818100686.16,9.5,4.33,0.73,21.46
星帅尔,2022-09-14,16.91,17.06,17.26,16.55,324188,557757834.03,4.04,-2.96,-0.52,14.79
星帅尔,2022-09-15,17.05,16.52,17.05,16.21,237272,398397810.89,4.92,-3.17,-0.54,10.82
星帅尔,2022-09-16,16.75,16.65,17.53,16.53,308426,534106477.8,6.05,0.79,0.13,14.07
星帅尔,2022-09-19,16.11,14.98,16.11,14.96,256806,406431832.83,6.91,-10.03,-1.67,11.71
星帅尔,2022-09-20,14.78,15.14,15.53,14.38,218087,334179319.72,7.68,1.07,0.16,9.95
星帅尔,2022-09-21,14.7,14.75,14.95,14.53,125086,188387150.05,2.77,-2.58,-0.39,5.7
星帅尔,2022-09-22,14.56,14.7,15.0,14.21,131694,197690438.52,5.36,-0.34,-0.05,6.01
星帅尔,2022-09-23,14.5,13.63,14.85,13.62,180957,259873322.61,8.37,-7.28,-1.07,8.25
星帅尔,2022-09-26,13.71,14.04,14.26,13.71,142432,203956028.07,4.04,3.01,0.41,6.5
星帅尔,2022-09-27,13.95,14.06,14.23,13.53,124482,176423797.46,4.99,0.14,0.02,5.68
星帅尔,2022-09-28,13.9,13.12,14.06,13.08,147536,202178753.15,6.97,-6.69,-0.94,6.73
星帅尔,2022-09-29,13.5,13.13,13.5,12.9,88063,118248346.91,4.57,0.08,0.01,4.02
星帅尔,2022-09-30,13.13,12.56,13.13,12.53,92671,120556398.66,4.57,-4.34,-0.57,4.23
星帅尔,2022-10-10,12.57,12.05,12.77,11.93,75225,94776039.5,6.69,-4.06,-0.51,3.43
星帅尔,2022-10-11,12.2,12.35,12.45,11.93,72740,91059639.8,4.32,2.49,0.3,3.32
星帅尔,2022-10-12,12.24,12.85,12.87,12.1,88387,112860834.4,6.23,4.05,0.5,4.03
星帅尔,2022-10-13,12.7,12.59,12.97,12.59,90670,118595213.44,2.96,-2.02,-0.26,4.14
星帅尔,2022-10-14,12.77,13.12,13.37,12.64,127755,169889530.02,5.8,4.21,0.53,5.83
星帅尔,2022-10-17,12.9,13.12,13.18,12.82,91801,122469284.82,2.74,0.0,0.0,4.19
星帅尔,2022-10-18,13.33,13.23,13.67,13.14,111200,152208957.84,4.04,0.84,0.11,5.07
星帅尔,2022-10-19,13.1,13.03,13.34,13.03,79683,107071485.79,2.34,-1.51,-0.2,3.63
星帅尔,2022-10-20,12.89,12.8,13.11,12.61,89662,117950574.76,3.84,-1.77,-0.23,4.09
星帅尔,2022-10-21,12.8,12.8,13.02,12.7,53210,70000811.06,2.5,0.0,0.0,2.43
星帅尔,2022-10-24,12.82,12.96,13.2,12.82,93514,124556084.44,2.97,1.25,0.16,4.26
星帅尔,2022-10-25,12.9,12.89,13.02,12.17,89167,115505934.1,6.56,-0.54,-0.07,4.07
星帅尔,2022-10-26,12.86,13.08,13.09,12.71,82668,109502100.37,2.95,1.47,0.19,3.77
星帅尔,2022-10-27,13.04,12.68,13.63,12.68,118749,159746875.08,7.26,-3.06,-0.4,5.42
星帅尔,2022-10-28,12.54,11.92,12.74,11.85,85283,107052949.09,7.02,-5.99,-0.76,3.89
星帅尔,2022-10-31,11.82,12.19,12.37,11.73,62302,77511945.48,5.37,2.27,0.27,2.84
星帅尔,2022-11-01,12.2,12.94,13.35,12.06,126106,165956696.35,10.58,6.15,0.75,5.75
星帅尔,2022-11-02,12.94,13.02,13.14,12.75,81229,108184145.45,3.01,0.62,0.08,3.7
星帅尔,2022-11-03,12.86,13.83,14.2,12.83,204485,285780959.25,10.52,6.22,0.81,9.33
星帅尔,2022-11-04,13.82,14.6,15.08,13.78,215320,314871772.9,9.4,5.57,0.77,9.82
星帅尔,2022-11-07,14.84,15.78,16.09,14.61,329164,519252717.21,10.14,8.08,1.18,15.01
星帅尔,2022-11-08,15.79,15.9,16.19,15.39,231804,374379402.83,5.07,0.76,0.12,10.57
星帅尔,2022-11-09,16.15,16.73,17.12,16.05,247027,420611072.16,6.73,5.22,0.83,11.27
星帅尔,2022-11-10,16.31,16.84,16.89,15.9,228256,380890449.97,5.92,0.66,0.11,10.41
星帅尔,2022-11-11,16.85,15.97,17.21,15.69,278279,464710566.94,9.03,-5.17,-0.87,12.69
星帅尔,2022-11-14,15.81,15.52,16.32,15.45,146898,236159567.59,5.45,-2.82,-0.45,6.7
星帅尔,2022-11-15,15.72,16.56,16.83,15.38,172749,286548108.93,9.34,6.7,1.04,7.88
星帅尔,2022-11-16,16.5,16.25,16.51,15.8,109229,179318062.13,4.29,-1.87,-0.31,4.98
星帅尔,2022-11-17,16.4,15.81,16.4,15.53,98422,157955114.0,5.35,-2.71,-0.44,4.49
星帅尔,2022-11-18,15.87,16.17,16.51,15.43,125397,205693501.62,6.83,2.28,0.36,5.72
星帅尔,2022-11-21,16.05,16.82,16.94,16.04,189119,319376979.9,5.57,4.02,0.65,8.63
星帅尔,2022-11-22,16.48,16.02,16.59,15.88,115965,190730454.81,4.22,-4.76,-0.8,5.29
星帅尔,2022-11-23,16.2,16.0,16.28,15.28,123145,197520753.82,6.24,-0.12,-0.02,5.62
星帅尔,2022-11-24,16.02,16.06,16.59,15.72,110312,182515578.21,5.44,0.38,0.06,5.03
星帅尔,2022-11-25,16.13,15.54,16.13,15.45,83809,133619366.0,4.23,-3.24,-0.52,3.82
星帅尔,2022-11-28,15.55,15.6,15.85,15.1,86964,137076178.59,4.83,0.39,0.06,3.97
星帅尔,2022-11-29,15.74,16.05,16.2,15.5,98979,160876869.49,4.49,2.88,0.45,4.51
星帅尔,2022-11-30,15.98,16.41,16.47,15.8,105576,174195268.42,4.17,2.24,0.36,4.81
星帅尔,2022-12-01,16.48,15.9,16.6,15.77,100376,165806111.22,5.06,-3.11,-0.51,4.58
星帅尔,2022-12-02,15.76,16.4,16.87,15.7,160185,267703846.27,7.36,3.14,0.5,7.31
星帅尔,2022-12-05,16.46,15.82,16.47,15.62,166714,269290924.73,5.18,-3.54,-0.58,7.6
星帅尔,2022-12-06,15.82,15.96,16.26,15.73,94701,154433901.64,3.35,0.88,0.14,4.32
星帅尔,2022-12-07,15.96,16.1,16.29,15.45,106934,173604395.59,5.26,0.88,0.14,4.88
星帅尔,2022-12-08,16.1,16.0,16.45,15.65,90123,147035710.54,4.97,-0.62,-0.1,4.11
星帅尔,2022-12-09,16.0,14.79,16.0,14.7,179631,279381502.81,8.13,-7.56,-1.21,8.19
星帅尔,2022-12-12,14.6,14.75,14.95,14.35,110366,165997588.68,4.06,-0.27,-0.04,5.03
星帅尔,2022-12-13,14.73,14.13,14.85,14.13,91920,135037665.99,4.88,-4.2,-0.62,4.19
星帅尔,2022-12-14,14.12,13.82,14.26,13.72,77880,110855992.31,3.82,-2.19,-0.31,3.55
星帅尔,2022-12-15,13.75,13.79,13.94,13.62,50323,71023205.49,2.32,-0.22,-0.03,2.3
星帅尔,2022-12-16,13.81,13.29,13.81,13.17,86670,118457552.54,4.64,-3.63,-0.5,3.95
星帅尔,2022-12-19,13.4,13.07,13.54,12.95,70139,94578580.2,4.44,-1.66,-0.22,3.2
星帅尔,2022-12-20,13.07,13.1,13.19,12.81,42789,57104769.1,2.91,0.23,0.03,1.95
星帅尔,2022-12-21,13.08,12.78,13.15,12.61,52728,69077527.55,4.12,-2.44,-0.32,2.4
星帅尔,2022-12-22,12.9,12.55,12.92,12.46,44016,56972382.8,3.6,-1.8,-0.23,2.01
星帅尔,2022-12-23,12.48,12.25,12.57,12.12,77587,97538397.0,3.59,-2.39,-0.3,3.54
星帅尔,2022-12-26,12.29,12.92,12.95,12.29,91579,119729277.36,5.39,5.47,0.67,4.18
星帅尔,2022-12-27,12.94,13.03,13.09,12.7,82855,109373647.47,3.02,0.85,0.11,3.78
星帅尔,2022-12-28,13.02,12.78,13.05,12.74,56532,74290942.62,2.38,-1.92,-0.25,2.58
星帅尔,2022-12-29,12.69,12.7,12.9,12.58,45287,59212007.94,2.5,-0.63,-0.08,2.07
星帅尔,2022-12-30,12.72,12.7,13.04,12.66,55150,72290374.82,2.99,0.0,0.0,2.52
星帅尔,2023-01-03,12.69,13.08,13.13,12.6,78496,103975754.72,4.17,2.99,0.38,3.58
星帅尔,2023-01-04,12.98,13.08,13.33,12.9,65893,88149969.76,3.29,0.0,0.0,3.01
星帅尔,2023-01-05,13.08,13.72,13.77,12.92,137324,188726462.7,6.5,4.89,0.64,6.26
星帅尔,2023-01-06,14.05,14.08,14.35,13.69,186340,268101251.08,4.81,2.62,0.36,8.5
星帅尔,2023-01-09,14.17,14.5,14.65,13.87,163501,239273349.67,5.54,2.98,0.42,7.46
星帅尔,2023-01-10,14.4,14.31,14.62,14.09,102788,150258454.85,3.66,-1.31,-0.19,4.69
星帅尔,2023-01-11,14.53,14.05,14.6,13.97,94298,137330757.55,4.4,-1.82,-0.26,4.3
星帅尔,2023-01-12,14.09,14.08,14.35,14.01,74385,107666688.84,2.42,0.21,0.03,3.39
星帅尔,2023-01-13,14.1,13.87,14.18,13.7,75269,106986725.88,3.41,-1.49,-0.21,3.43
星帅尔,2023-01-16,13.98,14.36,14.5,13.75,112195,163141226.28,5.41,3.53,0.49,5.12
星帅尔,2023-01-17,14.32,14.48,14.75,14.28,72076,106376464.1,3.27,0.84,0.12,3.29
星帅尔,2023-01-18,14.38,14.37,14.55,14.2,54147,79253286.96,2.42,-0.76,-0.11,2.47
星帅尔,2023-01-19,14.25,14.19,14.36,14.1,44416,64341221.86,1.81,-1.25,-0.18,2.03
星帅尔,2023-01-20,14.25,14.17,14.32,14.1,43027,62381877.21,1.55,-0.14,-0.02,1.96
星帅尔,2023-01-30,14.26,14.4,14.63,14.25,76213,112609198.53,2.68,1.62,0.23,3.48
星帅尔,2023-01-31,14.4,14.81,14.85,14.2,103055,154172745.08,4.51,2.85,0.41,4.7
星帅尔,2023-02-01,14.7,14.69,14.87,14.4,87261,129982088.84,3.17,-0.81,-0.12,3.98
星帅尔,2023-02-02,14.69,14.44,14.69,14.25,87520,128734174.01,3.0,-1.7,-0.25,3.99
星帅尔,2023-02-03,14.43,14.23,14.43,14.0,61678,89309563.79,2.98,-1.45,-0.21,2.81
星帅尔,2023-02-06,14.1,14.16,14.3,14.03,38754,56061345.02,1.9,-0.49,-0.07,1.77
星帅尔,2023-02-07,14.17,14.14,14.58,14.06,74562,108425085.53,3.67,-0.14,-0.02,3.4
星帅尔,2023-02-08,14.15,15.58,15.58,14.0,357429,555163420.93,11.17,10.18,1.44,16.3
星帅尔,2023-02-09,15.68,15.43,15.96,15.3,419091,665439094.62,4.24,-0.96,-0.15,19.11
星帅尔,2023-02-10,15.23,15.67,15.88,15.23,306516,486229238.34,4.21,1.56,0.24,13.98
星帅尔,2023-02-13,15.33,15.38,15.73,15.25,171534,269499589.86,3.06,-1.85,-0.29,7.82
星帅尔,2023-02-14,15.72,15.56,15.9,15.26,253536,402310528.36,4.16,1.17,0.18,11.56
星帅尔,2023-02-15,15.43,15.48,15.56,15.23,151494,237727501.38,2.12,-0.51,-0.08,6.91
星帅尔,2023-02-16,15.3,14.58,15.4,14.36,192839,294226148.36,6.72,-5.81,-0.9,8.79
星帅尔,2023-02-17,14.6,14.5,14.86,14.45,110780,165420783.55,2.81,-0.55,-0.08,5.05
星帅尔,2023-02-20,14.32,14.63,14.63,14.14,91068,133706301.06,3.38,0.9,0.13,4.15
星帅尔,2023-02-21,14.59,14.83,15.33,14.48,145664,220677149.44,5.81,1.37,0.2,6.64
星帅尔,2023-02-22,14.5,14.73,14.83,14.38,95415,142575729.49,3.03,-0.67,-0.1,4.35
星帅尔,2023-02-23,14.83,14.87,15.0,14.65,96841,146515920.01,2.38,0.95,0.14,4.42
星帅尔,2023-02-24,14.95,14.65,14.99,14.41,83736,125296392.38,3.9,-1.48,-0.22,3.82
星帅尔,2023-02-27,14.66,14.73,15.05,14.42,111671,168676687.45,4.3,0.55,0.08,5.09
星帅尔,2023-02-28,14.74,14.64,14.84,14.36,96419,143067615.35,3.26,-0.61,-0.09,4.4
星帅尔,2023-03-01,14.64,14.94,15.05,14.55,121669,184106871.44,3.42,2.05,0.3,5.55
星帅尔,2023-03-02,14.78,14.53,14.78,14.36,150415,222392532.83,2.81,-2.74,-0.41,6.86
星帅尔,2023-03-03,14.49,14.32,14.54,14.19,69541,101871197.44,2.41,-1.45,-0.21,3.17
星帅尔,2023-03-06,14.31,14.21,14.32,13.89,79683,114895453.92,3.0,-0.77,-0.11,3.63
星帅尔,2023-03-07,14.21,13.88,14.23,13.85,52368,74996303.69,2.67,-2.32,-0.33,2.39
星帅尔,2023-03-08,13.78,13.9,14.04,13.75,34481,48978288.65,2.09,0.14,0.02,1.57
星帅尔,2023-03-09,13.91,13.86,13.96,13.84,33185,47064111.33,0.86,-0.29,-0.04,1.51
星帅尔,2023-03-10,13.8,13.46,13.84,13.46,57040,79113891.76,2.74,-2.89,-0.4,2.6
星帅尔,2023-03-13,13.34,13.5,13.63,13.3,32184,44296509.12,2.45,0.3,0.04,1.47
星帅尔,2023-03-14,13.45,13.2,13.45,13.07,44175,59736518.16,2.81,-2.22,-0.3,2.01
星帅尔,2023-03-15,13.28,13.28,13.45,13.25,27690,37788773.0,1.52,0.61,0.08,1.26
星帅尔,2023-03-16,13.28,12.96,13.28,12.96,34512,46193744.37,2.41,-2.41,-0.32,1.57
星帅尔,2023-03-17,13.15,13.07,13.2,12.95,36955,49340043.88,1.93,0.85,0.11,1.69
星帅尔,2023-03-20,13.07,13.22,13.3,12.85,47223,63272412.46,3.44,1.15,0.15,2.15
星帅尔,2023-03-21,13.22,13.53,13.54,13.15,43603,59641776.63,2.95,2.34,0.31,1.99
星帅尔,2023-03-22,13.53,13.51,13.62,13.38,34841,48032434.22,1.77,-0.15,-0.02,1.59
星帅尔,2023-03-23,13.5,13.52,13.59,13.37,35134,48412082.53,1.63,0.07,0.01,1.6
星帅尔,2023-03-24,13.52,13.44,13.62,13.34,35342,48755475.39,2.07,-0.59,-0.08,1.61
星帅尔,2023-03-27,13.43,13.42,13.52,13.36,35653,48949085.93,1.19,-0.15,-0.02,1.63
星帅尔,2023-03-28,13.42,13.2,13.45,13.19,36365,49444526.84,1.94,-1.64,-0.22,1.66
星帅尔,2023-03-29,13.24,13.34,13.4,13.21,27220,37091017.86,1.44,1.06,0.14,1.24
星帅尔,2023-03-30,13.28,13.09,13.33,13.03,35142,47175821.92,2.25,-1.87,-0.25,1.6
星帅尔,2023-03-31,13.12,13.34,13.37,13.03,40221,54583458.52,2.6,1.91,0.25,1.83
星帅尔,2023-04-03,13.37,13.34,13.39,13.2,32229,43806348.23,1.42,0.0,0.0,1.47
星帅尔,2023-04-04,13.35,12.92,13.35,12.89,69378,92322179.6,3.45,-3.15,-0.42,3.16
星帅尔,2023-04-06,12.93,12.93,13.01,12.8,31932,42127674.64,1.63,0.08,0.01,1.46
星帅尔,2023-04-07,12.95,13.04,13.08,12.93,26237,34991194.2,1.16,0.85,0.11,1.2
星帅尔,2023-04-10,13.39,13.16,13.48,13.1,52518,71349548.33,2.91,0.92,0.12,2.4
星帅尔,2023-04-11,13.16,13.02,13.19,12.93,30006,39891479.24,1.98,-1.06,-0.14,1.37
星帅尔,2023-04-12,13.02,12.94,13.08,12.87,26161,34653293.8,1.61,-0.61,-0.08,1.19
星帅尔,2023-04-13,12.93,12.82,12.99,12.8,27558,36290286.08,1.47,-0.93,-0.12,1.26
星帅尔,2023-04-14,12.7,12.72,12.84,12.68,35630,46412562.34,1.25,-0.78,-0.1,1.62
星帅尔,2023-04-17,12.67,12.79,12.94,12.66,27410,35931294.09,2.2,0.55,0.07,1.25
星帅尔,2023-04-18,12.72,13.03,13.03,12.72,40164,52951006.23,2.42,1.88,0.24,1.83
星帅尔,2023-04-19,13.04,12.8,13.06,12.72,38474,50451919.35,2.61,-1.77,-0.23,1.75
星帅尔,2023-04-20,12.74,12.56,12.78,12.43,31317,40301431.2,2.73,-1.88,-0.24,1.43
星帅尔,2023-04-21,12.55,12.18,12.68,12.17,38821,49315181.98,4.06,-3.03,-0.38,1.77
星帅尔,2023-04-24,12.18,12.25,12.44,12.12,21668,27275731.16,2.63,0.57,0.07,0.99
星帅尔,2023-04-25,12.32,11.86,12.32,11.62,36675,44747892.68,5.71,-3.18,-0.39,1.67
星帅尔,2023-04-26,11.95,12.23,12.33,11.75,37931,47186645.73,4.89,3.12,0.37,1.73
星帅尔,2023-04-27,12.2,12.31,12.4,12.1,30604,38445265.2,2.45,0.65,0.08,1.4
星帅尔,2023-04-28,12.36,12.83,12.91,12.32,54547,70937850.04,4.79,4.22,0.52,2.49
星帅尔,2023-05-04,12.8,12.94,12.98,12.7,34355,45225231.05,2.18,0.86,0.11,1.57
星帅尔,2023-05-05,12.86,12.65,12.92,12.57,38653,50135850.56,2.7,-2.24,-0.29,1.76
星帅尔,2023-05-08,12.65,12.5,12.85,12.47,32899,42266566.0,3.0,-1.19,-0.15,1.5
星帅尔,2023-05-09,12.5,12.26,12.59,12.25,28451,35990781.49,2.72,-1.92,-0.24,1.3
星帅尔,2023-05-10,12.21,12.52,12.62,12.16,32138,40944195.6,3.75,2.12,0.26,1.47
星帅尔,2023-05-11,12.54,12.53,12.64,12.33,23098,29540811.16,2.48,0.08,0.01,1.05
星帅尔,2023-05-12,12.51,12.49,12.66,12.45,21727,27850801.76,1.68,-0.32,-0.04,0.99
星帅尔,2023-05-15,12.49,12.73,12.77,12.41,27869,36175757.08,2.88,1.92,0.24,1.27
星帅尔,2023-05-16,12.74,12.88,12.91,12.67,33752,44358037.83,1.89,1.18,0.15,1.54
星帅尔,2023-05-17,12.83,12.97,12.98,12.78,33477,44181676.64,1.55,0.7,0.09,1.54
星帅尔,2023-05-18,12.88,12.97,13.11,12.86,29154,38697924.05,1.93,0.0,0.0,1.34
星帅尔,2023-05-19,13.0,13.13,13.23,12.92,42128,56494236.56,2.39,1.23,0.16,1.94
星帅尔,2023-05-22,13.1,13.16,13.18,13.03,29353,39394074.34,1.14,0.23,0.03,1.35
星帅尔,2023-05-23,13.2,13.15,13.25,13.02,30188,40676408.41,1.75,-0.08,-0.01,1.39
星帅尔,2023-05-24,13.04,13.23,13.34,13.04,29483,39938826.13,2.28,0.61,0.08,1.36
星帅尔,2023-05-25,13.22,13.5,13.55,13.12,67393,92520510.53,3.25,2.04,0.27,3.1
星帅尔,2023-05-26,13.49,13.28,13.49,13.09,45435,61475897.8,2.96,-1.63,-0.22,2.09
星帅尔,2023-05-29,13.26,13.12,13.35,12.99,33596,44734131.8,2.71,-1.2,-0.16,1.55
星帅尔,2023-05-30,13.15,13.19,13.25,13.05,21913,29246241.39,1.52,0.53,0.07,1.01
星帅尔,2023-05-31,13.2,13.17,13.28,12.99,30162,40156077.6,2.2,-0.15,-0.02,1.39
星帅尔,2023-06-01,13.04,12.99,13.15,12.94,29360,38855406.3,1.59,-1.37,-0.18,1.35
星帅尔,2023-06-02,12.96,13.26,13.3,12.96,31015,41588511.66,2.62,2.08,0.27,1.43
星帅尔,2023-06-05,13.35,13.25,13.38,12.98,37892,50654461.66,3.02,-0.08,-0.01,1.75
星帅尔,2023-06-06,13.2,13.05,13.26,13.0,28673,38155301.47,1.96,-1.51,-0.2,1.32
星帅尔,2023-06-07,13.23,13.04,13.24,12.96,29402,38950405.6,2.15,-0.08,-0.01,1.35
星帅尔,2023-06-08,13.03,12.87,13.14,12.78,36924,48386919.68,2.76,-1.3,-0.17,1.7
星帅尔,2023-06-09,12.87,12.88,12.96,12.78,32143,41947121.2,1.4,0.08,0.01,1.48
星帅尔,2023-06-12,12.98,13.13,13.15,12.83,64750,85622982.23,2.48,1.94,0.25,2.98
星帅尔,2023-06-13,13.03,13.06,13.18,12.92,66619,88097679.15,1.98,-0.53,-0.07,3.07
星帅尔,2023-06-14,12.67,12.45,12.69,12.21,94323,119049025.02,3.68,-4.67,-0.61,4.35
星帅尔,2023-06-15,12.45,12.85,12.89,12.37,73533,95263914.49,4.18,3.21,0.4,3.39
星帅尔,2023-06-16,12.81,12.97,12.98,12.71,41866,54563313.67,2.1,0.93,0.12,1.93
星帅尔,2023-06-19,12.97,12.95,13.1,12.86,38441,50685126.01,1.85,-0.15,-0.02,1.77
星帅尔,2023-06-20,12.99,12.82,12.99,12.78,29203,38111764.84,1.62,-1.0,-0.13,1.35
星帅尔,2023-06-21,12.89,12.75,13.04,12.7,31936,41767546.85,2.65,-0.55,-0.07,1.47
星帅尔,2023-06-26,12.56,12.57,12.92,12.51,37252,47995081.62,3.22,-1.41,-0.18,1.72
星帅尔,2023-06-27,12.5,12.93,12.96,12.49,34502,45027376.5,3.74,2.86,0.36,1.59
星帅尔,2023-06-28,12.92,12.85,12.95,12.64,24233,31497860.0,2.4,-0.62,-0.08,1.12
星帅尔,2023-06-29,12.81,13.12,13.17,12.81,53114,70473450.32,2.8,2.1,0.27,2.45
星帅尔,2023-06-30,13.12,13.28,13.33,13.07,42847,57586536.98,1.98,1.22,0.16,1.97
星帅尔,2023-07-03,13.28,13.29,13.41,13.24,35148,47497281.02,1.28,0.08,0.01,1.62
星帅尔,2023-07-04,13.34,13.36,13.48,13.21,30398,41270366.92,2.03,0.53,0.07,1.4
星帅尔,2023-07-05,13.4,13.3,13.48,13.26,29623,40122821.75,1.65,-0.45,-0.06,1.36
星帅尔,2023-07-06,13.29,13.33,13.37,13.18,30058,40596260.48,1.43,0.23,0.03,1.38
星帅尔,2023-07-07,13.33,13.26,13.39,13.25,27130,36649952.55,1.05,-0.53,-0.07,1.25
星帅尔,2023-07-10,13.33,13.37,13.41,13.23,26201,35522370.38,1.36,0.83,0.11,1.21
星帅尔,2023-07-11,13.4,13.41,13.44,13.31,26305,35751741.63,0.97,0.3,0.04,1.21
星帅尔,2023-07-12,13.43,13.5,13.64,13.38,47412,65171917.76,1.94,0.67,0.09,2.18
星帅尔,2023-07-13,13.5,13.53,13.78,13.45,51958,71660845.36,2.44,0.22,0.03,2.39
星帅尔,2023-07-14,13.47,13.32,13.48,13.3,39922,54179819.82,1.33,-1.55,-0.21,1.84
星帅尔,2023-07-17,13.5,13.43,13.69,13.3,81592,111267668.34,2.93,0.83,0.11,3.76
星帅尔,2023-07-18,13.5,14.11,14.25,13.4,197764,278609226.99,6.33,5.06,0.68,9.11
星帅尔,2023-07-19,14.1,13.77,14.37,13.57,180968,252959267.12,5.67,-2.41,-0.34,8.34
星帅尔,2023-07-20,13.8,13.33,13.89,13.31,114722,158229888.55,4.21,-3.2,-0.44,5.28
星帅尔,2023-07-21,13.29,13.16,13.44,13.15,60638,81894902.86,2.18,-1.28,-0.17,2.79
星帅尔,2023-07-24,13.11,12.96,13.18,12.93,45278,59881797.16,1.9,-1.52,-0.2,2.09
星帅尔,2023-07-25,13.1,13.36,13.38,13.1,57404,77388688.86,2.16,3.09,0.4,2.64
星帅尔,2023-07-26,13.37,13.23,13.45,13.14,36175,48698276.6,2.32,-0.97,-0.13,1.67
星帅尔,2023-07-27,13.81,13.01,13.9,12.96,75450,101212594.8,7.11,-1.66,-0.22,3.48
星帅尔,2023-07-28,12.93,13.07,13.15,12.83,51921,68796302.98,2.46,0.46,0.06,2.39
星帅尔,2023-07-31,13.16,13.3,13.33,13.08,41734,56110448.36,1.91,1.76,0.23,1.85
星帅尔,2023-08-01,13.37,13.21,13.37,13.1,33375,44680527.9,2.03,-0.68,-0.09,1.48
星帅尔,2023-08-02,13.15,13.13,13.2,13.08,21352,28460320.56,0.91,-0.61,-0.08,0.94
星帅尔,2023-08-03,13.08,13.2,13.28,13.02,27753,37125670.0,1.98,0.53,0.07,1.23
星帅尔,2023-08-04,13.23,13.13,13.28,13.06,28892,38513724.2,1.67,-0.53,-0.07,1.28
星帅尔,2023-08-07,13.08,13.09,13.18,13.01,18607,24774447.59,1.29,-0.3,-0.04,0.82
星帅尔,2023-08-08,13.1,12.91,13.12,12.88,26073,34274444.79,1.83,-1.38,-0.18,1.14
星帅尔,2023-08-09,12.85,12.85,12.93,12.78,22591,29490530.4,1.16,-0.46,-0.06,0.99
星帅尔,2023-08-10,12.8,12.92,13.01,12.8,21887,28669200.0,1.63,0.54,0.07,0.96
星帅尔,2023-08-11,12.93,12.72,12.93,12.71,29417,38256302.42,1.7,-1.55,-0.2,1.29
星帅尔,2023-08-14,12.76,12.76,12.78,12.55,26676,34273030.4,1.81,0.31,0.04,1.17
星帅尔,2023-08-15,12.73,12.61,12.84,12.53,28647,36745271.0,2.43,-1.18,-0.15,1.26
星帅尔,2023-08-16,12.65,12.48,12.66,12.46,18612,23710035.26,1.59,-1.03,-0.13,0.82
星帅尔,2023-08-17,12.4,12.59,12.61,12.3,31305,39631041.6,2.48,0.88,0.11,1.37
星帅尔,2023-08-18,12.8,12.87,13.15,12.76,96963,128211900.73,3.1,2.22,0.28,4.25
星帅尔,2023-08-21,12.94,13.09,13.33,12.82,84686,113310332.15,3.96,1.71,0.22,3.71
星帅尔,2023-08-22,13.05,12.86,13.18,12.57,60863,79365915.56,4.66,-1.76,-0.23,2.67
星帅尔,2023-08-23,12.83,12.51,12.86,12.5,36186,46334989.37,2.8,-2.72,-0.35,1.59
星帅尔,2023-08-24,12.52,12.49,12.62,12.25,37824,47827181.67,2.96,-0.16,-0.02,1.66
星帅尔,2023-08-25,12.41,12.11,12.49,12.03,45686,56743178.8,3.68,-3.04,-0.38,2.0
星帅尔,2023-08-28,12.79,12.4,12.84,12.34,60145,76724827.04,4.13,2.39,0.29,2.64
星帅尔,2023-08-29,12.32,12.77,12.81,12.32,49726,64062193.28,3.95,2.98,0.37,2.18
星帅尔,2023-08-30,12.78,12.89,13.02,12.71,39025,51189578.0,2.43,0.94,0.12,1.71
星帅尔,2023-08-31,12.88,12.71,12.89,12.68,30135,39006371.0,1.63,-1.4,-0.18,1.32
星帅尔,2023-09-01,12.78,12.82,12.9,12.61,35351,45868043.02,2.28,0.87,0.11,1.55
星帅尔,2023-09-04,12.88,13.05,13.06,12.79,44006,57946702.64,2.11,1.79,0.23,1.93
星帅尔,2023-09-05,12.95,13.08,13.16,12.95,32656,43300890.6,1.61,0.23,0.03,1.43
星帅尔,2023-09-06,13.01,13.11,13.15,12.96,25121,33384710.6,1.45,0.23,0.03,1.1
星帅尔,2023-09-07,13.1,12.83,13.14,12.81,25486,33469760.16,2.52,-2.14,-0.28,1.12
星帅尔,2023-09-08,12.82,12.81,12.9,12.73,18137,23611600.66,1.33,-0.16,-0.02,0.8
星帅尔,2023-09-11,12.81,12.9,12.93,12.72,25363,33100848.2,1.64,0.7,0.09,1.11
星帅尔,2023-09-12,12.93,12.9,12.94,12.76,21091,27573487.6,1.4,0.0,0.0,0.92
星帅尔,2023-09-13,12.9,12.61,12.92,12.52,26955,34688477.0,3.1,-2.25,-0.29,1.18
星帅尔,2023-09-14,12.56,12.41,12.61,12.33,28190,35589970.45,2.22,-1.59,-0.2,1.24
星帅尔,2023-09-15,12.49,12.44,12.56,12.3,22953,28958164.4,2.1,0.24,0.03,1.01
星帅尔,2023-09-18,12.43,13.05,13.2,12.31,95943,126546874.67,7.15,4.9,0.61,4.21
星帅尔,2023-09-19,13.0,12.66,13.0,12.53,51706,66778185.62,3.6,-2.99,-0.39,2.27
星帅尔,2023-09-20,12.55,12.58,12.85,12.55,32837,42376847.68,2.37,-0.63,-0.08,1.44
星帅尔,2023-09-21,12.55,12.44,12.65,12.41,29777,37753631.5,1.91,-1.11,-0.14,1.31
星帅尔,2023-09-22,12.45,12.73,12.76,12.35,29143,37354979.01,3.3,2.33,0.29,1.28
星帅尔,2023-09-25,12.73,12.61,12.8,12.53,27872,35724695.43,2.12,-0.94,-0.12,1.22
星帅尔,2023-09-26,12.6,12.62,12.75,12.57,21623,27756172.6,1.43,0.08,0.01,0.95
星帅尔,2023-09-27,12.61,12.83,12.93,12.53,42023,54755649.45,3.17,1.66,0.21,1.85
星帅尔,2023-09-28,12.85,12.95,12.98,12.79,26255,34449064.48,1.48,0.94,0.12,1.15
星帅尔,2023-10-09,12.94,12.99,13.01,12.86,30317,39825826.8,1.16,0.31,0.04,1.47
星帅尔,2023-10-10,12.97,12.87,13.1,12.83,28403,37210784.8,2.08,-0.92,-0.12,1.38
星帅尔,2023-10-11,12.92,12.8,12.92,12.74,23978,31213422.06,1.4,-0.54,-0.07,1.16
星帅尔,2023-10-12,12.85,12.93,12.96,12.79,29831,39010747.4,1.33,1.02,0.13,1.45
星帅尔,2023-10-13,12.91,12.71,12.93,12.6,30970,39960072.2,2.55,-1.7,-0.22,1.5
星帅尔,2023-10-16,12.76,12.85,13.09,12.7,57532,75011823.08,3.07,1.1,0.14,2.79
星帅尔,2023-10-17,12.97,12.76,12.97,12.67,31596,40886872.0,2.33,-0.7,-0.09,1.53
星帅尔,2023-10-18,12.7,12.65,12.75,12.61,26138,33671305.0,1.1,-0.86,-0.11,1.27
星帅尔,2023-10-19,12.58,12.52,12.72,12.5,27277,34897767.76,1.74,-1.03,-0.13,1.32
星帅尔,2023-10-20,12.51,12.58,12.83,12.49,33482,43095157.58,2.72,0.48,0.06,1.62
星帅尔,2023-10-23,12.48,12.22,12.56,12.12,40933,51206180.4,3.5,-2.86,-0.36,1.98
星帅尔,2023-10-24,12.23,12.61,12.62,12.14,29269,36909316.8,3.93,3.19,0.39,1.42
星帅尔,2023-10-25,12.62,12.72,12.88,12.56,33974,44026157.0,2.54,0.87,0.11,1.65
星帅尔,2023-10-26,12.71,12.88,12.89,12.53,32257,41713734.2,2.83,1.26,0.16,1.56
星帅尔,2023-10-27,12.83,12.86,12.92,12.76,44272,57687218.02,1.24,-0.16,-0.02,2.15
星帅尔,2023-10-30,12.86,12.94,12.94,12.75,44333,57940913.55,1.48,0.62,0.08,2.15
星帅尔,2023-10-31,12.9,12.81,12.96,12.72,33046,43051990.81,1.85,-1.0,-0.13,1.6
星帅尔,2023-11-01,12.78,12.8,12.85,12.65,35788,46420023.4,1.56,-0.08,-0.01,1.73
星帅尔,2023-11-02,12.81,12.55,12.84,12.55,28573,36778163.68,2.27,-1.95,-0.25,1.39
星帅尔,2023-11-03,12.55,12.85,12.89,12.55,39276,51117580.16,2.71,2.39,0.3,1.9
星帅尔,2023-11-06,12.87,13.06,13.08,12.85,52464,69206892.24,1.79,1.63,0.21,2.54
星帅尔,2023-11-07,13.02,13.08,13.11,12.95,40665,53952325.56,1.23,0.15,0.02,1.97
星帅尔,2023-11-08,13.08,12.99,13.08,12.93,42821,56509206.08,1.15,-0.69,-0.09,2.08
星帅尔,2023-11-09,13.03,13.08,13.16,12.97,48901,64796454.7,1.46,0.69,0.09,2.37
星帅尔,2023-11-10,13.02,13.01,13.08,12.93,28559,37702950.2,1.15,-0.54,-0.07,1.38
星帅尔,2023-11-13,13.06,13.05,13.1,12.95,36484,48198186.75,1.15,0.31,0.04,1.77
星帅尔,2023-11-14,13.08,13.0,13.12,12.97,36493,48226584.0,1.15,-0.38,-0.05,1.77
星帅尔,2023-11-15,13.1,13.19,13.25,13.1,52841,70725323.28,1.15,1.46,0.19,2.56
星帅尔,2023-11-16,13.1,12.96,13.14,12.96,43017,56975263.95,1.36,-1.74,-0.23,2.09
星帅尔,2023-11-17,12.96,13.2,13.2,12.9,49258,65444522.77,2.31,1.85,0.24,2.39
星帅尔,2023-11-20,13.3,13.22,13.33,13.11,39279,52636211.9,1.67,0.15,0.02,1.9
星帅尔,2023-11-21,13.22,13.06,13.28,13.06,35453,47381175.62,1.66,-1.21,-0.16,1.72
星帅尔,2023-11-22,13.12,12.85,13.15,12.83,43095,56642876.92,2.45,-1.61,-0.21,2.09
星帅尔,2023-11-23,12.87,13.05,13.09,12.81,29383,38657037.2,2.18,1.56,0.2,1.42
星帅尔,2023-11-24,13.01,12.86,13.06,12.81,31728,41542074.0,1.92,-1.46,-0.19,1.54
星帅尔,2023-11-27,12.8,12.94,12.96,12.77,30409,39757566.34,1.48,0.62,0.08,1.47
星帅尔,2023-11-28,12.91,13.02,13.07,12.86,28886,38148125.74,1.62,0.62,0.08,1.4
星帅尔,2023-11-29,13.04,13.02,13.12,12.98,26685,35372443.19,1.08,0.0,0.0,1.29
星帅尔,2023-11-30,13.16,12.99,13.18,12.84,38369,50573673.13,2.61,-0.23,-0.03,1.86
星帅尔,2023-12-01,12.95,12.83,12.95,12.73,42158,54859891.03,1.69,-1.23,-0.16,2.04
星帅尔,2023-12-04,12.85,12.7,12.91,12.67,37758,48961051.9,1.87,-1.01,-0.13,1.83
星帅尔,2023-12-05,12.6,12.49,12.72,12.48,32393,41382495.9,1.89,-1.65,-0.21,1.57
星帅尔,2023-12-06,12.42,12.48,12.65,12.4,36668,46773897.4,2.0,-0.08,-0.01,1.78
星帅尔,2023-12-07,12.65,12.47,12.65,12.3,44559,56181318.76,2.8,-0.08,-0.01,2.16
星帅尔,2023-12-08,12.46,12.38,12.55,12.36,29862,37770841.98,1.52,-0.72,-0.09,1.45
星帅尔,2023-12-11,12.32,12.47,12.49,12.2,46222,58238486.42,2.34,0.73,0.09,2.24
星帅尔,2023-12-12,12.46,12.44,12.53,12.34,26554,33537488.64,1.52,-0.24,-0.03,1.29
星帅尔,2023-12-13,12.4,12.34,12.48,12.29,23035,28941213.25,1.53,-0.8,-0.1,1.12
星帅尔,2023-12-14,12.38,12.29,12.46,12.28,22179,27858611.5,1.46,-0.41,-0.05,1.08
星帅尔,2023-12-15,12.29,12.23,12.35,12.19,22067,27505217.8,1.3,-0.49,-0.06,1.07
星帅尔,2023-12-18,12.23,12.05,12.3,12.02,34390,42474779.99,2.29,-1.47,-0.18,1.67
星帅尔,2023-12-19,12.05,12.12,12.17,12.0,21642,26597314.75,1.41,0.58,0.07,1.05
星帅尔,2023-12-20,12.17,11.99,12.18,11.99,18926,23256586.65,1.57,-1.07,-0.13,0.92
星帅尔,2023-12-21,12.02,12.25,12.25,11.81,28168,34537918.64,3.67,2.17,0.26,1.37
星帅尔,2023-12-22,12.23,12.18,12.6,12.01,38768,48095802.94,4.82,-0.57,-0.07,1.88
星帅尔,2023-12-25,12.2,12.12,12.38,12.04,35791,44292249.0,2.79,-0.49,-0.06,1.74
星帅尔,2023-12-26,12.09,11.98,12.18,11.92,23045,28115442.6,2.15,-1.16,-0.14,1.12
星帅尔,2023-12-27,11.93,12.08,12.13,11.89,20250,24678176.96,2.0,0.83,0.1,0.98
星帅尔,2023-12-28,12.04,12.54,12.6,11.98,72460,91648623.96,5.13,3.81,0.46,3.51
星帅尔,2023-12-29,12.55,12.75,12.76,12.43,55776,71567409.0,2.63,1.67,0.21,2.7
星帅尔,2024-01-02,12.81,12.8,12.86,12.7,55225,71848910.8,1.25,0.39,0.05,2.68
星帅尔,2024-01-03,12.79,12.84,12.88,12.71,41672,54192816.88,1.33,0.31,0.04,2.02
星帅尔,2024-01-04,12.8,12.85,12.88,12.75,30189,39332575.0,1.01,0.08,0.01,1.46
星帅尔,2024-01-05,12.79,12.65,12.89,12.56,40219,51921023.76,2.57,-1.56,-0.2,1.95
星帅尔,2024-01-08,12.57,12.43,12.69,12.41,34091,43483793.5,2.21,-1.74,-0.22,1.65
星帅尔,2024-01-09,12.44,12.58,12.73,12.37,37664,48001146.8,2.9,1.21,0.15,1.83
星帅尔,2024-01-10,12.54,12.53,12.75,12.39,34502,44178654.5,2.86,-0.4,-0.05,1.67
星帅尔,2024-01-11,12.51,12.7,12.77,12.49,37170,47781009.0,2.23,1.36,0.17,1.8
星帅尔,2024-01-12,12.67,12.72,12.89,12.63,41469,53702973.0,2.05,0.16,0.02,2.01
星帅尔,2024-01-15,12.65,12.59,12.75,12.53,35035,44908294.87,1.73,-1.02,-0.13,1.7
星帅尔,2024-01-16,12.59,12.67,12.73,12.45,36546,46719711.76,2.22,0.64,0.08,1.77
星帅尔,2024-01-17,12.62,12.31,12.65,12.31,28711,36444373.0,2.68,-2.84,-0.36,1.39
星帅尔,2024-01-18,12.26,12.22,12.36,11.84,68789,84298685.8,4.22,-0.73,-0.09,3.33
星帅尔,2024-01-19,12.22,11.98,12.33,11.96,36564,44974539.11,3.03,-1.96,-0.24,1.77
星帅尔,2024-01-22,11.96,10.8,11.97,10.76,76224,87672366.23,10.1,-9.85,-1.18,3.7
星帅尔,2024-01-23,10.76,10.68,10.92,10.41,57976,63026702.01,4.72,-1.11,-0.12,2.81
星帅尔,2024-01-24,10.81,10.52,10.83,10.16,79131,84238574.88,6.27,-1.5,-0.16,3.84
星帅尔,2024-01-25,10.51,10.77,10.79,10.39,65531,70811249.37,3.8,2.38,0.25,3.18
星帅尔,2024-01-26,10.78,10.65,10.97,10.58,45486,49995606.21,3.62,-1.11,-0.12,2.21
星帅尔,2024-01-29,10.66,10.12,10.7,10.08,57096,59858873.2,5.82,-4.98,-0.53,2.77
星帅尔,2024-01-30,10.13,9.79,10.22,9.77,45282,46049567.08,4.45,-3.26,-0.33,2.2
星帅尔,2024-01-31,9.76,9.26,9.89,9.25,63788,61991318.82,6.54,-5.41,-0.53,3.09
星帅尔,2024-02-01,9.2,9.1,9.36,8.93,55647,52050437.65,4.64,-1.73,-0.16,2.7
星帅尔,2024-02-02,9.1,8.55,9.3,8.19,71463,63606787.39,12.2,-6.04,-0.55,3.46
星帅尔,2024-02-05,8.5,7.68,8.5,7.68,81731,65398078.8,9.59,-10.18,-0.87,3.96
星帅尔,2024-02-06,7.2,7.62,7.97,6.89,124131,92999456.01,14.06,-0.78,-0.06,6.02
星帅尔,2024-02-07,7.57,7.38,7.69,7.26,97353,74495221.27,5.64,-3.15,-0.24,4.72
星帅尔,2024-02-08,7.45,8.14,8.14,7.3,91935,72629941.53,11.38,10.3,0.76,4.46
星帅尔,2024-02-19,8.25,8.78,8.93,8.25,107321,95180096.55,8.35,7.86,0.64,5.2
星帅尔,2024-02-20,8.76,8.85,8.88,8.54,53191,47616683.53,3.87,0.8,0.07,2.58
星帅尔,2024-02-21,8.83,9.08,9.47,8.69,64473,60158910.3,8.81,2.6,0.23,3.13
星帅尔,2024-02-22,9.09,9.23,9.27,9.09,44835,42059980.02,1.98,1.65,0.15,2.17
星帅尔,2024-02-23,9.34,9.5,9.51,9.16,55331,52838190.37,3.79,2.93,0.27,2.68
星帅尔,2024-02-26,9.6,9.8,9.92,9.6,76954,76656578.09,3.37,3.16,0.3,3.73
星帅尔,2024-02-27,9.73,9.93,9.94,9.62,54192,54218370.48,3.27,1.33,0.13,2.63
星帅尔,2024-02-28,9.99,9.23,10.23,9.22,111689,111024976.89,10.17,-7.05,-0.7,5.41
星帅尔,2024-02-29,9.1,9.56,9.58,9.1,65641,63204494.28,5.2,3.58,0.33,3.18
星帅尔,2024-03-01,9.52,9.65,9.65,9.41,52073,50804822.16,2.51,0.94,0.09,2.52
星帅尔,2024-03-04,9.76,9.64,9.8,9.48,51998,51138428.2,3.32,-0.1,-0.01,2.52
星帅尔,2024-03-05,9.51,9.37,9.6,9.32,44016,42503120.33,2.9,-2.8,-0.27,2.13
星帅尔,2024-03-06,9.37,9.6,9.75,9.29,50781,49495524.89,4.91,2.45,0.23,2.46
星帅尔,2024-03-07,9.64,9.47,9.78,9.42,39069,38139608.31,3.75,-1.35,-0.13,1.89
星帅尔,2024-03-08,9.4,9.6,9.63,9.38,30607,29876604.87,2.64,1.37,0.13,1.48
星帅尔,2024-03-11,9.65,9.9,9.92,9.62,63908,63616711.92,3.13,3.13,0.3,3.1
星帅尔,2024-03-12,9.9,9.96,9.98,9.78,47645,48154473.53,2.02,0.61,0.06,2.31
星帅尔,2024-03-13,10.0,10.11,10.18,9.92,50483,51668840.2,2.61,1.51,0.15,2.45
星帅尔,2024-03-14,10.02,9.99,10.11,9.82,41370,42188984.36,2.87,-1.19,-0.12,2.01
星帅尔,2024-03-15,9.98,10.07,10.07,9.91,45624,46570554.53,1.6,0.8,0.08,2.21
星帅尔,2024-03-18,10.12,10.22,10.24,10.09,57801,59876512.26,1.49,1.49,0.15,2.8
星帅尔,2024-03-19,10.22,10.23,10.34,10.16,35818,37452937.89,1.76,0.1,0.01,1.74
星帅尔,2024-03-20,10.25,10.28,10.35,10.2,38799,40604849.35,1.47,0.49,0.05,1.88
星帅尔,2024-03-21,10.29,10.26,10.37,10.07,40955,42683064.17,2.92,-0.19,-0.02,1.99
星帅尔,2024-03-22,10.2,10.06,10.25,9.98,46406,47626715.57,2.63,-1.95,-0.2,2.25
星帅尔,2024-03-25,10.06,9.79,10.13,9.75,42937,43570099.6,3.78,-2.68,-0.27,2.08
星帅尔,2024-03-26,9.81,9.83,9.92,9.57,36204,36125128.2,3.58,0.41,0.04,1.76
星帅尔,2024-03-27,9.86,9.5,9.95,9.5,35324,34875396.66,4.58,-3.36,-0.33,1.71
星帅尔,2024-03-28,9.5,9.75,9.88,9.48,39886,39513740.5,4.21,2.63,0.25,1.93
星帅尔,2024-03-29,10.2,9.99,10.2,9.8,68677,70336993.94,4.1,2.46,0.24,3.33
星帅尔,2024-04-01,10.08,10.22,10.22,10.03,48124,49736945.21,1.9,2.3,0.23,2.33
星帅尔,2024-04-02,10.28,10.26,10.31,10.15,50152,52414642.49,1.57,0.39,0.04,2.43
星帅尔,2024-04-03,10.22,10.19,10.28,10.1,31890,33078779.44,1.75,-0.68,-0.07,1.55
星帅尔,2024-04-08,10.12,9.87,10.17,9.82,39220,39952292.16,3.43,-3.14,-0.32,1.9
星帅尔,2024-04-09,9.87,10.08,10.1,9.83,34337,35004029.7,2.74,2.13,0.21,1.66
星帅尔,2024-04-10,10.2,9.68,10.2,9.56,70967,70925912.0,6.35,-3.97,-0.4,3.44
星帅尔,2024-04-11,9.58,9.48,9.65,9.34,63670,61754719.5,3.2,-2.07,-0.2,3.09
星帅尔,2024-04-12,9.48,9.59,9.77,9.48,59624,58758221.95,3.06,1.16,0.11,2.89
星帅尔,2024-04-15,9.56,9.1,9.67,8.91,76376,72029978.48,7.92,-5.11,-0.49,3.7
星帅尔,2024-04-16,9.01,8.36,9.01,8.22,86108,74426669.9,8.68,-8.13,-0.74,4.17
星帅尔,2024-04-17,8.61,9.2,9.22,8.54,73923,67788848.53,8.13,10.05,0.84,3.58
星帅尔,2024-04-18,9.2,9.14,9.39,8.96,56547,53194372.7,4.67,-0.65,-0.06,2.74
星帅尔,2024-04-19,9.02,9.03,9.23,8.95,49029,45269202.8,3.06,-1.2,-0.11,2.38
星帅尔,2024-04-22,8.96,8.96,9.09,8.75,41784,38153434.59,3.77,-0.78,-0.07,2.03
星帅尔,2024-04-23,9.23,9.25,9.83,9.21,101652,97701932.04,6.92,3.24,0.29,4.93
星帅尔,2024-04-24,9.28,9.34,9.49,9.23,71743,68522175.77,2.81,0.97,0.09,3.48
星帅尔,2024-04-25,9.35,9.56,9.82,9.19,85033,82635565.0,6.75,2.36,0.22,4.12
星帅尔,2024-04-26,9.44,9.59,9.64,9.33,76150,73974409.91,3.24,0.31,0.03,3.69
星帅尔,2024-04-29,9.58,9.89,9.89,9.51,79487,79218055.45,3.96,3.13,0.3,3.85
星帅尔,2024-04-30,9.9,9.83,9.96,9.78,56967,57225901.0,1.82,-0.61,-0.06,2.76
星帅尔,2024-05-06,9.96,9.99,9.99,9.86,60748,61558109.29,1.32,1.63,0.16,2.94
星帅尔,2024-05-07,9.99,9.97,10.01,9.88,43486,44112340.08,1.3,-0.2,-0.02,2.11
星帅尔,2024-05-08,9.95,10.0,10.53,9.91,93942,96954786.43,6.22,0.3,0.03,4.55
星帅尔,2024-05-09,9.95,10.03,10.15,9.95,78459,80415946.4,2.0,0.3,0.03,3.8
星帅尔,2024-05-10,10.05,9.9,10.07,9.86,42305,42840294.28,2.09,-1.3,-0.13,2.05
星帅尔,2024-05-13,9.89,9.8,9.91,9.71,38122,38184268.0,2.02,-1.01,-0.1,1.85
星帅尔,2024-05-14,9.8,9.93,10.0,9.8,47463,48076943.6,2.04,1.33,0.13,2.3
星帅尔,2024-05-15,9.97,9.8,9.97,9.75,31712,31959427.0,2.22,-1.31,-0.13,1.54
星帅尔,2024-05-16,9.84,9.81,9.9,9.77,32697,32803342.72,1.33,0.1,0.01,1.58
星帅尔,2024-05-17,9.79,9.8,9.84,9.69,34379,34220490.76,1.53,-0.1,-0.01,1.67
星帅尔,2024-05-20,9.85,9.8,9.87,9.78,34543,34601007.9,0.92,0.0,0.0,1.67
星帅尔,2024-05-21,9.81,9.68,9.82,9.64,32050,31712772.0,1.84,-1.22,-0.12,1.55
星帅尔,2024-05-22,9.68,9.98,10.01,9.68,61582,62001115.6,3.41,3.1,0.3,2.99
星帅尔,2024-05-23,9.92,9.64,9.94,9.57,61804,60732281.6,3.71,-3.41,-0.34,3.0
星帅尔,2024-05-24,9.65,9.56,9.74,9.53,31480,30696941.06,2.18,-0.83,-0.08,1.53
星帅尔,2024-05-27,9.56,9.61,9.63,9.38,26427,25347783.5,2.62,0.52,0.05,1.28
星帅尔,2024-05-28,9.6,9.49,9.63,9.48,24282,23417203.65,1.56,-1.25,-0.12,1.18
星帅尔,2024-05-29,9.49,9.62,9.76,9.43,40119,39214582.4,3.48,1.37,0.13,1.94
星帅尔,2024-05-30,9.6,9.59,9.84,9.55,30722,29969343.6,3.01,-0.31,-0.03,1.49
星帅尔,2024-05-31,9.59,9.66,9.68,9.53,24882,24199247.14,1.56,0.73,0.07,1.21
星帅尔,2024-06-03,9.63,9.33,9.63,9.26,39650,37650441.0,3.83,-3.42,-0.33,1.93
星帅尔,2024-06-04,9.33,9.21,9.38,9.06,34655,32088863.8,3.43,-1.29,-0.12,1.68
星帅尔,2024-06-05,9.17,8.92,9.2,8.92,37066,33880887.32,3.04,-3.15,-0.29,1.8
星帅尔,2024-06-06,8.95,8.43,9.03,8.4,60927,53127948.15,7.06,-5.49,-0.49,2.96
星帅尔,2024-06-07,8.44,8.66,8.74,8.44,42920,37497798.2,3.56,2.73,0.23,2.09
星帅尔,2024-06-11,8.61,8.68,8.7,8.47,31075,27011482.56,2.66,0.23,0.02,1.51
星帅尔,2024-06-12,8.69,8.73,8.8,8.67,25367,22411302.6,1.5,0.58,0.05,1.23
星帅尔,2024-06-13,8.76,8.76,8.82,8.68,20731,18362719.2,1.6,0.34,0.03,1.01
星帅尔,2024-06-14,8.75,8.77,8.82,8.5,27021,23879431.16,3.65,0.11,0.01,1.31
星帅尔,2024-06-17,8.76,8.7,8.85,8.66,22076,19517379.2,2.17,-0.8,-0.07,1.07
星帅尔,2024-06-18,8.74,8.79,8.81,8.62,25337,22427588.0,2.18,1.03,0.09,1.23
星帅尔,2024-06-19,8.79,8.65,8.83,8.65,19346,17068665.0,2.05,-1.59,-0.14,0.94
星帅尔,2024-06-20,8.59,8.33,8.69,8.23,44900,38231001.64,5.32,-3.7,-0.32,2.18
星帅尔,2024-06-21,8.35,8.33,8.44,8.25,22042,18581340.2,2.28,0.0,0.0,1.07
星帅尔,2024-06-24,8.27,7.86,8.27,7.84,43271,34854910.0,5.16,-5.64,-0.47,2.08
星帅尔,2024-06-25,7.88,7.91,8.0,7.84,30323,24345898.41,2.04,0.64,0.05,1.46
星帅尔,2024-06-26,7.91,8.17,8.19,7.82,26133,21249228.4,4.68,3.29,0.26,1.26
星帅尔,2024-06-27,8.18,7.99,8.25,7.99,30385,24889130.01,3.18,-2.2,-0.18,1.46
星帅尔,2024-06-28,7.99,8.09,8.2,7.95,23964,19704843.03,3.13,1.25,0.1,1.05
星帅尔,2024-07-01,8.09,8.16,8.2,7.97,26233,21457499.6,2.84,0.87,0.07,1.15
星帅尔,2024-07-02,8.14,8.12,8.21,8.1,20978,17323149.0,1.35,-0.49,-0.04,0.92
星帅尔,2024-07-03,8.19,8.06,8.23,8.02,20863,17067074.0,2.59,-0.74,-0.06,0.91
星帅尔,2024-07-04,8.08,7.79,8.14,7.74,29556,23561622.6,4.96,-3.35,-0.27,1.29
星帅尔,2024-07-05,7.78,7.87,7.9,7.68,22932,18123765.4,2.82,1.03,0.08,1.0
星帅尔,2024-07-08,7.87,7.57,7.87,7.55,23063,17879633.05,4.07,-3.81,-0.3,1.01
星帅尔,2024-07-09,7.57,7.84,7.85,7.52,32282,25129310.62,4.36,3.57,0.27,1.41
星帅尔,2024-07-10,7.81,7.74,7.91,7.7,22262,17579314.0,2.68,-1.28,-0.1,0.97
星帅尔,2024-07-11,7.89,8.05,8.08,7.86,30766,24866942.0,2.84,4.01,0.31,1.35
星帅尔,2024-07-12,8.06,8.11,8.16,8.0,24753,20301748.0,1.99,0.75,0.06,1.08
星帅尔,2024-07-15,8.11,7.82,8.11,7.77,24878,19805490.4,4.19,-3.58,-0.29,1.09
星帅尔,2024-07-16,7.8,7.83,7.86,7.7,17643,13888232.0,2.05,0.13,0.01,0.77
星帅尔,2024-07-17,7.78,7.71,7.86,7.68,30693,24110045.0,2.3,-1.53,-0.12,1.34
星帅尔,2024-07-18,7.66,7.64,7.68,7.47,32309,24784784.01,2.72,-0.91,-0.07,1.41
星帅尔,2024-07-19,7.59,7.67,7.72,7.56,19186,14878498.8,2.09,0.39,0.03,0.84
星帅尔,2024-07-22,7.68,7.7,7.76,7.6,20849,16262894.0,2.09,0.39,0.03,0.91
星帅尔,2024-07-23,7.65,7.49,7.76,7.49,20262,15666426.93,3.51,-2.73,-0.21,0.89
星帅尔,2024-07-24,7.48,7.32,7.54,7.28,39666,29700233.73,3.47,-2.27,-0.17,1.73
星帅尔,2024-07-25,7.32,7.47,7.61,7.27,26416,19933462.36,4.64,2.05,0.15,1.16
星帅尔,2024-07-26,7.55,7.76,7.86,7.5,38253,29947806.76,4.82,3.88,0.29,1.67
星帅尔,2024-07-29,7.79,7.7,7.8,7.6,33544,26203359.8,2.58,-0.77,-0.06,1.47
星帅尔,2024-07-30,7.68,7.72,7.77,7.63,20642,16112726.78,1.82,0.26,0.02,0.9
星帅尔,2024-07-31,7.79,7.99,7.99,7.69,34336,27459500.4,3.89,3.5,0.27,1.5
星帅尔,2024-08-01,7.99,7.98,8.08,7.94,33082,26846089.0,1.75,-0.13,-0.01,1.45
星帅尔,2024-08-02,7.95,7.85,8.0,7.82,28177,22584056.8,2.26,-1.63,-0.13,1.23
星帅尔,2024-08-05,7.81,7.61,7.93,7.61,26361,20742001.0,4.08,-3.06,-0.24,1.15
星帅尔,2024-08-06,7.63,7.8,7.88,7.63,27393,21601696.08,3.29,2.5,0.19,1.2
星帅尔,2024-08-07,7.82,7.91,8.07,7.77,29672,23746935.74,3.85,1.41,0.11,1.3
星帅尔,2024-08-08,7.89,7.88,7.95,7.7,27869,22092810.08,3.16,-0.38,-0.03,1.22
星帅尔,2024-08-09,7.91,7.78,7.96,7.77,18754,14909047.16,2.41,-1.27,-0.1,0.82
星帅尔,2024-08-12,7.83,7.73,7.83,7.69,19500,15312585.0,1.8,-0.64,-0.05,0.85
星帅尔,2024-08-13,7.69,7.82,7.82,7.61,19562,15313262.6,2.72,1.16,0.09,0.86
星帅尔,2024-08-14,7.82,7.75,7.9,7.72,15974,12573486.6,2.3,-0.9,-0.07,0.7
星帅尔,2024-08-15,7.74,7.8,7.85,7.62,24503,19257258.87,2.97,0.65,0.05,1.07
星帅尔,2024-08-16,7.75,7.72,7.86,7.66,19702,15433413.0,2.56,-1.03,-0.08,0.86
星帅尔,2024-08-19,7.65,7.65,7.77,7.62,16743,13025009.33,1.94,-0.91,-0.07,0.73
星帅尔,2024-08-20,7.68,7.45,7.68,7.37,30590,23178438.0,4.05,-2.61,-0.2,1.34
星帅尔,2024-08-21,7.26,7.1,7.26,7.05,57750,41726221.4,2.82,-4.7,-0.35,2.53
星帅尔,2024-08-22,7.09,7.04,7.14,6.98,30496,21796824.42,2.25,-0.85,-0.06,1.33
星帅尔,2024-08-23,7.05,6.95,7.05,6.86,32069,22557464.0,2.7,-1.28,-0.09,1.4
星帅尔,2024-08-26,6.9,7.11,7.18,6.9,29145,20943203.52,4.03,2.3,0.16,1.27
星帅尔,2024-08-27,7.08,6.95,7.13,6.93,22564,16026484.01,2.81,-2.25,-0.16,0.99
星帅尔,2024-08-28,6.93,7.05,7.12,6.9,35945,25575438.16,3.17,1.44,0.1,1.57
星帅尔,2024-08-29,7.03,7.25,7.28,7.0,34289,24950822.0,3.97,2.84,0.2,1.5
星帅尔,2024-08-30,7.28,7.35,7.43,7.21,37208,27713341.0,3.03,1.38,0.1,1.63
星帅尔,2024-09-02,7.35,7.26,7.41,7.24,23249,17271615.6,2.31,-1.22,-0.09,1.02
星帅尔,2024-09-03,7.25,7.31,7.37,7.21,19633,14508632.23,2.2,0.69,0.05,0.86
星帅尔,2024-09-04,7.25,7.31,7.38,7.25,21658,16053697.8,1.78,0.0,0.0,0.95
星帅尔,2024-09-05,7.36,7.31,7.37,7.28,17272,12817645.8,1.23,0.0,0.0,0.76
星帅尔,2024-09-06,7.3,7.14,7.31,7.1,21666,15780738.0,2.87,-2.33,-0.17,0.95
星帅尔,2024-09-09,7.12,7.1,7.18,7.04,20617,14830714.32,1.96,-0.56,-0.04,0.9
星帅尔,2024-09-10,7.1,7.13,7.16,7.0,22894,16420557.0,2.25,0.42,0.03,1.0
星帅尔,2024-09-11,7.13,7.11,7.2,7.06,15661,11325895.55,1.96,-0.28,-0.02,0.68
星帅尔,2024-09-12,7.11,7.15,7.31,7.11,23529,17220935.6,2.81,0.56,0.04,1.03
星帅尔,2024-09-13,7.14,6.95,7.19,6.94,24169,17208172.44,3.5,-2.8,-0.2,1.06
星帅尔,2024-09-18,7.0,6.86,7.0,6.75,20463,14200215.9,3.6,-1.29,-0.09,0.89
星帅尔,2024-09-19,6.88,7.06,7.08,6.78,27080,19224702.0,4.37,2.92,0.2,1.18
星帅尔,2024-09-20,7.08,7.01,7.08,6.91,18766,13276821.98,2.41,-0.71,-0.05,0.82
星帅尔,2024-09-23,7.0,6.98,7.03,6.91,21125,14949732.36,1.71,-0.43,-0.03,0.92
星帅尔,2024-09-24,7.03,7.27,7.27,6.99,38693,28011968.34,4.01,4.15,0.29,1.69
星帅尔,2024-09-25,7.35,7.34,7.48,7.33,37794,28338799.45,2.06,0.96,0.07,1.65
星帅尔,2024-09-26,7.36,7.56,7.57,7.31,36356,27488572.48,3.54,3.0,0.22,1.59
星帅尔,2024-09-27,7.68,7.91,8.05,7.63,71849,56924496.02,5.56,4.63,0.35,3.14
星帅尔,2024-09-30,8.2,8.71,8.71,8.02,138109,118142993.49,8.72,10.11,0.8,4.72
星帅尔,2024-10-08,9.59,9.59,9.59,9.11,173724,166195316.37,5.51,10.1,0.88,5.93
星帅尔,2024-10-09,9.4,8.84,9.41,8.75,130087,120276209.33,6.88,-7.82,-0.75,4.44
星帅尔,2024-10-10,9.02,8.9,9.13,8.81,66064,60062335.29,3.62,0.68,0.06,2.26
星帅尔,2024-10-11,8.84,8.45,8.89,8.35,65819,57126675.87,6.07,-5.06,-0.45,2.25
星帅尔,2024-10-14,8.45,8.55,8.59,8.26,47263,40520021.85,3.91,1.18,0.1,1.61
星帅尔,2024-10-15,8.54,8.45,8.62,8.43,37475,32342877.72,2.22,-1.17,-0.1,1.28
星帅尔,2024-10-16,8.32,8.3,8.45,8.22,34560,29134139.58,2.72,-1.78,-0.15,1.18
星帅尔,2024-10-17,8.3,8.2,8.47,8.18,38936,32806981.0,3.49,-1.2,-0.1,1.33
星帅尔,2024-10-18,8.18,8.42,8.58,8.14,48776,41308851.36,5.37,2.68,0.22,1.67
星帅尔,2024-10-21,8.42,8.44,8.53,8.38,48354,41382117.18,1.78,0.24,0.02,1.65
星帅尔,2024-10-22,8.49,8.69,8.7,8.4,56455,49119030.74,3.55,2.96,0.25,1.93
星帅尔,2024-10-23,8.66,8.95,9.1,8.64,115883,105123708.66,5.29,2.99,0.26,3.96
星帅尔,2024-10-24,8.8,8.64,8.85,8.6,61149,53733583.92,2.79,-3.46,-0.31,2.09
星帅尔,2024-10-25,8.62,8.93,8.98,8.62,66630,59685588.7,4.17,3.36,0.29,2.28
星帅尔,2024-10-28,9.0,9.04,9.05,8.88,78214,70789930.56,1.9,1.23,0.11,2.67
星帅尔,2024-10-29,9.03,8.81,9.06,8.79,53117,47702953.14,2.99,-2.54,-0.23,1.81
星帅尔,2024-10-30,8.75,8.75,8.87,8.63,41120,36345920.11,2.72,-0.68,-0.06,1.4
星帅尔,2024-10-31,8.73,8.92,9.0,8.73,57429,51702770.6,3.09,1.94,0.17,1.96
星帅尔,2024-11-01,8.88,8.58,8.92,8.57,54904,48214254.93,3.92,-3.81,-0.34,1.87
星帅尔,2024-11-04,8.6,8.82,8.85,8.58,35263,31231309.54,3.15,2.8,0.24,1.2
星帅尔,2024-11-05,8.84,8.92,8.94,8.77,55366,49712069.78,1.93,1.13,0.1,1.89
星帅尔,2024-11-06,8.93,8.95,9.05,8.86,55162,50006341.8,2.13,0.34,0.03,1.88
星帅尔,2024-11-07,8.96,9.2,9.23,8.94,77394,71482740.64,3.24,2.79,0.25,2.64
星帅尔,2024-11-08,9.25,9.12,9.34,9.08,68546,63457090.12,2.83,-0.87,-0.08,2.34
星帅尔,2024-11-11,9.12,9.35,9.35,9.07,68169,63657572.28,3.07,2.52,0.23,2.33
星帅尔,2024-11-12,9.36,9.26,9.45,9.2,66461,62785202.35,2.67,-0.96,-0.09,2.27
星帅尔,2024-11-13,9.25,9.3,9.38,9.03,45051,41926337.56,3.78,0.43,0.04,1.54
星帅尔,2024-11-14,9.25,9.09,9.35,9.06,40350,37374090.2,3.12,-2.26,-0.21,1.38
星帅尔,2024-11-15,9.01,8.98,9.19,8.96,45954,42210231.18,2.53,-1.21,-0.11,1.57
星帅尔,2024-11-18,9.0,8.82,9.03,8.78,38969,34965694.44,2.78,-1.78,-0.16,1.33
星帅尔,2024-11-19,8.84,9.19,9.19,8.84,40895,37290354.83,3.97,4.2,0.37,1.4
星帅尔,2024-11-20,9.19,9.25,9.28,9.13,33131,30843267.12,1.63,0.65,0.06,1.13
星帅尔,2024-11-21,9.29,9.29,9.4,9.17,41092,38680075.63,2.49,0.43,0.04,1.4
星帅尔,2024-11-22,9.3,9.0,9.33,8.98,35817,33161388.1,3.77,-3.12,-0.29,1.22
星帅尔,2024-11-25,9.06,9.26,9.26,8.95,34448,31854738.64,3.44,2.89,0.26,1.18
星帅尔,2024-11-26,9.26,9.1,9.4,9.09,31680,29516782.25,3.35,-1.73,-0.16,1.08
星帅尔,2024-11-27,9.1,9.23,9.23,8.85,40881,37365732.22,4.18,1.43,0.13,1.4
星帅尔,2024-11-28,9.21,9.2,9.32,9.14,39866,37270943.63,1.95,-0.33,-0.03,1.36
星帅尔,2024-11-29,9.22,9.35,9.39,9.16,60060,56646273.75,2.5,1.63,0.15,2.05
星帅尔,2024-12-02,9.28,9.54,9.56,9.22,67408,64148698.1,3.64,2.03,0.19,2.3
星帅尔,2024-12-03,9.57,9.53,9.58,9.4,48719,46795993.2,1.89,-0.1,-0.01,1.66
星帅尔,2024-12-04,9.49,9.4,9.58,9.3,51434,49087117.2,2.94,-1.36,-0.13,1.76
星帅尔,2024-12-05,9.38,10.35,10.35,9.36,211513,214830631.2,10.53,10.11,0.95,7.22
星帅尔,2024-12-06,10.55,10.18,10.67,10.14,296325,310229175.85,5.12,-1.64,-0.17,10.12
星帅尔,2024-12-09,10.18,10.26,10.35,10.0,144085,148597254.01,3.44,0.79,0.08,4.92
星帅尔,2024-12-10,10.5,10.16,10.59,10.14,140135,146869358.35,4.39,-0.97,-0.1,4.79
星帅尔,2024-12-11,10.16,10.05,10.3,9.97,78433,79554005.0,3.25,-1.08,-0.11,2.68
星帅尔,2024-12-12,10.06,11.07,11.07,10.03,161095,174011470.49,10.35,10.15,1.02,5.5
星帅尔,2024-12-13,11.12,10.73,11.28,10.68,300294,332804757.85,5.42,-3.07,-0.34,10.25
星帅尔,2024-12-16,10.68,10.49,10.79,10.38,137871,146353363.15,3.82,-2.24,-0.24,4.71
星帅尔,2024-12-17,10.48,9.94,10.48,9.91,107675,109914697.47,5.43,-5.24,-0.55,3.68
星帅尔,2024-12-18,9.93,9.94,10.17,9.73,82533,82889966.14,4.43,0.0,0.0,2.82
星帅尔,2024-12-19,9.82,9.92,10.0,9.68,62481,62062830.02,3.22,-0.2,-0.02,2.13
星帅尔,2024-12-20,9.94,10.02,10.12,9.93,53861,54631025.48,1.92,1.01,0.1,1.84
星帅尔,2024-12-23,10.06,9.62,10.1,9.56,65057,64212777.94,5.39,-3.99,-0.4,2.22
星帅尔,2024-12-24,9.65,9.86,10.02,9.65,49689,49547181.92,3.85,2.49,0.24,1.7
星帅尔,2024-12-25,9.85,9.66,9.93,9.51,48604,47319851.25,4.26,-2.03,-0.2,1.66
星帅尔,2024-12-26,9.66,9.94,10.01,9.6,48207,48236167.42,4.24,2.9,0.28,1.65
星帅尔,2024-12-27,9.94,9.97,10.02,9.88,39716,40011801.9,1.41,0.3,0.03,1.36
星帅尔,2024-12-30,9.97,10.01,10.05,9.81,32954,33200083.46,2.41,0.4,0.04,1.13
星帅尔,2024-12-31,9.96,9.71,10.05,9.69,42676,42402155.3,3.6,-3.0,-0.3,1.44
星帅尔,2025-01-02,9.7,9.4,9.74,9.3,41517,39926724.4,4.53,-3.19,-0.31,1.4
星帅尔,2025-01-03,9.41,8.88,9.54,8.85,51438,47443983.76,7.34,-5.53,-0.52,1.74
星帅尔,2025-01-06,8.88,8.94,9.03,8.58,32935,29432786.87,5.07,0.68,0.06,1.11
星帅尔,2025-01-07,9.02,9.28,9.3,8.88,41950,38511634.74,4.7,3.8,0.34,1.42
星帅尔,2025-01-08,9.25,9.23,9.33,8.99,34439,31835841.82,3.66,-0.54,-0.05,1.17
星帅尔,2025-01-09,9.3,9.56,9.79,9.26,59261,57289081.3,5.74,3.58,0.33,2.01
星帅尔,2025-01-10,9.47,9.19,9.67,9.18,49045,46743783.2,5.13,-3.87,-0.37,1.66
星帅尔,2025-01-13,9.06,9.09,9.23,8.92,23537,21593717.2,3.37,-1.09,-0.1,0.8
星帅尔,2025-01-14,9.1,9.38,9.38,9.07,32240,30309418.29,3.41,3.19,0.29,1.09
星帅尔,2025-01-15,9.37,9.4,9.56,9.27,27800,26448777.34,3.09,0.21,0.02,0.94
星帅尔,2025-01-16,9.49,9.88,10.02,9.46,89521,88713256.91,5.96,5.11,0.48,3.03
星帅尔,2025-01-17,9.79,9.8,10.0,9.73,64785,64279695.0,2.73,-0.81,-0.08,2.19
星帅尔,2025-01-20,9.81,9.71,9.91,9.71,45659,45119751.0,2.04,-0.92,-0.09,1.54
星帅尔,2025-01-21,9.75,9.73,9.79,9.63,33228,32527636.28,1.65,0.21,0.02,1.12
星帅尔,2025-01-22,9.73,9.64,9.75,9.59,20986,20443562.88,1.64,-0.92,-0.09,0.71
星帅尔,2025-01-23,9.72,9.64,9.88,9.63,36037,35475801.4,2.59,0.0,0.0,1.22
星帅尔,2025-01-24,9.65,9.7,9.72,9.58,30577,29849639.14,1.45,0.62,0.06,1.03
星帅尔,2025-01-27,9.77,9.78,9.92,9.67,32913,32570830.62,2.58,0.82,0.08,1.11
星帅尔,2025-02-05,9.77,9.72,9.88,9.58,23869,23442826.44,3.07,-0.61,-0.06,0.81
星帅尔,2025-02-06,9.72,9.83,9.83,9.65,38004,37518287.79,1.85,1.13,0.11,1.29
星帅尔,2025-02-07,9.87,9.98,10.25,9.82,76715,77688961.63,4.37,1.53,0.15,2.6
星帅尔,2025-02-10,9.96,10.06,10.07,9.89,54372,54821277.21,1.8,0.8,0.08,1.84
星帅尔,2025-02-11,10.04,10.0,10.08,9.93,32789,33118297.98,1.49,-0.6,-0.06,1.11
星帅尔,2025-02-12,10.0,9.99,10.04,9.89,32101,32302695.23,1.5,-0.1,-0.01,1.09
星帅尔,2025-02-13,9.96,9.81,10.0,9.8,31997,31872391.34,2.0,-1.8,-0.18,1.08
星帅尔,2025-02-14,9.8,9.82,9.92,9.78,32266,32060954.4,1.43,0.1,0.01,1.09
星帅尔,2025-02-17,9.83,9.94,10.1,9.81,39522,39763824.65,2.95,1.22,0.12,1.34
星帅尔,2025-02-18,9.96,10.0,10.18,9.92,69970,71147660.0,2.62,0.6,0.06,2.37
星帅尔,2025-02-19,9.94,10.17,10.26,9.94,48812,50001041.86,3.2,1.7,0.17,1.65
星帅尔,2025-02-20,10.17,10.45,10.51,10.15,100374,105243751.07,3.54,2.75,0.28,3.4
星帅尔,2025-02-21,10.45,10.37,10.48,10.2,74649,77801839.64,2.68,-0.77,-0.08,2.53
星帅尔,2025-02-24,10.44,10.35,10.5,10.24,48774,50817220.33,2.51,-0.19,-0.02,1.65
星帅尔,2025-02-25,10.25,10.36,10.48,10.19,47130,49298479.53,2.8,0.1,0.01,1.59
星帅尔,2025-02-26,10.31,10.6,10.69,10.31,78894,84086706.42,3.67,2.32,0.24,2.67
星帅尔,2025-02-27,10.57,10.49,10.65,10.3,60999,64396167.04,3.3,-1.04,-0.11,2.06
星帅尔,2025-02-28,10.4,10.25,10.48,10.2,42329,44060286.15,2.67,-2.29,-0.24,1.43
星帅尔,2025-03-03,10.28,10.43,10.47,10.21,44201,46293095.0,2.54,1.76,0.18,1.5
星帅尔,2025-03-04,10.44,10.53,10.65,10.24,65775,69675166.91,3.93,0.96,0.1,2.23
星帅尔,2025-03-05,10.6,10.9,10.9,10.53,109389,118624236.59,3.51,3.51,0.37,3.7
星帅尔,2025-03-06,10.79,11.25,11.44,10.79,172346,195643401.86,5.96,3.21,0.35,5.83
星帅尔,2025-03-07,11.22,11.12,11.38,11.06,117730,132991666.5,2.84,-1.16,-0.13,3.98
星帅尔,2025-03-10,11.07,11.0,11.15,10.94,85464,95220277.17,1.89,-1.08,-0.12,2.89
星帅尔,2025-03-11,10.9,10.93,11.03,10.78,64824,71271751.77,2.27,-0.64,-0.07,2.19
星帅尔,2025-03-12,10.91,10.7,10.95,10.64,88684,95964722.9,2.84,-2.1,-0.23,3.0
星帅尔,2025-03-13,10.64,10.59,10.73,10.43,56516,60170843.38,2.8,-1.03,-0.11,1.91
星帅尔,2025-03-14,10.62,10.64,10.83,10.4,103052,110359678.54,4.06,0.47,0.05,3.49
星帅尔,2025-03-17,10.7,10.67,11.19,10.61,104884,114034355.8,5.45,0.28,0.03,3.55
星帅尔,2025-03-18,10.62,10.56,10.82,10.46,87782,93735523.83,3.37,-1.03,-0.11,2.97
星帅尔,2025-03-19,10.46,10.52,10.98,10.19,151226,160017551.48,7.48,-0.38,-0.04,4.61
星帅尔,2025-03-20,10.25,10.09,10.31,10.08,184534,189618602.18,2.19,-4.09,-0.43,5.62
星帅尔,2025-03-21,10.03,9.89,10.15,9.86,124505,125056579.78,2.87,-1.98,-0.2,3.79
星帅尔,2025-03-24,9.88,9.65,9.93,9.43,110708,107981493.48,5.06,-2.43,-0.24,3.37
星帅尔,2025-03-25,9.67,10.0,10.27,9.58,204120,204567869.11,7.15,3.63,0.35,6.22
星帅尔,2025-03-26,9.91,10.11,10.31,9.83,136384,139892109.67,4.8,1.1,0.11,4.16
星帅尔,2025-03-27,10.05,10.22,10.33,9.77,124016,126731224.13,5.54,1.09,0.11,3.78
星帅尔,2025-03-28,10.3,10.15,10.83,10.06,172339,179846646.16,7.53,-0.68,-0.07,5.25
星帅尔,2025-03-31,10.03,10.19,10.31,9.89,126331,129041518.96,4.14,0.39,0.04,3.68
星帅尔,2025-04-01,10.25,10.31,10.48,10.18,99454,103472303.15,2.94,1.18,0.12,2.9
星帅尔,2025-04-02,10.29,10.66,10.77,10.2,186938,199623351.63,5.53,3.39,0.35,5.45
星帅尔,2025-04-03,10.56,10.22,10.58,10.08,148799,155279315.93,4.69,-4.13,-0.44,4.34
星帅尔,2025-04-07,9.61,9.19,9.68,9.19,146247,136712495.96,4.79,-10.08,-1.03,4.26
星帅尔,2025-04-08,9.28,8.51,9.29,8.28,231506,204275909.98,10.99,-7.4,-0.68,6.75
星帅尔,2025-04-09,8.25,8.5,8.55,7.75,155335,127980328.08,9.4,-0.12,-0.01,4.44
星帅尔,2025-04-10,8.72,8.84,8.91,8.67,115080,102361618.95,2.82,4.0,0.34,3.29
星帅尔,2025-04-11,8.73,8.8,8.99,8.7,79052,70735442.21,3.28,-0.45,-0.04,2.26
星帅尔,2025-04-14,9.13,9.38,9.57,8.95,132374,124556353.64,7.05,6.59,0.58,3.79
星帅尔,2025-04-15,9.31,9.49,9.72,9.25,96013,91932077.79,5.01,1.17,0.11,2.75
星帅尔,2025-04-16,9.49,9.22,9.51,9.13,62773,59032752.8,4.0,-2.85,-0.27,1.8
星帅尔,2025-04-17,9.24,9.91,10.1,9.24,187849,187088870.3,9.33,7.48,0.69,5.37
星帅尔,2025-04-18,10.24,10.12,10.67,9.93,232546,240333107.49,7.47,2.12,0.21,6.65
星帅尔,2025-04-21,10.12,10.46,10.58,9.92,192831,199699766.85,6.52,3.36,0.34,5.52
星帅尔,2025-04-22,10.33,10.28,10.38,10.04,132921,136989873.31,3.25,-1.72,-0.18,3.8
星帅尔,2025-04-23,10.47,10.41,10.74,10.31,183432,194608958.21,4.18,1.26,0.13,5.25
星帅尔,2025-04-24,10.32,10.41,10.83,10.23,151818,161274412.7,5.76,0.0,0.0,4.34
星帅尔,2025-04-25,10.33,10.3,10.67,10.25,109083,114104970.74,4.03,-1.06,-0.11,3.12
星帅尔,2025-04-28,10.35,10.31,10.5,10.17,77548,80986774.65,3.2,0.1,0.01,2.22
星帅尔,2025-04-29,10.33,11.04,11.16,10.33,257158,282709926.74,8.05,7.08,0.73,7.35
星帅尔,2025-04-30,11.1,11.75,12.15,11.02,710438,843321788.21,10.24,6.43,0.71,20.32
星帅尔,2025-05-06,11.76,12.94,12.94,11.36,782880,965197010.47,13.45,10.13,1.19,22.39
星帅尔,2025-05-07,12.84,12.7,13.89,12.4,779760,1012157567.8,11.51,-1.85,-0.24,22.3
星帅尔,2025-05-08,13.2,13.43,13.98,13.01,945983,1293164074.59,7.64,5.75,0.73,27.06
星帅尔,2025-05-09,13.2,12.58,13.5,12.35,720503,929717138.72,8.56,-6.33,-0.85,20.61
星帅尔,2025-05-12,12.74,13.85,13.85,12.72,586314,787541805.23,8.98,10.1,1.27,16.77
星帅尔,2025-05-13,13.45,13.82,14.23,13.39,614277,846533151.81,6.06,-0.22,-0.03,17.57
星帅尔,2025-05-14,13.69,13.2,13.69,13.1,354955,476579676.9,4.27,-4.49,-0.62,10.15
星帅尔,2025-05-15,13.21,13.12,13.33,12.7,266262,345558554.57,4.77,-0.61,-0.08,7.62
星帅尔,2025-05-16,12.95,14.21,14.43,12.95,687138,964407399.34,11.28,8.31,1.09,19.65
星帅尔,2025-05-19,14.22,13.68,14.29,13.3,380116,518283136.36,6.97,-3.73,-0.53,10.87
星帅尔,2025-05-20,13.7,13.6,13.72,13.36,190389,257038058.79,2.63,-0.58,-0.08,5.45
星帅尔,2025-05-21,13.6,13.13,13.9,13.0,277716,367731917.28,6.62,-3.46,-0.47,7.94
星帅尔,2025-05-22,13.0,12.76,13.23,12.74,200801,259393926.34,3.73,-2.82,-0.37,5.74
星帅尔,2025-05-23,12.74,12.79,12.96,12.55,169301,216373229.09,3.21,0.24,0.03,4.84
星帅尔,2025-05-26,12.67,12.44,12.67,12.21,211152,261375765.56,3.6,-2.74,-0.35,6.04
星帅尔,2025-05-27,12.33,12.4,12.53,12.02,113689,139865922.06,4.1,-0.32,-0.04,3.25
星帅尔,2025-05-28,12.4,12.25,12.55,12.23,86107,106320484.48,2.58,-1.21,-0.15,2.46
星帅尔,2025-05-29,12.21,12.46,12.84,12.2,183580,229195420.2,5.22,1.71,0.21,5.25
星帅尔,2025-05-30,12.48,12.12,12.6,12.0,221358,269858563.0,4.82,-2.73,-0.34,6.33
星帅尔,2025-06-03,12.15,11.94,12.23,11.7,216319,258280232.81,4.37,-1.49,-0.18,6.19
星帅尔,2025-06-04,12.14,12.08,12.36,12.02,148240,180000578.6,2.85,1.17,0.14,4.24
星帅尔,2025-06-05,12.3,12.8,12.94,11.96,341614,429675540.09,8.11,5.96,0.72,9.77
星帅尔,2025-06-06,13.01,12.84,13.15,12.5,306243,392696405.88,5.08,0.31,0.04,8.76
星帅尔,2025-06-09,12.85,12.65,13.39,12.5,239623,306452354.64,6.93,-1.48,-0.19,6.85
星帅尔,2025-06-10,12.66,12.16,12.86,12.0,226077,277026497.31,6.8,-3.87,-0.49,6.47
星帅尔,2025-06-11,12.16,12.38,12.68,12.16,142793,177409676.8,4.28,1.81,0.22,4.08
星帅尔,2025-06-12,12.4,12.4,12.52,12.17,103789,127655713.85,2.83,0.16,0.02,2.97
星帅尔,2025-06-13,12.22,12.02,12.68,12.01,153348,188297151.8,5.4,-3.06,-0.38,4.39
星帅尔,2025-06-16,12.0,12.4,12.59,11.92,155165,190761334.01,5.57,3.16,0.38,4.44
星帅尔,2025-06-17,12.59,12.29,12.78,12.24,120076,149412926.38,4.35,-0.89,-0.11,3.43
星帅尔,2025-06-18,12.22,12.3,12.37,12.05,91674,111748127.78,2.6,0.08,0.01,2.62
星帅尔,2025-06-19,12.25,12.37,13.0,12.25,277789,350670267.6,6.1,0.57,0.07,7.94
星帅尔,2025-06-20,12.45,12.3,12.73,12.06,185869,229556831.42,5.42,-0.57,-0.07,5.32
星帅尔,2025-06-23,12.15,12.82,12.94,12.08,227017,288363050.83,6.99,4.23,0.52,6.49
星帅尔,2025-06-24,12.87,13.29,13.39,12.82,277478,366872376.05,4.45,3.67,0.47,7.94
星帅尔,2025-06-25,13.29,13.41,13.59,13.15,175896,234774017.89,3.31,0.9,0.12,5.03
星帅尔,2025-06-26,13.32,13.03,13.53,12.95,217023,283758976.05,4.33,-2.83,-0.38,6.21
星帅尔,2025-06-27,13.0,12.81,13.05,12.73,128128,164183137.6,2.46,-1.69,-0.22,3.66
星帅尔,2025-06-30,12.8,13.34,13.38,12.7,170300,223216651.2,5.31,4.14,0.53,4.87
星帅尔,2025-07-01,13.43,13.32,13.47,13.15,106225,141314332.98,2.4,-0.15,-0.02,3.04
星帅尔,2025-07-02,13.25,13.31,13.44,13.04,104622,138505190.72,3.0,-0.08,-0.01,2.99
星帅尔,2025-07-03,13.35,13.05,13.43,12.92,101502,133112820.73,3.83,-1.95,-0.26,2.9
星帅尔,2025-07-04,13.02,12.82,13.05,12.77,87047,112263110.0,2.15,-1.76,-0.23,2.49
星帅尔,2025-07-07,12.89,12.51,12.89,12.47,108025,135652418.66,3.28,-2.42,-0.31,3.09
星帅尔,2025-07-08,12.5,12.57,12.72,12.42,90460,113757166.67,2.4,0.48,0.06,2.59
星帅尔,2025-07-09,12.65,12.31,12.75,12.25,135426,168050732.38,3.98,-2.07,-0.26,3.87
星帅尔,2025-07-10,12.3,12.84,12.91,12.23,203904,256054745.62,5.52,4.31,0.53,5.83
星帅尔,2025-07-11,12.74,12.76,12.84,12.52,109765,139122281.82,2.49,-0.62,-0.08,3.14
星帅尔,2025-07-14,12.74,13.16,13.24,12.7,202968,264759302.46,4.23,3.13,0.4,5.81
星帅尔,2025-07-15,13.19,13.2,13.35,12.97,147034,193654871.2,2.89,0.3,0.04,4.21
星帅尔,2025-07-16,13.11,13.49,13.64,13.0,222453,298400911.94,4.85,2.2,0.29,6.36
星帅尔,2025-07-17,13.46,13.33,13.93,13.33,302944,412545298.0,4.45,-1.19,-0.16,8.66
星帅尔,2025-07-18,13.35,13.21,13.45,13.09,152670,202249624.8,2.7,-0.9,-0.12,4.37
星帅尔,2025-07-21,13.43,13.53,13.98,13.29,262445,356002432.3,5.22,2.42,0.32,7.51
星帅尔,2025-07-22,13.32,13.17,13.5,13.0,187735,248570972.03,3.7,-2.66,-0.36,5.37
星帅尔,2025-07-23,13.25,13.09,13.27,13.04,103537,135975887.05,1.75,-0.61,-0.08,2.96
星帅尔,2025-07-24,13.09,13.31,13.47,13.09,127093,169111317.62,2.9,1.68,0.22,3.63
星帅尔,2025-07-25,13.39,13.19,13.4,12.92,125111,164208791.21,3.61,-0.9,-0.12,3.58
星帅尔,2025-07-28,13.2,12.97,13.36,12.92,117725,153872291.35,3.34,-1.67,-0.22,3.37
星帅尔,2025-07-29,12.92,12.81,12.99,12.59,127391,161850650.07,3.08,-1.23,-0.16,3.64
星帅尔,2025-07-30,12.75,12.56,12.75,12.51,91330,115308286.75,1.87,-1.95,-0.25,2.61
星帅尔,2025-07-31,12.5,12.42,12.66,12.36,93441,116702775.0,2.39,-1.11,-0.14,2.67
星帅尔,2025-08-01,12.4,12.52,12.61,12.36,76961,96065146.39,2.01,0.81,0.1,2.2
星帅尔,2025-08-04,12.64,13.27,13.4,12.52,250333,325255550.95,7.03,5.99,0.75,7.16
星帅尔,2025-08-05,13.29,14.07,14.33,13.23,519460,722641683.32,8.29,6.03,0.8,14.86
星帅尔,2025-08-06,14.1,14.03,14.18,13.8,228778,319450245.95,2.7,-0.28,-0.04,6.54
星帅尔,2025-08-07,14.06,13.9,14.18,13.65,171906,237479468.8,3.78,-0.93,-0.13,4.92
星帅尔,2025-08-08,13.81,13.77,14.03,13.72,116886,161861840.0,2.23,-0.94,-0.13,3.34
星帅尔,2025-08-11,13.74,13.86,14.09,13.58,130676,181252162.16,3.7,0.65,0.09,3.74
星帅尔,2025-08-12,13.91,14.02,14.05,13.61,133994,185740982.1,3.17,1.15,0.16,3.83
星帅尔,2025-08-13,14.01,13.97,14.1,13.83,105542,147422096.95,1.93,-0.36,-0.05,3.02
星帅尔,2025-08-14,14.02,14.36,14.6,13.91,280462,399649725.25,4.94,2.79,0.39,8.02
星帅尔,2025-08-15,14.22,13.93,14.22,13.85,232391,325686065.7,2.58,-2.99,-0.43,6.65
星帅尔,2025-08-18,14.01,14.5,14.69,13.97,269906,388216671.45,5.17,4.09,0.57,7.72
星帅尔,2025-08-19,14.48,14.72,14.9,14.19,215538,312818927.85,4.9,1.52,0.22,6.16
星帅尔,2025-08-20,14.68,14.64,14.79,14.42,122091,177739498.52,2.51,-0.54,-0.08,3.49
星帅尔,2025-08-21,14.75,13.99,14.75,13.95,244550,346096269.4,5.46,-4.44,-0.65,6.99
星帅尔,2025-08-22,14.08,13.98,14.09,13.81,144604,201248203.16,2.0,-0.07,-0.01,4.14
星帅尔,2025-08-25,13.99,13.93,14.15,13.74,170115,236263715.2,2.93,-0.36,-0.05,4.87
星帅尔,2025-08-26,13.9,13.9,14.13,13.78,154248,215841941.03,2.51,-0.22,-0.03,4.41
星帅尔,2025-08-27,13.9,13.38,14.0,13.35,200561,274977536.72,4.68,-3.74,-0.52,5.74
星帅尔,2025-08-28,13.36,13.33,13.55,12.85,190269,250963121.9,5.23,-0.37,-0.05,5.44
星帅尔,2025-08-29,13.31,13.14,13.56,13.1,134043,177965173.4,3.45,-1.43,-0.19,3.83
星帅尔,2025-09-01,13.14,13.14,13.26,13.04,101525,133312765.7,1.67,0.0,0.0,2.9
星帅尔,2025-09-02,13.16,13.02,13.25,12.71,165163,214397462.62,4.11,-0.91,-0.12,4.72
星帅尔,2025-09-03,13.03,12.74,13.13,12.68,96543,124301095.17,3.46,-2.15,-0.28,2.76
星帅尔,2025-09-04,12.75,12.81,13.09,12.57,132934,170362471.01,4.08,0.55,0.07,3.8
星帅尔,2025-09-05,12.81,13.05,13.11,12.75,122398,159168381.83,2.81,1.87,0.24,3.5
星帅尔,2025-09-08,12.81,12.91,13.49,12.68,198774,258331907.09,6.21,-1.07,-0.14,5.69
星帅尔,2025-09-09,12.82,12.62,12.88,12.53,131099,166016324.92,2.71,-2.25,-0.29,3.75
星帅尔,2025-09-10,12.64,12.84,12.99,12.6,117914,151505110.0,3.09,1.74,0.22,3.37
星帅尔,2025-09-11,12.85,12.89,12.95,12.55,103509,132202099.83,3.12,0.39,0.05,2.96
星帅尔,2025-09-12,12.9,12.89,13.19,12.8,112181,145768591.27,3.03,0.0,0.0,3.21
星帅尔,2025-09-15,12.87,12.86,12.99,12.79,72683,93489543.6,1.55,-0.23,-0.03,2.08
星帅尔,2025-09-16,12.9,13.71,13.74,12.87,258586,347785882.17,6.77,6.61,0.85,7.4
星帅尔,2025-09-17,13.76,13.97,14.07,13.55,191280,266201837.61,3.79,1.9,0.26,5.47
星帅尔,2025-09-18,13.97,13.51,14.07,13.42,184749,253740532.49,4.65,-3.29,-0.46,5.28
星帅尔,2025-09-19,13.5,13.67,13.8,13.3,123088,166820389.47,3.7,1.18,0.16,3.52
星帅尔,2025-09-22,13.67,13.61,13.81,13.42,104264,141687086.95,2.85,-0.44,-0.06,2.98
星帅尔,2025-09-23,13.59,13.54,13.7,13.09,105132,140693901.25,4.48,-0.51,-0.07,3.01
星帅尔,2025-09-24,13.44,13.55,13.65,13.34,74023,100102023.34,2.29,0.07,0.01,2.12
星帅尔,2025-09-25,13.55,13.37,13.74,13.36,78621,106224058.17,2.8,-1.33,-0.18,2.25
星帅尔,2025-09-26,13.33,13.25,13.46,13.17,65032,86598836.75,2.17,-0.9,-0.12,1.86
星帅尔,2025-09-29,13.29,13.58,13.61,12.95,112987,151527454.02,4.98,2.49,0.33,3.23
星帅尔,2025-09-30,13.67,13.81,14.07,13.67,143305,198966832.98,2.95,1.69,0.23,4.1
星帅尔,2025-10-09,13.81,13.38,13.87,13.34,138321,186241503.49,3.84,-3.11,-0.43,3.96
星帅尔,2025-10-10,13.39,13.44,14.06,13.38,164777,224477500.4,5.08,0.45,0.06,4.71
星帅尔,2025-10-13,13.08,13.43,13.48,12.78,104956,138300872.99,5.21,-0.07,-0.01,3.0
星帅尔,2025-10-14,13.5,13.62,13.73,13.3,122238,165536858.73,3.2,1.41,0.19,3.5
星帅尔,2025-10-15,13.78,14.34,14.48,13.56,311194,438333049.08,6.75,5.29,0.72,8.9
星帅尔,2025-10-16,14.54,14.51,14.77,14.32,205041,297150709.46,3.14,1.19,0.17,5.86
星帅尔,2025-10-17,14.43,13.85,14.61,13.78,134326,190195836.26,5.72,-4.55,-0.66,3.84
星帅尔,2025-10-20,13.95,14.09,14.22,13.89,83844,117794521.0,2.38,1.73,0.24,2.4
星帅尔,2025-10-21,14.09,13.92,14.13,13.77,110831,154086265.36,2.56,-1.21,-0.17,3.17
星帅尔,2025-10-22,13.89,13.72,14.04,13.66,85403,117791057.72,2.73,-1.44,-0.2,2.44
星帅尔,2025-10-23,13.74,13.51,13.74,13.25,86571,116214132.22,3.57,-1.53,-0.21,2.48
星帅尔,2025-10-24,13.53,13.58,13.78,13.43,67722,92173794.75,2.59,0.52,0.07,1.94
星帅尔,2025-10-27,13.64,14.39,14.6,13.64,247095,351743162.74,7.07,5.96,0.81,7.07
星帅尔,2025-10-28,14.42,14.4,14.5,14.26,140105,201712727.44,1.67,0.07,0.01,4.01
星帅尔,2025-10-29,14.4,14.6,14.65,14.3,158348,229621045.06,2.43,1.39,0.2,4.53
星帅尔,2025-10-30,14.63,14.15,14.82,14.13,140844,201650391.48,4.73,-3.08,-0.45,4.03
星帅尔,2025-10-31,14.29,14.47,14.7,14.28,136368,198087617.67,2.97,2.26,0.32,3.9
星帅尔,2025-11-03,14.4,14.08,14.47,13.85,180331,254332668.34,4.28,-2.7,-0.39,5.16
星帅尔,2025-11-04,14.13,13.66,14.14,13.52,132637,182918291.76,4.4,-2.98,-0.42,3.79
星帅尔,2025-11-05,13.5,13.98,14.07,13.43,110580,153566513.45,4.69,2.34,0.32,3.16
星帅尔,2025-11-06,13.9,14.09,14.2,13.76,103910,145805637.03,3.15,0.79,0.11,2.97
星帅尔,2025-11-07,14.1,14.57,14.69,13.76,240493,344576954.67,6.6,3.41,0.48,6.88
星帅尔,2025-11-10,14.46,15.04,15.15,14.41,339390,506611450.79,5.08,3.23,0.47,9.71
星帅尔,2025-11-11,14.91,14.88,15.04,14.79,138770,206960020.59,1.66,-1.06,-0.16,3.97
星帅尔,2025-11-12,14.81,14.17,14.94,13.69,300641,429241584.14,8.4,-4.77,-0.71,8.6
星帅尔,2025-11-13,14.3,14.16,14.52,14.12,145232,207526508.64,2.82,-0.07,-0.01,4.15
星帅尔,2025-11-14,14.15,15.1,15.48,14.0,354162,529086124.96,10.45,6.64,0.94,10.13
星帅尔,2025-11-17,15.48,15.53,16.07,15.4,391189,613889625.3,4.44,2.85,0.43,11.19
星帅尔,2025-11-18,15.53,15.12,15.68,15.02,183411,279599168.64,4.25,-2.64,-0.41,5.25
星帅尔,2025-11-19,15.1,14.84,15.18,14.66,151819,226280229.14,3.44,-1.85,-0.28,4.34
星帅尔,2025-11-20,14.89,14.64,15.07,14.52,124263,182741632.38,3.71,-1.35,-0.2,3.55
星帅尔,2025-11-21,14.35,13.9,14.88,13.88,210640,298004435.9,6.83,-5.05,-0.74,6.02
星帅尔,2025-11-24,14.13,14.16,14.25,13.55,133101,184610674.62,5.04,1.87,0.26,3.81
星帅尔,2025-11-25,14.16,14.23,14.47,14.1,104148,148598236.96,2.61,0.49,0.07,2.98
星帅尔,2025-11-26,14.23,14.78,15.0,14.12,205435,302557262.71,6.18,3.87,0.55,5.88
星帅尔,2025-11-27,14.9,15.39,15.4,14.72,290070,441873357.4,4.6,4.13,0.61,8.3
星帅尔,2025-11-28,15.38,15.24,15.72,15.07,188457,287573858.18,4.22,-0.97,-0.15,5.39
星帅尔,2025-12-01,15.46,15.64,15.97,15.46,306934,482650559.59,3.35,2.62,0.4,8.78
星帅尔,2025-12-02,15.6,15.32,15.66,15.2,162283,248891486.6,2.94,-2.05,-0.32,4.64
星帅尔,2025-12-03,15.4,16.08,16.18,14.77,370112,577842133.47,9.2,4.96,0.76,10.59
星帅尔,2025-12-04,15.92,15.79,16.0,15.51,210616,332199629.6,3.05,-1.8,-0.29,6.02
星帅尔,2025-12-05,15.79,15.61,16.07,15.52,210641,331818395.82,3.48,-1.14,-0.18,6.02
星帅尔,2025-12-08,14.58,14.69,15.3,14.2,416997,610389310.26,7.05,-5.89,-0.92,11.93
星帅尔,2025-12-09,14.69,14.3,14.83,14.3,193591,279255256.04,3.61,-2.65,-0.39,5.54
星帅尔,2025-12-10,14.31,14.51,14.65,14.26,145156,210269153.48,2.73,1.47,0.21,4.15
星帅尔,2025-12-11,14.52,14.23,14.52,14.1,147994,210829406.97,2.89,-1.93,-0.28,4.23
星帅尔,2025-12-12,14.13,14.29,14.37,13.93,123676,175261285.25,3.09,0.42,0.06,3.54
星帅尔,2025-12-15,14.2,13.88,14.2,13.85,106326,148577260.76,2.45,-2.87,-0.41,3.04
星帅尔,2025-12-16,13.81,13.52,13.9,13.52,90234,123021634.4,2.74,-2.59,-0.36,2.58
星帅尔,2025-12-17,13.5,13.4,13.64,13.15,134829,179893946.69,3.62,-0.89,-0.12,3.86
星帅尔,2025-12-18,13.35,13.2,13.42,13.2,95484,127106861.54,1.64,-1.49,-0.2,2.73
星帅尔,2025-12-19,13.25,13.58,13.61,13.2,80924,108816298.94,3.11,2.88,0.38,2.31
星帅尔,2025-12-22,13.63,13.55,13.67,13.5,52962,71950837.09,1.25,-0.22,-0.03,1.51
星帅尔,2025-12-23,13.51,13.31,13.55,13.27,58853,78567586.85,2.07,-1.77,-0.24,1.68
星帅尔,2025-12-24,13.37,13.68,13.68,13.25,66872,90472183.38,3.23,2.78,0.37,1.91
星帅尔,2025-12-25,13.63,13.72,13.82,13.6,68863,94445165.77,1.61,0.29,0.04,1.97
星帅尔,2025-12-26,13.72,13.57,13.72,13.44,107943,146036546.86,2.04,-1.09,-0.15,3.09
星帅尔,2025-12-29,13.46,13.53,13.56,13.4,65602,88257330.45,1.18,-0.29,-0.04,1.88
星帅尔,2025-12-30,13.43,13.54,13.63,13.36,70987,95895647.0,2.0,0.07,0.01,2.03
星帅尔,2025-12-31,13.54,14.1,14.45,13.38,303255,426723115.8,7.9,4.14,0.56,8.67
星帅尔,2026-01-05,13.95,13.91,13.95,13.5,232113,318443224.16,3.19,-1.35,-0.19,6.64
星帅尔,2026-01-06,13.87,14.1,14.25,13.7,180514,251781753.38,3.95,1.37,0.19,5.16
星帅尔,2026-01-07,14.25,13.91,14.25,13.89,140049,196343506.13,2.55,-1.35,-0.19,4.01
星帅尔,2026-01-08,13.85,14.02,14.04,13.77,109020,151778539.0,1.94,0.79,0.11,3.12
星帅尔,2026-01-09,14.01,14.1,14.53,13.97,185800,264174998.13,3.99,0.57,0.08,5.31
星帅尔,2026-01-12,14.02,14.01,14.1,13.76,212882,296227964.93,2.41,-0.64,-0.09,6.09
星帅尔,2026-01-13,14.05,13.77,14.05,13.7,66281,91711773.05,2.5,-1.71,-0.24,1.9
